<?xml version="1.0" encoding="utf-8" standalone="no"?>
<placeable xmlns:xsi="http://www.w3.org/2001/XMLSchema-instance" type="buyingStation" xsi:noNamespaceSchemaLocation="../../../../shared/xml/schema/placeable.xsd">
    <storeData>
        <name>$l10n_shopItem_limeStation</name>
        <image>$data/placeables/brandless/limeStation/store_limeStation.png</image>
        <price>2000</price>
        <canBeSold>true</canBeSold>
        <showInStore>true</showInStore>
        <lifetime>1000</lifetime>
        <rotation>0</rotation>
        <brand>NONE</brand>
        <species>PLACEABLE</species>
        <category>placeableMisc</category>
        <brush>
            <type>placeable</type>
            <category>buildings</category>
            <tab>containers</tab>
        </brush>
        <vertexBufferMemoryUsage>156928</vertexBufferMemoryUsage>
        <indexBufferMemoryUsage>41216</indexBufferMemoryUsage>
        <textureMemoryUsage>524288</textureMemoryUsage>
        <instanceVertexBufferMemoryUsage>0</instanceVertexBufferMemoryUsage>
        <instanceIndexBufferMemoryUsage>0</instanceIndexBufferMemoryUsage>
        <audioMemoryUsage>0</audioMemoryUsage>
    </storeData>

    <base>
        <filename>limeStation.i3d</filename>
    </base>

    <placement useRandomYRotation="false" useManualYRotation="true">
        <testAreas>
            <testArea startNode="testAreaStart01" endNode="testAreaEnd01"/>
        </testAreas>
    </placement>

    <clearAreas>
        <clearArea startNode="clearAreaStart01" widthNode="clearAreaWidth01" heightNode="clearAreaHeight01"/>
    </clearAreas>

    <leveling requireLeveling="true" maxSmoothDistance="1" maxSlope="75" maxEdgeAngle="30">
        <levelAreas>
            <levelArea startNode="levelAreaStart01" widthNode="levelAreaWidth01" heightNode="levelAreaHeight01" groundType="asphalt"/>
        </levelAreas>
    </leveling>

    <indoorAreas/>

    <ai>
        <updateAreas>
            <updateArea startNode="tipOcclusionUpdateAreaStart01" endNode="tipOcclusionUpdateAreaEnd01"/>
        </updateAreas>
    </ai>

    <tipOcclusionUpdateAreas>
        <tipOcclusionUpdateArea startNode="tipOcclusionUpdateAreaStart01" endNode="tipOcclusionUpdateAreaEnd01"/>
    </tipOcclusionUpdateAreas>

    <buyingStation node="buyingStation" supportsExtension="false">
        <loadTrigger triggerNode="loadingTrigger" fillTypes="LIME FERTILIZER WHEAT BARLEY OAT CANOLA SORGHUM GRAPE OLIVE SUNFLOWER SOYBEAN MAIZE POTATO SUGARBEET SUGARBEET_CUT COTTON SUGARCANE SEEDS LIQUIDFERTILIZER MANURE LIQUIDMANURE DIGESTATE PIGFOOD LIME HERBICIDE SILAGE_ADDITIVE MINERAL_FEED EGG WOOL MILK BUFFALOMILK WATER FORAGE FORAGE_MIXING CHAFF TREESAPLINGS WOODCHIPS SILAGE OILSEEDRADISH POPLAR WOOD GRASS MEADOW GRASS_WINDROW DRYGRASS DRYGRASS_WINDROW STRAW DIESEL DEF METHANE SNOW ROADSALT STONE FLOUR BREAD BUTTER FABRIC SUGAR HONEY CEREAL SUNFLOWER_OIL CANOLA_OIL OLIVE_OIL RAISINS GRAPEJUICE LETTUCE TOMATO STRAWBERRY CHOCOLATE BOARDS" fillLitersPerSecond="7000" infiniteCapacity="true" aiNode="aiNodeLoading">
            <effectNode effectClass="PipeEffect" effectNode="pipeEffect" materialType="pipe" fadeTime="0.5" maxBending="0" shapeScaleSpread="0.8 0.8 1 0" controlPoint="3 0 0 0"/>
            <effectNode effectNode="pipeEffectSmoke" materialType="unloadingSmoke" fadeTime="0.5"/>
        </loadTrigger>
        <fillType name="LIME" priceScale="0.25"/>
        <fillType name="FERTILIZER" priceScale="0.25"/>
        	<fillType name="WHEAT" priceScale="0.25"/>
		<fillType name="BARLEY" priceScale="0.25"/>
		<fillType name="OAT" priceScale="0.25"/>
		<fillType name="CANOLA" priceScale="0.25"/>
		<fillType name="SORGHUM" priceScale="0.25"/>
		<fillType name="GRAPE" priceScale="0.25"/>
		<fillType name="OLIVE" priceScale="0.25"/>
		<fillType name="SUNFLOWER" priceScale="0.25"/>
		<fillType name="SOYBEAN" priceScale="0.25"/>
		<fillType name="MAIZE" priceScale="0.25"/>
		<fillType name="POTATO" priceScale="0.25"/>
		<fillType name="SUGARBEET" priceScale="0.25"/>
		<fillType name="SUGARBEET_CUT" priceScale="0.25"/>
		<fillType name="COTTON" priceScale="0.25"/>
		<fillType name="SUGARCANE" priceScale="0.25"/>
		<fillType name="SEEDS" priceScale="0.25"/>
		<fillType name="FERTILIZER" priceScale="0.25"/>
		<fillType name="LIQUIDFERTILIZER" priceScale="0.25"/>
		<fillType name="MANURE" priceScale="0.25"/>
		<fillType name="LIQUIDMANURE" priceScale="0.25"/>
		<fillType name="DIGESTATE" priceScale="0.25"/>
		<fillType name="PIGFOOD" priceScale="0.25"/>
		<fillType name="LIME" priceScale="0.25"/>
		<fillType name="HERBICIDE" priceScale="0.25"/>
		<fillType name="SILAGE_ADDITIVE" priceScale="0.25"/>
		<fillType name="MINERAL_FEED" priceScale="0.25"/>
		<fillType name="EGG" priceScale="0.25"/>
		<fillType name="WOOL" priceScale="0.25"/>
		<fillType name="MILK" priceScale="0.25"/>
		<fillType name="WATER" priceScale="0.25"/>
		<fillType name="FORAGE" priceScale="0.25"/>
		<fillType name="FORAGE_MIXING" priceScale="0.25"/>
		<fillType name="CHAFF" priceScale="0.25"/>
		<fillType name="TREESAPLINGS" priceScale="0.25"/>
		<fillType name="WOODCHIPS" priceScale="0.25"/>
		<fillType name="SILAGE" priceScale="0.25"/>
		<fillType name="OILSEEDRADISH" priceScale="0.25"/>
		<fillType name="POPLAR" priceScale="0.25"/>
		<fillType name="WOOD" priceScale="0.25"/>
		<fillType name="GRASS" priceScale="0.25"/>
		<fillType name="MEADOW" priceScale="0.25"/>
		<fillType name="GRASS_WINDROW" priceScale="0.25"/>
		<fillType name="DRYGRASS" priceScale="0.25"/>
		<fillType name="DRYGRASS_WINDROW" priceScale="0.25"/>
		<fillType name="STRAW" priceScale="0.25"/>
		<fillType name="DIESEL" priceScale="0.25"/>
		<fillType name="DEF" priceScale="0.25"/>
		<fillType name="METHANE" priceScale="0.25"/>
		<fillType name="SNOW" priceScale="0.25"/>
		<fillType name="ROADSALT" priceScale="0.25"/>
		<fillType name="STONE" priceScale="0.25"/>
		<fillType name="FLOUR" priceScale="0.25"/>
		<fillType name="BREAD" priceScale="0.25"/>
		<fillType name="BUTTER" priceScale="0.25"/>
		<fillType name="FABRIC" priceScale="0.25"/>
		<fillType name="SUGAR" priceScale="0.25"/>
		<fillType name="HONEY" priceScale="0.25"/>
		<fillType name="CEREAL" priceScale="0.25"/>
		<fillType name="SUNFLOWER_OIL" priceScale="0.25"/>
		<fillType name="CANOLA_OIL" priceScale="0.25"/>
		<fillType name="OLIVE_OIL" priceScale="0.25"/>
		<fillType name="RAISINS" priceScale="0.25"/>
		<fillType name="GRAPEJUICE" priceScale="0.25"/>
		<fillType name="LETTUCE" priceScale="0.25"/>
		<fillType name="TOMATO" priceScale="0.25"/>
		<fillType name="STRAWBERRY" priceScale="0.25"/>
		<fillType name="CHOCOLATE" priceScale="0.25"/>
		<fillType name="BOARDS" priceScale="0.25"/>
		<fillType name="BUFFALOMILK" priceScale="0.25"/>
		
		<fillType name="CRACKEDCORN" priceScale="0.25"/>
		<fillType name="CORNMEAL" priceScale="0.25"/>
		<fillType name="CRISPS" priceScale="0.25"/>
		<fillType name="KETCHUP" priceScale="0.25"/>
		<fillType name="SALAD" priceScale="0.25"/>
		<fillType name="SYRUP" priceScale="0.25"/>
		<fillType name="PELLETS" priceScale="0.25"/>
		<fillType name="SOYMILK" priceScale="0.25"/>
		<fillType name="FOOD" priceScale="0.25"/>
		<fillType name="OBJECT" priceScale="0.25"/>
		<fillType name="LIQUID" priceScale="0.25"/>
		<fillType name="REP" priceScale="0.25"/>
		<fillType name="FRENCHFRIES" priceScale="0.25"/>
		<fillType name="SORTEDPOTATOES" priceScale="0.25"/>
		<fillType name="NOODLES" priceScale="0.25"/>
		<fillType name="TOMATOSAUCE" priceScale="0.25"/>
		<fillType name="MIXSALAD" priceScale="0.25"/>
		<fillType name="OATDRINK" priceScale="0.25"/>
		<fillType name="OATMEAL" priceScale="0.25"/>
		<fillType name="POPCORN" priceScale="0.25"/>
		<fillType name="SOYDRINK" priceScale="0.25"/>
		<fillType name="STRAWBERRYICECREAM" priceScale="0.25"/>
		<fillType name="DONUT_GLAZED" priceScale="0.25"/>
		<fillType name="DONUT_STRAWBERRY" priceScale="0.25"/>
		<fillType name="DONUT_CHOCOLATE" priceScale="0.25"/>
		<fillType name="DONUTS" priceScale="0.25"/>
		<fillType name="MAPLESYRUP" priceScale="0.25"/>
		<fillType name="WASTEPOTATO" priceScale="0.25"/>
		<fillType name="SEEDPOTATO" priceScale="0.25"/>
		<fillType name="PREMIUMPOTATO" priceScale="0.25"/>
		<fillType name="PREMIUMBAGGED" priceScale="0.25"/>
		<fillType name="BAGGEDSEEDPOTATO" priceScale="0.25"/>
		<fillType name="EMPTYPALLET" priceScale="0.25"/>
		<fillType name="PAPER" priceScale="0.25"/>
		<fillType name="CARDBOARD" priceScale="0.25"/>
		<fillType name="OATMILK" priceScale="0.25"/>
		<fillType name="SOYACUISINE" priceScale="0.25"/>
		<fillType name="SKYR" priceScale="0.25"/>
		<fillType name="TOFU" priceScale="0.25"/>
		<fillType name="TOFUROSSO" priceScale="0.25"/>
		<fillType name="SMOKEDTOFU" priceScale="0.25"/>
		<fillType name="BEAMS" priceScale="0.25"/>
		<fillType name="EMPTYBARREL" priceScale="0.25"/>
		<fillType name="BARKMULCH" priceScale="0.25"/>
		<fillType name="CAKE" priceScale="0.25"/>
		<fillType name="CHEESE" priceScale="0.25"/>
		<fillType name="CRISPS" priceScale="0.25"/>
		<fillType name="FRENCHFRIES" priceScale="0.25"/>
		<fillType name="KETCHUP" priceScale="0.25"/>
		<fillType name="SALAD" priceScale="0.25"/>
		<fillType name="SYRUP" priceScale="0.25"/>
		<fillType name="MAPLESYRUP" priceScale="0.25"/>
		<fillType name="SOYMILK" priceScale="0.25"/>
		<fillType name="FOOD" priceScale="0.25"/>
		<fillType name="LIQUID" priceScale="0.25"/>
		<fillType name="NOODLES" priceScale="0.25"/>
		<fillType name="TOMATOSAUCE" priceScale="0.25"/>
		<fillType name="MIXSALAD" priceScale="0.25"/>
		<fillType name="SOYDRINK" priceScale="0.25"/>
		<fillType name="STRAWBERRYICECREAM" priceScale="0.25"/>
		<fillType name="DONUT_GLAZED" priceScale="0.25"/>
		<fillType name="DONUT_STRAWBERRY" priceScale="0.25"/>
		<fillType name="DONUT_CHOCOLATE" priceScale="0.25"/>
		<fillType name="DONUTS" priceScale="0.25"/>
		<fillType name="TOFU" priceScale="0.25"/>
		<fillType name="TOFUROSSO" priceScale="0.25"/>
		<fillType name="SMOKEDTOFU" priceScale="0.25"/>
		<fillType name="CAKE" priceScale="0.25"/>
		<fillType name="CHEESE" priceScale="0.25"/>
		<fillType name="CLOTHES" priceScale="0.25"/>
		<fillType name="FURNITURE" priceScale="0.25"/>
		<fillType name="COFFEE" priceScale="0.25"/>
		<fillType name="ROASTED_COFFEE" priceScale="0.25"/>
		<fillType name="MINERAL" priceScale="0.25"/>
		<fillType name="ALMOND" priceScale="0.25"/>
		<fillType name="CLEAN_OLIVE" priceScale="0.25"/>
		<fillType name="OLIVES_LEAVES" priceScale="0.25"/>
		<fillType name="COMPOST" priceScale="0.25"/>
		<fillType name="PALLET" priceScale="0.25"/>
		<fillType name="MELON" priceScale="0.25"/>
		<fillType name="SANDIA" priceScale="0.25"/>
		<fillType name="PAPEL" priceScale="0.25"/>
		<fillType name="CARTON" priceScale="0.25"/>
		<fillType name="OIL_SUNFLOWER" priceScale="0.25"/>
		<fillType name="OIL_CANOLA" priceScale="0.25"/>
		<fillType name="OIL_OLIVE" priceScale="0.25"/>
		<fillType name="OIL_ALMOND" priceScale="0.25"/>
		<fillType name="OIL_MAIZE" priceScale="0.25"/>
		<fillType name="BIOGAS" priceScale="0.25"/>
		<fillType name="BOX" priceScale="0.25"/>
		<fillType name="DONUTS" priceScale="0.25"/>
		<fillType name="CEREALCHOCO" priceScale="0.25"/>
		<fillType name="SHEEPCHEESE" priceScale="0.25"/>
		<fillType name="MERMELADAFRESA" priceScale="0.25"/>
		<fillType name="MERMELADATOMATE" priceScale="0.25"/>
		<fillType name="ZUMOTOMATE" priceScale="0.25"/>
		<fillType name="BATIDOFRESA" priceScale="0.25"/>
		<fillType name="BATIDOCHOCOLATE" priceScale="0.25"/>
		<fillType name="BATIDO2" priceScale="0.25"/>
		<fillType name="BUTTEROIL" priceScale="0.25"/>
		<fillType name="PELLETS" priceScale="0.25"/>
		<fillType name="CHIPS" priceScale="0.25"/>
		<fillType name="SYRUP" priceScale="0.25"/>
		<fillType name="MAPLESYRUP" priceScale="0.25"/>
		<fillType name="SOYMILK" priceScale="0.25"/>
		<fillType name="LIQUID" priceScale="0.25"/>
		<fillType name="OATMILK" priceScale="0.25"/>
		<fillType name="SOYDRINK" priceScale="0.25"/>
		<fillType name="IRONORE" priceScale="0.25"/>
		<fillType name="ARMOIRE" priceScale="0.25"/>
		<fillType name="BARREL" priceScale="0.25"/>
		<fillType name="BATHTUB" priceScale="0.25"/>
		<fillType name="BIRDHOUSE" priceScale="0.25"/>
		<fillType name="BOWL" priceScale="0.25"/>
		<fillType name="BUCKET" priceScale="0.25"/>
		<fillType name="CARTONROLL" priceScale="0.25"/>
		<fillType name="CATTREE" priceScale="0.25"/>
		<fillType name="CHAIR" priceScale="0.25"/>
		<fillType name="DOGHOUSE" priceScale="0.25"/>
		<fillType name="EASEL" priceScale="0.25"/>
		<fillType name="FLOORTILES" priceScale="0.25"/>
		<fillType name="METAL" priceScale="0.25"/>
		<fillType name="PAPERROLL" priceScale="0.25"/>
		<fillType name="PEPPERGRINDER" priceScale="0.25"/>
		<fillType name="PICTUREFRAME" priceScale="0.25"/>
		<fillType name="PLANKS" priceScale="0.25"/>
		<fillType name="PREFABWALL" priceScale="0.25"/>
		<fillType name="SHINGLE" priceScale="0.25"/>
		<fillType name="STAIRCASERAILING" priceScale="0.25"/>
		<fillType name="TABLE" priceScale="0.25"/>
		<fillType name="WOODBEAM" priceScale="0.25"/>
		<fillType name="WOODBEAM" priceScale="0.25"/>
		<fillType name="PIPE" priceScale="0.25"/>
		<fillType name="STEEL" priceScale="0.25"/>
		<fillType name="GOLD" priceScale="0.25"/>
		<fillType name="GOLDBAR" priceScale="0.25"/>
		<fillType name="CEMENT" priceScale="0.25"/>
		<fillType name="BRICKS" priceScale="0.25"/>
		<fillType name="ASPHALTPALLET" priceScale="0.25"/>
        
        <fillType name="BEETROOT" priceScale="0.25"/>
		<fillType name="CARROT" priceScale="0.25"/>
        <fillType name="PARSNIP" priceScale="0.25"/>
    </buyingStation>

    <hotspots>
        <hotspot type="LOADING" linkNode="mapPosition" teleportNode="teleportNode"/>
    </hotspots>

    <triggerMarkers>
        <triggerMarker node="markerLoading" filename="$data/shared/assets/marker/markerIconLoad.i3d"/>
    </triggerMarkers>

    <i3dMappings>
        <i3dMapping id="clearAreas" node="0&gt;0"/>
        <i3dMapping id="clearAreaStart01" node="0&gt;0|0"/>
        <i3dMapping id="clearAreaWidth01" node="0&gt;0|0|0"/>
        <i3dMapping id="clearAreaHeight01" node="0&gt;0|0|1"/>
        <i3dMapping id="levelAreas" node="0&gt;1"/>
        <i3dMapping id="levelAreaStart01" node="0&gt;1|0"/>
        <i3dMapping id="levelAreaWidth01" node="0&gt;1|0|0"/>
        <i3dMapping id="levelAreaHeight01" node="0&gt;1|0|1"/>
        <i3dMapping id="testAreas" node="0&gt;2"/>
        <i3dMapping id="testAreaStart01" node="0&gt;2|0"/>
        <i3dMapping id="testAreaEnd01" node="0&gt;2|0|0"/>
        <i3dMapping id="tipOcclusionUpdateAreaStart01" node="0&gt;3|0"/>
        <i3dMapping id="tipOcclusionUpdateAreaEnd01" node="0&gt;3|0|0"/>
        <i3dMapping id="buyingStation" node="0&gt;4"/>
        <i3dMapping id="teleportNode" node="0&gt;4|0"/>
        <i3dMapping id="markerLoading" node="0&gt;4|1"/>
        <i3dMapping id="mapPosition" node="0&gt;4|2"/>
        <i3dMapping id="loadingTrigger" node="0&gt;4|3|0"/>
        <i3dMapping id="dischargeNode" node="0&gt;4|3|1"/>
        <i3dMapping id="aiNodeLoading" node="0&gt;4|3|2"/>
        <i3dMapping id="pipeEffect" node="0&gt;4|3|3|0"/>
        <i3dMapping id="pipeEffectSmoke" node="0&gt;4|3|3|1"/>
        <i3dMapping id="visuals" node="0&gt;5"/>
        <i3dMapping id="collisions" node="0&gt;6"/>
    </i3dMappings>
</placeable>
