<?xml version="1.0" encoding="utf-8" standalone="no"?>
<modDesc descVersion="92">
    <author>farmteckmodding</author>
    <version>1.0.0.0</version>
    <title>
        <en>STATION MULTIFRUITS</en>
        <ru>STATION MULTIFRUITS</ru>
    </title>
    <iconFilename>store_limeStation.dds</iconFilename>
    <multiplayer supported="true"/>
    <description>
        <ru><![CDATA[STATION MULTIFRUITS

- Цена: 2000 € ]]></ru>
        <en><![CDATA[STATION MULTIFRUITS 

- Price: 2000 €
- Amazonezats3200]]></en>
        <de><![CDATA[STATION MULTIFRUITS 
- Preis: 2000 €
- STATION MULTIFRUITS 
- STATION MULTIFRUITS]]></de>
    </description>
    <storeItems>
        <storeItem xmlFilename="limeStation.xml"/>
    </storeItems>
    <l10n>
        <text name="Green">
            <ru>Светло зеленый</ru>
            <en>Light green</en>
            <de>Hellgrün</de>
        </text>
        <text name="Red">
            <ru>Ярко красный</ru>
            <en>Bright red</en>
            <de>Helles Rot</de>
        </text>
        <text name="Green1">
            <ru>Зелёный</ru>
            <en>Green</en>
            <de>Grün</de>
        </text>
        <text name="Blue">
            <ru>Синий</ru>
            <en>Blue</en>
            <de>Blau</de>
        </text>
        <text name="Red1">
            <ru>Тускло красный</ru>
            <en>Dull red</en>
            <de>Mattes Rot</de>
        </text>
    </l10n>
</modDesc>
