﻿<?xml version="1.0" encoding="utf-8" standalone="no" ?>
<modDesc descVersion="92">
    <author>Chouchou_tv</author>
    <version>1.0.0.0</version>
    <title>
        <en>autoload storage shed</en>
		<fr>hangar de stockage autoload</fr>
		<de>autoload-Lagerhalle</de>
    </title>
    <description>
        <en><![CDATA[[mod]For storing bales and pallets]]></en>
        <de><![CDATA[[mod]Ermöglicht das Lagern von Ballen und Paletten ]]></de>
        <fr><![CDATA[[mod]Permet de stocker balles et palettes]]></fr>
		
    </description>
    <iconFilename>$data/placeables/mapUS/objectStorage/store_storageShed.png</iconFilename>
    <multiplayer supported="true" />
	
	<storeItems>
        <storeItem xmlFilename="objectStorage.xml"/>		
    </storeItems>

    <l10n> 
     <text name="storeItem_objectStorage1">
        <en>[mod] Storage of autoload bales and pallets</en>
        <de>[mod] Autoload-Ballen- und Palettenlagerung</de>
        <fr>[mod] Stockage des balles et palettes autoload</fr>
     </text>
    </l10n>

</modDesc>
