﻿<?xml version="1.0" encoding="utf-8" standalone="no"?>
<careerSavegame revision="2" valid="true">
    <settings>
        <savegameName>Pepega Farm</savegameName>
        <creationDate>2024-11-12</creationDate>
        <mapId>MapAS</mapId>
        <mapTitle>Hutan Pantai</mapTitle>
        <saveDateFormatted>2025-01-26</saveDateFormatted>
        <saveDate>2025-01-26</saveDate>
        <initialMoney>100000</initialMoney>
        <initialLoan>0</initialLoan>
        <economicDifficulty>NORMAL</economicDifficulty>
        <hasInitiallyOwnedFarmlands>false</hasInitiallyOwnedFarmlands>
        <loadDefaultFarm>false</loadDefaultFarm>
        <startWithGuidedTour>true</startWithGuidedTour>
        <trafficEnabled>false</trafficEnabled>
        <stopAndGoBraking>true</stopAndGoBraking>
        <trailerFillLimit>false</trailerFillLimit>
        <automaticMotorStartEnabled>true</automaticMotorStartEnabled>
        <growthMode>1</growthMode>
        <plannedDaysPerPeriod>1</plannedDaysPerPeriod>
        <fruitDestruction>true</fruitDestruction>
        <plowingRequiredEnabled>false</plowingRequiredEnabled>
        <stonesEnabled>true</stonesEnabled>
        <weedsEnabled>true</weedsEnabled>
        <limeRequired>true</limeRequired>
        <isSnowEnabled>true</isSnowEnabled>
        <fuelUsage>2</fuelUsage>
        <helperBuyFuel>false</helperBuyFuel>
        <helperBuySeeds>false</helperBuySeeds>
        <helperBuyFertilizer>false</helperBuyFertilizer>
        <helperSlurrySource>1</helperSlurrySource>
        <helperManureSource>1</helperManureSource>
        <densityMapRevision>4</densityMapRevision>
        <terrainTextureRevision>1</terrainTextureRevision>
        <terrainLodTextureRevision>2</terrainLodTextureRevision>
        <splitShapesRevision>2</splitShapesRevision>
        <tipCollisionRevision>2</tipCollisionRevision>
        <placementCollisionRevision>2</placementCollisionRevision>
        <navigationCollisionRevision>2</navigationCollisionRevision>
        <mapDensityMapRevision>1</mapDensityMapRevision>
        <mapTerrainTextureRevision>1</mapTerrainTextureRevision>
        <mapTerrainLodTextureRevision>1</mapTerrainLodTextureRevision>
        <mapSplitShapesRevision>1</mapSplitShapesRevision>
        <mapTipCollisionRevision>1</mapTipCollisionRevision>
        <mapPlacementCollisionRevision>1</mapPlacementCollisionRevision>
        <mapNavigationCollisionRevision>1</mapNavigationCollisionRevision>
        <disasterDestructionState>ENABLED</disasterDestructionState>
        <dirtInterval>3</dirtInterval>
        <timeScale>0.500000</timeScale>
        <autoSaveInterval>15.000000</autoSaveInterval>
    </settings>
    <map>
        <foundHelpIcons>00000000000000000000</foundHelpIcons>
    </map>
    <introductionHelp active="false">
        <shownElements></shownElements>
        <shownHints></shownHints>
    </introductionHelp>
    <statistics>
        <money>891224</money>
        <playTime>102364.343750</playTime>
    </statistics>
    <mapsSplitShapeFileIds count="1">
        <id id="0"/>
    </mapsSplitShapeFileIds>
    <slotSystem slotUsage="1570"/>
    <mod modName="FS25_ContractServiceProvider" title="ContractServiceProvider" version="1.0.0.1" required="false" fileHash="eb2b5cb45641e6c7405fff013c3459a1"/>
    <mod modName="FS25_silomultifruits" title="SILOMULTIFRUIT" version="1.0.0.0" required="false" fileHash="68828afc58b7b6ee73685aa3f24f67e0"/>
    <mod modName="FS25_sf900_Tree_Deleter" title="Prinoth SF900 Tree Deleter" version="1.1.0.0" required="false" fileHash="e770d04681fa4278ce3d12b687cfb3f3"/>
    <mod modName="FS25_TSStockCheck" title="Time Saving Stock Check" version="1.0.0.0" required="false" fileHash="6bfcfcd65eaa843f30753b70730812d8"/>
    <mod modName="FS25_GreenhouseAutomaticWatering" title="Greenhouse Automatic Watering" version="1.0.0.0" required="false" fileHash="1cfcd02780463b9f8a53f1a813092d75"/>
    <mod modName="FS25_UniversalAutoload_0_3_0_3" title="Universal Autoload" version="0.3.0.3" required="false" fileHash="bfd3fee886603517e3bf461325185fa9"/>
    <mod modName="FS25_rootCropStorage" title="Root Crop Storage" version="1.0.0.0" required="false" fileHash="8a6beb06960b07b4c90d6a31a5b1aab4"/>
    <mod modName="FS25_SuperForce" title="Super Force (KingMods)" version="1.0.0.2" required="false" fileHash="aea3bc943294cf96769c0c3642465e00"/>
    <mod modName="FS25_StorageShed_Auto" title="autoload storage shed" version="1.0.0.0" required="false" fileHash="a72ebdc103aef8677cf9976824595e08"/>
    <mod modName="FS25_MovePlaceables" title="Move Placeables" version="1.0.0.0" required="false" fileHash="e8dee685c62a77f726334db6fbf39efb"/>
</careerSavegame>
