﻿<?xml version="1.0" encoding="utf-8" standalone="no"?>
<destructibleMapObjects>
    <group id="3">
        <item index="0"/>
        <item index="1"/>
        <item index="2"/>
        <item index="3"/>
    </group>
    <group id="4">
        <item index="0"/>
        <item index="1"/>
        <item index="2"/>
        <item index="3"/>
        <item index="4"/>
    </group>
    <group id="2">
        <item index="0"/>
        <item index="1"/>
        <item index="2"/>
        <item index="3"/>
    </group>
</destructibleMapObjects>
