﻿<?xml version="1.0" encoding="utf-8" standalone="no"?>
<environment>
    <dayTime>491.452911</dayTime>
    <currentDay>169</currentDay>
    <currentMonotonicDay>172</currentMonotonicDay>
    <realHourTimer>142248</realHourTimer>
    <daysPerPeriod>1</daysPerPeriod>
    <lighting>
        <toneMapping slope="1.000000" toe="0.400000" shoulder="0.800000" blackClip="0.000000" whiteClip="0.040000"/>
    </lighting>
    <weather timeSinceLastRain="3402">
        <forecast>
            <instance typeName="CLOUDY" season="SPRING" variationIndex="3" startDay="172" startDayTime="0" duration="36000000"/>
            <instance typeName="CLOUDY" season="SPRING" variationIndex="4" startDay="172" startDayTime="36000000" duration="18000000"/>
            <instance typeName="SUN" season="SPRING" variationIndex="3" startDay="172" startDayTime="54000000" duration="43200000"/>
            <instance typeName="RAIN" season="SPRING" variationIndex="4" startDay="173" startDayTime="10800000" duration="7200000"/>
            <instance typeName="CLOUDY" season="SPRING" variationIndex="1" startDay="173" startDayTime="18000000" duration="25200000"/>
            <instance typeName="CLOUDY" season="SPRING" variationIndex="4" startDay="173" startDayTime="43200000" duration="28800000"/>
            <instance typeName="HAIL" season="SPRING" variationIndex="3" startDay="173" startDayTime="72000000" duration="7200000">
                <hail perlinPercentage="6045"/>
            </instance>
            <instance typeName="TWISTER" season="SPRING" variationIndex="1" startDay="173" startDayTime="79200000" duration="10800000">
                <twister startPosX="-324" startPosZ="-893" meterPerHour="150"/>
            </instance>
            <instance typeName="HAIL" season="SPRING" variationIndex="3" startDay="174" startDayTime="3600000" duration="10800000">
                <hail perlinPercentage="6613"/>
            </instance>
            <instance typeName="CLOUDY" season="SPRING" variationIndex="1" startDay="174" startDayTime="14400000" duration="25200000"/>
            <instance typeName="SUN" season="SPRING" variationIndex="1" startDay="174" startDayTime="39600000" duration="28800000"/>
            <instance typeName="SUN" season="SPRING" variationIndex="2" startDay="174" startDayTime="68400000" duration="18000000"/>
            <instance typeName="RAIN" season="SUMMER" variationIndex="4" startDay="175" startDayTime="0" duration="7200000"/>
            <instance typeName="CLOUDY" season="SUMMER" variationIndex="4" startDay="175" startDayTime="7200000" duration="25200000"/>
            <instance typeName="CLOUDY" season="SUMMER" variationIndex="1" startDay="175" startDayTime="32400000" duration="25200000"/>
            <instance typeName="CLOUDY" season="SUMMER" variationIndex="3" startDay="175" startDayTime="57600000" duration="36000000"/>
            <instance typeName="CLOUDY" season="SUMMER" variationIndex="3" startDay="176" startDayTime="7200000" duration="18000000"/>
            <instance typeName="SUN" season="SUMMER" variationIndex="1" startDay="176" startDayTime="25200000" duration="43200000"/>
            <instance typeName="RAIN" season="SUMMER" variationIndex="3" startDay="176" startDayTime="68400000" duration="10800000"/>
            <instance typeName="TWISTER" season="SUMMER" variationIndex="1" startDay="176" startDayTime="79200000" duration="18000000">
                <twister startPosX="762" startPosZ="-781" meterPerHour="150"/>
            </instance>
            <instance typeName="CLOUDY" season="SUMMER" variationIndex="4" startDay="177" startDayTime="10800000" duration="36000000"/>
            <instance typeName="SUN" season="SUMMER" variationIndex="4" startDay="177" startDayTime="46800000" duration="39600000"/>
            <instance typeName="SUN" season="AUTUMN" variationIndex="3" startDay="178" startDayTime="0" duration="43200000"/>
            <instance typeName="SUN" season="AUTUMN" variationIndex="2" startDay="178" startDayTime="43200000" duration="25200000"/>
            <instance typeName="RAIN" season="AUTUMN" variationIndex="4" startDay="178" startDayTime="68400000" duration="7200000"/>
            <instance typeName="SUN" season="AUTUMN" variationIndex="1" startDay="178" startDayTime="75600000" duration="28800000"/>
            <instance typeName="CLOUDY" season="AUTUMN" variationIndex="3" startDay="179" startDayTime="18000000" duration="18000000"/>
            <instance typeName="RAIN" season="AUTUMN" variationIndex="1" startDay="179" startDayTime="36000000" duration="10800000"/>
            <instance typeName="CLOUDY" season="AUTUMN" variationIndex="3" startDay="179" startDayTime="46800000" duration="25200000"/>
            <instance typeName="CLOUDY" season="AUTUMN" variationIndex="1" startDay="179" startDayTime="72000000" duration="36000000"/>
            <instance typeName="CLOUDY" season="AUTUMN" variationIndex="4" startDay="180" startDayTime="21600000" duration="21600000"/>
            <instance typeName="SUN" season="AUTUMN" variationIndex="4" startDay="180" startDayTime="43200000" duration="28800000"/>
            <instance typeName="CLOUDY" season="AUTUMN" variationIndex="3" startDay="180" startDayTime="72000000" duration="14400000"/>
            <instance typeName="CLOUDY" season="WINTER" variationIndex="3" startDay="181" startDayTime="0" duration="28800000"/>
        </forecast>
        <fog alpha="1.000000" visibilityAlpha="1.000000" duration="3600000.000000">
            <target>
                <groundFog coverageEdge0="0.233939" coverageEdge1="0.859028" extraHeight="13.719125" groundLevelDensity="0.093461" minValleyDepth="4.689416" startDayTimeMinutes="191" endDayTimeMinutes="587" weatherTypes="SUN CLOUDY"/>
                <heightFog maxHeight="539.012634" groundLevelDensity="0.169471"/>
            </target>
            <last>
                <groundFog coverageEdge0="0.180279" coverageEdge1="0.769395" extraHeight="12.122590" groundLevelDensity="0.033640" minValleyDepth="7.290433" startDayTimeMinutes="204" endDayTimeMinutes="503" weatherTypes="SUN CLOUDY"/>
                <heightFog maxHeight="533.694214" groundLevelDensity="0.134473"/>
            </last>
        </fog>
        <snow height="0.000000"/>
        <ground wetness="0.000000"/>
        <twister position="-430.97 0.00 1037.22" isSpawned="false" fadeDirection="0" fadeValue="0.000000" metersPerHour="150.000000"/>
    </weather>
    <snow physicalHeight="0.000000" height="0.000000"/>
</environment>
