﻿<?xml version="1.0" encoding="utf-8" standalone="no"?>
<environment>
    <dayTime>509.010712</dayTime>
    <currentDay>156</currentDay>
    <currentMonotonicDay>159</currentMonotonicDay>
    <realHourTimer>1467329</realHourTimer>
    <daysPerPeriod>1</daysPerPeriod>
    <lighting>
        <toneMapping slope="1.000000" toe="0.400000" shoulder="0.800000" blackClip="0.000000" whiteClip="0.040000"/>
    </lighting>
    <weather timeSinceLastRain="658">
        <forecast>
            <instance typeName="SUN" season="WINTER" variationIndex="4" startDay="159" startDayTime="14400000" duration="32400000"/>
            <instance typeName="SNOW" season="WINTER" variationIndex="4" startDay="159" startDayTime="46800000" duration="7200000"/>
            <instance typeName="SUN" season="WINTER" variationIndex="1" startDay="159" startDayTime="54000000" duration="32400000"/>
            <instance typeName="SUN" season="SPRING" variationIndex="3" startDay="160" startDayTime="0" duration="28800000"/>
            <instance typeName="CLOUDY" season="SPRING" variationIndex="1" startDay="160" startDayTime="28800000" duration="36000000"/>
            <instance typeName="CLOUDY" season="SPRING" variationIndex="3" startDay="160" startDayTime="64800000" duration="21600000"/>
            <instance typeName="SUN" season="SPRING" variationIndex="4" startDay="161" startDayTime="0" duration="36000000"/>
            <instance typeName="RAIN" season="SPRING" variationIndex="1" startDay="161" startDayTime="36000000" duration="10800000"/>
            <instance typeName="SUN" season="SPRING" variationIndex="4" startDay="161" startDayTime="46800000" duration="43200000"/>
            <instance typeName="CLOUDY" season="SPRING" variationIndex="4" startDay="162" startDayTime="3600000" duration="32400000"/>
            <instance typeName="CLOUDY" season="SPRING" variationIndex="2" startDay="162" startDayTime="36000000" duration="25200000"/>
            <instance typeName="SUN" season="SPRING" variationIndex="1" startDay="162" startDayTime="61200000" duration="25200000"/>
            <instance typeName="CLOUDY" season="SUMMER" variationIndex="3" startDay="163" startDayTime="0" duration="32400000"/>
            <instance typeName="SUN" season="SUMMER" variationIndex="1" startDay="163" startDayTime="32400000" duration="28800000"/>
            <instance typeName="CLOUDY" season="SUMMER" variationIndex="2" startDay="163" startDayTime="61200000" duration="36000000"/>
            <instance typeName="SUN" season="SUMMER" variationIndex="4" startDay="164" startDayTime="10800000" duration="32400000"/>
            <instance typeName="HAIL" season="SUMMER" variationIndex="4" startDay="164" startDayTime="43200000" duration="10800000">
                <hail perlinPercentage="5393"/>
            </instance>
            <instance typeName="RAIN" season="SUMMER" variationIndex="1" startDay="164" startDayTime="54000000" duration="10800000"/>
            <instance typeName="CLOUDY" season="SUMMER" variationIndex="1" startDay="164" startDayTime="64800000" duration="32400000"/>
            <instance typeName="HAIL" season="SUMMER" variationIndex="4" startDay="165" startDayTime="10800000" duration="10800000">
                <hail perlinPercentage="5581"/>
            </instance>
            <instance typeName="RAIN" season="SUMMER" variationIndex="2" startDay="165" startDayTime="21600000" duration="7200000"/>
            <instance typeName="CLOUDY" season="SUMMER" variationIndex="3" startDay="165" startDayTime="28800000" duration="25200000"/>
            <instance typeName="CLOUDY" season="SUMMER" variationIndex="4" startDay="165" startDayTime="54000000" duration="32400000"/>
            <instance typeName="CLOUDY" season="AUTUMN" variationIndex="4" startDay="166" startDayTime="0" duration="21600000"/>
            <instance typeName="CLOUDY" season="AUTUMN" variationIndex="3" startDay="166" startDayTime="21600000" duration="18000000"/>
            <instance typeName="CLOUDY" season="AUTUMN" variationIndex="2" startDay="166" startDayTime="39600000" duration="32400000"/>
            <instance typeName="RAIN" season="AUTUMN" variationIndex="4" startDay="166" startDayTime="72000000" duration="10800000"/>
            <instance typeName="CLOUDY" season="AUTUMN" variationIndex="3" startDay="166" startDayTime="82800000" duration="25200000"/>
            <instance typeName="CLOUDY" season="AUTUMN" variationIndex="3" startDay="167" startDayTime="21600000" duration="28800000"/>
            <instance typeName="CLOUDY" season="AUTUMN" variationIndex="4" startDay="167" startDayTime="50400000" duration="32400000"/>
            <instance typeName="CLOUDY" season="AUTUMN" variationIndex="4" startDay="167" startDayTime="82800000" duration="18000000"/>
            <instance typeName="RAIN" season="AUTUMN" variationIndex="4" startDay="168" startDayTime="14400000" duration="3600000"/>
        </forecast>
        <fog alpha="1.000000" visibilityAlpha="1.000000" duration="3600000.000000">
            <target>
                <groundFog coverageEdge0="0.362302" coverageEdge1="0.689326" extraHeight="5.005218" groundLevelDensity="0.010827" minValleyDepth="5.810823" startDayTimeMinutes="235" endDayTimeMinutes="494" weatherTypes="SUN CLOUDY"/>
                <heightFog maxHeight="595.087585" groundLevelDensity="0.129847"/>
            </target>
            <last>
                <groundFog coverageEdge0="0.353499" coverageEdge1="0.814275" extraHeight="9.049726" groundLevelDensity="0.025156" minValleyDepth="3.217298" startDayTimeMinutes="240" endDayTimeMinutes="497" weatherTypes="SUN CLOUDY"/>
                <heightFog maxHeight="559.025574" groundLevelDensity="0.052341"/>
            </last>
        </fog>
        <snow height="0.019478"/>
        <ground wetness="0.000000"/>
        <twister position="-430.97 0.00 1037.22" isSpawned="false" fadeDirection="0" fadeValue="0.000000" metersPerHour="150.000000"/>
    </weather>
    <snow physicalHeight="0.000000" height="0.019478"/>
</environment>
