﻿<?xml version="1.0" encoding="utf-8" standalone="no"?>
<environment>
    <dayTime>431.612518</dayTime>
    <currentDay>81</currentDay>
    <currentMonotonicDay>84</currentMonotonicDay>
    <realHourTimer>474102</realHourTimer>
    <daysPerPeriod>1</daysPerPeriod>
    <lighting>
        <toneMapping slope="1.000000" toe="0.400000" shoulder="0.800000" blackClip="0.000000" whiteClip="0.040000"/>
    </lighting>
    <weather timeSinceLastRain="582">
        <forecast>
            <instance typeName="SUN" season="AUTUMN" variationIndex="2" startDay="84" startDayTime="10800000" duration="32400000"/>
            <instance typeName="CLOUDY" season="AUTUMN" variationIndex="2" startDay="84" startDayTime="43200000" duration="43200000"/>
            <instance typeName="CLOUDY" season="WINTER" variationIndex="1" startDay="85" startDayTime="0" duration="28800000"/>
            <instance typeName="SNOW" season="WINTER" variationIndex="4" startDay="85" startDayTime="28800000" duration="3600000"/>
            <instance typeName="SNOW" season="WINTER" variationIndex="2" startDay="85" startDayTime="32400000" duration="25200000"/>
            <instance typeName="CLOUDY" season="WINTER" variationIndex="4" startDay="85" startDayTime="57600000" duration="21600000"/>
            <instance typeName="CLOUDY" season="WINTER" variationIndex="2" startDay="85" startDayTime="79200000" duration="21600000"/>
            <instance typeName="SNOW" season="WINTER" variationIndex="4" startDay="86" startDayTime="14400000" duration="7200000"/>
            <instance typeName="SNOW" season="WINTER" variationIndex="4" startDay="86" startDayTime="21600000" duration="7200000"/>
            <instance typeName="CLOUDY" season="WINTER" variationIndex="4" startDay="86" startDayTime="28800000" duration="18000000"/>
            <instance typeName="SUN" season="WINTER" variationIndex="1" startDay="86" startDayTime="46800000" duration="32400000"/>
            <instance typeName="SUN" season="WINTER" variationIndex="3" startDay="86" startDayTime="79200000" duration="28800000"/>
            <instance typeName="SUN" season="WINTER" variationIndex="3" startDay="87" startDayTime="21600000" duration="43200000"/>
            <instance typeName="SUN" season="WINTER" variationIndex="1" startDay="87" startDayTime="64800000" duration="21600000"/>
            <instance typeName="CLOUDY" season="SPRING" variationIndex="1" startDay="88" startDayTime="0" duration="18000000"/>
            <instance typeName="RAIN" season="SPRING" variationIndex="1" startDay="88" startDayTime="18000000" duration="3600000"/>
            <instance typeName="HAIL" season="SPRING" variationIndex="1" startDay="88" startDayTime="21600000" duration="3600000">
                <hail perlinPercentage="5637"/>
            </instance>
            <instance typeName="RAIN" season="SPRING" variationIndex="1" startDay="88" startDayTime="25200000" duration="3600000"/>
            <instance typeName="CLOUDY" season="SPRING" variationIndex="4" startDay="88" startDayTime="28800000" duration="25200000"/>
            <instance typeName="CLOUDY" season="SPRING" variationIndex="1" startDay="88" startDayTime="54000000" duration="32400000"/>
            <instance typeName="CLOUDY" season="SPRING" variationIndex="3" startDay="89" startDayTime="0" duration="36000000"/>
            <instance typeName="RAIN" season="SPRING" variationIndex="3" startDay="89" startDayTime="36000000" duration="7200000"/>
            <instance typeName="HAIL" season="SPRING" variationIndex="1" startDay="89" startDayTime="43200000" duration="10800000">
                <hail perlinPercentage="6404"/>
            </instance>
            <instance typeName="HAIL" season="SPRING" variationIndex="1" startDay="89" startDayTime="54000000" duration="10800000">
                <hail perlinPercentage="6627"/>
            </instance>
            <instance typeName="HAIL" season="SPRING" variationIndex="1" startDay="89" startDayTime="64800000" duration="7200000">
                <hail perlinPercentage="6226"/>
            </instance>
            <instance typeName="CLOUDY" season="SPRING" variationIndex="4" startDay="89" startDayTime="72000000" duration="21600000"/>
            <instance typeName="CLOUDY" season="SPRING" variationIndex="3" startDay="90" startDayTime="7200000" duration="28800000"/>
            <instance typeName="RAIN" season="SPRING" variationIndex="4" startDay="90" startDayTime="36000000" duration="10800000"/>
            <instance typeName="TWISTER" season="SPRING" variationIndex="1" startDay="90" startDayTime="46800000" duration="21600000">
                <twister startPosX="829" startPosZ="-275" meterPerHour="150"/>
            </instance>
            <instance typeName="SUN" season="SPRING" variationIndex="1" startDay="90" startDayTime="68400000" duration="18000000"/>
            <instance typeName="SUN" season="SUMMER" variationIndex="1" startDay="91" startDayTime="0" duration="39600000"/>
            <instance typeName="SUN" season="SUMMER" variationIndex="1" startDay="91" startDayTime="39600000" duration="36000000"/>
            <instance typeName="SUN" season="SUMMER" variationIndex="4" startDay="91" startDayTime="75600000" duration="36000000"/>
            <instance typeName="TWISTER" season="SUMMER" variationIndex="1" startDay="92" startDayTime="25200000" duration="21600000">
                <twister startPosX="-626" startPosZ="-605" meterPerHour="150"/>
            </instance>
            <instance typeName="HAIL" season="SUMMER" variationIndex="4" startDay="92" startDayTime="46800000" duration="10800000">
                <hail perlinPercentage="5000"/>
            </instance>
            <instance typeName="SUN" season="SUMMER" variationIndex="2" startDay="92" startDayTime="57600000" duration="43200000"/>
            <instance typeName="SUN" season="SUMMER" variationIndex="2" startDay="93" startDayTime="14400000" duration="28800000"/>
        </forecast>
        <fog alpha="1.000000" visibilityAlpha="1.000000" duration="3600000.000000">
            <target>
                <groundFog coverageEdge0="0.115041" coverageEdge1="0.815226" extraHeight="7.238663" groundLevelDensity="0.056053" minValleyDepth="4.904430" startDayTimeMinutes="219" endDayTimeMinutes="512" weatherTypes="SUN CLOUDY"/>
                <heightFog maxHeight="431.474884" groundLevelDensity="0.160613"/>
            </target>
            <last>
                <groundFog coverageEdge0="0.182193" coverageEdge1="0.822802" extraHeight="5.276210" groundLevelDensity="0.160919" minValleyDepth="4.144513" startDayTimeMinutes="260" endDayTimeMinutes="543" weatherTypes="SUN CLOUDY"/>
                <heightFog maxHeight="495.948944" groundLevelDensity="0.118174"/>
            </last>
        </fog>
        <snow height="0.000000"/>
        <ground wetness="0.000000"/>
        <twister position="0.00 0.00 0.00" isSpawned="false" fadeDirection="0" fadeValue="0.000000" metersPerHour="0.000000"/>
    </weather>
    <snow physicalHeight="0.000000" height="0.000000"/>
</environment>
