﻿<?xml version="1.0" encoding="utf-8" standalone="no"?>
<environment>
    <dayTime>713.786377</dayTime>
    <currentDay>248</currentDay>
    <currentMonotonicDay>251</currentMonotonicDay>
    <realHourTimer>1991040</realHourTimer>
    <daysPerPeriod>1</daysPerPeriod>
    <lighting>
        <toneMapping slope="1.000000" toe="0.400000" shoulder="0.800000" blackClip="0.000000" whiteClip="0.040000"/>
    </lighting>
    <weather timeSinceLastRain="625">
        <forecast>
            <instance typeName="SUN" season="AUTUMN" variationIndex="2" startDay="251" startDayTime="3600000" duration="43200000"/>
            <instance typeName="RAIN" season="AUTUMN" variationIndex="2" startDay="251" startDayTime="46800000" duration="3600000"/>
            <instance typeName="CLOUDY" season="AUTUMN" variationIndex="1" startDay="251" startDayTime="50400000" duration="28800000"/>
            <instance typeName="CLOUDY" season="AUTUMN" variationIndex="1" startDay="251" startDayTime="79200000" duration="36000000"/>
            <instance typeName="CLOUDY" season="AUTUMN" variationIndex="2" startDay="252" startDayTime="28800000" duration="21600000"/>
            <instance typeName="CLOUDY" season="AUTUMN" variationIndex="4" startDay="252" startDayTime="50400000" duration="25200000"/>
            <instance typeName="RAIN" season="AUTUMN" variationIndex="3" startDay="252" startDayTime="75600000" duration="10800000"/>
            <instance typeName="SUN" season="WINTER" variationIndex="1" startDay="253" startDayTime="0" duration="43200000"/>
            <instance typeName="SNOW" season="WINTER" variationIndex="3" startDay="253" startDayTime="43200000" duration="14400000"/>
            <instance typeName="SUN" season="WINTER" variationIndex="1" startDay="253" startDayTime="57600000" duration="25200000"/>
            <instance typeName="SUN" season="WINTER" variationIndex="2" startDay="253" startDayTime="82800000" duration="28800000"/>
            <instance typeName="SNOW" season="WINTER" variationIndex="4" startDay="254" startDayTime="25200000" duration="10800000"/>
            <instance typeName="CLOUDY" season="WINTER" variationIndex="2" startDay="254" startDayTime="36000000" duration="18000000"/>
            <instance typeName="SUN" season="WINTER" variationIndex="4" startDay="254" startDayTime="54000000" duration="32400000"/>
            <instance typeName="SNOW" season="WINTER" variationIndex="3" startDay="255" startDayTime="0" duration="18000000"/>
            <instance typeName="CLOUDY" season="WINTER" variationIndex="1" startDay="255" startDayTime="18000000" duration="18000000"/>
            <instance typeName="CLOUDY" season="WINTER" variationIndex="4" startDay="255" startDayTime="36000000" duration="18000000"/>
            <instance typeName="SNOW" season="WINTER" variationIndex="4" startDay="255" startDayTime="54000000" duration="10800000"/>
            <instance typeName="SNOW" season="WINTER" variationIndex="2" startDay="255" startDayTime="64800000" duration="21600000"/>
            <instance typeName="SUN" season="SPRING" variationIndex="1" startDay="256" startDayTime="0" duration="28800000"/>
            <instance typeName="CLOUDY" season="SPRING" variationIndex="4" startDay="256" startDayTime="28800000" duration="32400000"/>
            <instance typeName="TWISTER" season="SPRING" variationIndex="1" startDay="256" startDayTime="61200000" duration="18000000">
                <twister startPosX="-284" startPosZ="-69" meterPerHour="150"/>
            </instance>
            <instance typeName="RAIN" season="SPRING" variationIndex="3" startDay="256" startDayTime="79200000" duration="3600000"/>
            <instance typeName="SUN" season="SPRING" variationIndex="4" startDay="256" startDayTime="82800000" duration="32400000"/>
            <instance typeName="SUN" season="SPRING" variationIndex="3" startDay="257" startDayTime="28800000" duration="36000000"/>
            <instance typeName="HAIL" season="SPRING" variationIndex="1" startDay="257" startDayTime="64800000" duration="3600000">
                <hail perlinPercentage="4599"/>
            </instance>
            <instance typeName="SUN" season="SPRING" variationIndex="2" startDay="257" startDayTime="68400000" duration="25200000"/>
            <instance typeName="RAIN" season="SPRING" variationIndex="3" startDay="258" startDayTime="7200000" duration="10800000"/>
            <instance typeName="SUN" season="SPRING" variationIndex="4" startDay="258" startDayTime="18000000" duration="39600000"/>
            <instance typeName="SUN" season="SPRING" variationIndex="1" startDay="258" startDayTime="57600000" duration="28800000"/>
            <instance typeName="RAIN" season="SUMMER" variationIndex="3" startDay="259" startDayTime="0" duration="10800000"/>
            <instance typeName="SUN" season="SUMMER" variationIndex="4" startDay="259" startDayTime="10800000" duration="39600000"/>
            <instance typeName="RAIN" season="SUMMER" variationIndex="2" startDay="259" startDayTime="50400000" duration="7200000"/>
            <instance typeName="SUN" season="SUMMER" variationIndex="4" startDay="259" startDayTime="57600000" duration="28800000"/>
            <instance typeName="RAIN" season="SUMMER" variationIndex="3" startDay="260" startDayTime="0" duration="10800000"/>
        </forecast>
        <fog alpha="1.000000" visibilityAlpha="0.000000" duration="3600000.000000">
            <target>
                <groundFog coverageEdge0="0.367955" coverageEdge1="0.940600" extraHeight="10.804813" groundLevelDensity="0.249378" minValleyDepth="3.799200" startDayTimeMinutes="261" endDayTimeMinutes="589" weatherTypes="SUN CLOUDY"/>
                <heightFog maxHeight="550.459534" groundLevelDensity="0.192756"/>
            </target>
            <last>
                <groundFog coverageEdge0="0.054117" coverageEdge1="0.883418" extraHeight="5.007524" groundLevelDensity="0.076005" minValleyDepth="6.781830" startDayTimeMinutes="202" endDayTimeMinutes="487" weatherTypes="SUN CLOUDY"/>
                <heightFog maxHeight="598.453247" groundLevelDensity="0.091991"/>
            </last>
        </fog>
        <snow height="0.000000"/>
        <ground wetness="0.000000"/>
        <twister position="-145.15 23.47 -543.16" isSpawned="false" fadeDirection="0" fadeValue="0.000000" metersPerHour="150.000000"/>
    </weather>
    <snow physicalHeight="0.000000" height="0.000000"/>
</environment>
