﻿<?xml version="1.0" encoding="utf-8" standalone="no"?>
<environment>
    <dayTime>654.653259</dayTime>
    <currentDay>175</currentDay>
    <currentMonotonicDay>178</currentMonotonicDay>
    <realHourTimer>502804</realHourTimer>
    <daysPerPeriod>1</daysPerPeriod>
    <lighting>
        <toneMapping slope="1.000000" toe="0.400000" shoulder="0.800000" blackClip="0.000000" whiteClip="0.040000"/>
    </lighting>
    <weather timeSinceLastRain="1886">
        <forecast>
            <instance typeName="SUN" season="AUTUMN" variationIndex="3" startDay="178" startDayTime="0" duration="43200000"/>
            <instance typeName="SUN" season="AUTUMN" variationIndex="2" startDay="178" startDayTime="43200000" duration="25200000"/>
            <instance typeName="RAIN" season="AUTUMN" variationIndex="4" startDay="178" startDayTime="68400000" duration="7200000"/>
            <instance typeName="SUN" season="AUTUMN" variationIndex="1" startDay="178" startDayTime="75600000" duration="28800000"/>
            <instance typeName="CLOUDY" season="AUTUMN" variationIndex="3" startDay="179" startDayTime="18000000" duration="18000000"/>
            <instance typeName="RAIN" season="AUTUMN" variationIndex="1" startDay="179" startDayTime="36000000" duration="10800000"/>
            <instance typeName="CLOUDY" season="AUTUMN" variationIndex="3" startDay="179" startDayTime="46800000" duration="25200000"/>
            <instance typeName="CLOUDY" season="AUTUMN" variationIndex="1" startDay="179" startDayTime="72000000" duration="36000000"/>
            <instance typeName="CLOUDY" season="AUTUMN" variationIndex="4" startDay="180" startDayTime="21600000" duration="21600000"/>
            <instance typeName="SUN" season="AUTUMN" variationIndex="4" startDay="180" startDayTime="43200000" duration="28800000"/>
            <instance typeName="CLOUDY" season="AUTUMN" variationIndex="3" startDay="180" startDayTime="72000000" duration="14400000"/>
            <instance typeName="CLOUDY" season="WINTER" variationIndex="3" startDay="181" startDayTime="0" duration="28800000"/>
            <instance typeName="SNOW" season="WINTER" variationIndex="1" startDay="181" startDayTime="28800000" duration="18000000"/>
            <instance typeName="CLOUDY" season="WINTER" variationIndex="4" startDay="181" startDayTime="46800000" duration="36000000"/>
            <instance typeName="CLOUDY" season="WINTER" variationIndex="3" startDay="181" startDayTime="82800000" duration="36000000"/>
            <instance typeName="SNOW" season="WINTER" variationIndex="4" startDay="182" startDayTime="32400000" duration="7200000"/>
            <instance typeName="SUN" season="WINTER" variationIndex="3" startDay="182" startDayTime="39600000" duration="32400000"/>
            <instance typeName="CLOUDY" season="WINTER" variationIndex="1" startDay="182" startDayTime="72000000" duration="32400000"/>
            <instance typeName="SNOW" season="WINTER" variationIndex="2" startDay="183" startDayTime="18000000" duration="21600000"/>
            <instance typeName="SUN" season="WINTER" variationIndex="4" startDay="183" startDayTime="39600000" duration="36000000"/>
            <instance typeName="SNOW" season="WINTER" variationIndex="2" startDay="183" startDayTime="75600000" duration="10800000"/>
            <instance typeName="CLOUDY" season="SPRING" variationIndex="1" startDay="184" startDayTime="0" duration="21600000"/>
            <instance typeName="RAIN" season="SPRING" variationIndex="1" startDay="184" startDayTime="21600000" duration="3600000"/>
            <instance typeName="CLOUDY" season="SPRING" variationIndex="3" startDay="184" startDayTime="25200000" duration="25200000"/>
            <instance typeName="CLOUDY" season="SPRING" variationIndex="3" startDay="184" startDayTime="50400000" duration="18000000"/>
            <instance typeName="HAIL" season="SPRING" variationIndex="2" startDay="184" startDayTime="68400000" duration="7200000">
                <hail perlinPercentage="5126"/>
            </instance>
            <instance typeName="SUN" season="SPRING" variationIndex="3" startDay="184" startDayTime="75600000" duration="32400000"/>
            <instance typeName="SUN" season="SPRING" variationIndex="3" startDay="185" startDayTime="21600000" duration="32400000"/>
            <instance typeName="SUN" season="SPRING" variationIndex="3" startDay="185" startDayTime="54000000" duration="39600000"/>
            <instance typeName="CLOUDY" season="SPRING" variationIndex="4" startDay="186" startDayTime="7200000" duration="18000000"/>
            <instance typeName="CLOUDY" season="SPRING" variationIndex="2" startDay="186" startDayTime="25200000" duration="25200000"/>
            <instance typeName="CLOUDY" season="SPRING" variationIndex="1" startDay="186" startDayTime="50400000" duration="21600000"/>
            <instance typeName="CLOUDY" season="SPRING" variationIndex="4" startDay="186" startDayTime="72000000" duration="14400000"/>
            <instance typeName="CLOUDY" season="SUMMER" variationIndex="4" startDay="187" startDayTime="0" duration="21600000"/>
        </forecast>
        <fog alpha="1.000000" visibilityAlpha="0.000000" duration="3600000.000000">
            <target>
                <groundFog coverageEdge0="0.321667" coverageEdge1="0.993795" extraHeight="5.839476" groundLevelDensity="0.202279" minValleyDepth="3.555647" startDayTimeMinutes="258" endDayTimeMinutes="519" weatherTypes="SUN CLOUDY"/>
                <heightFog maxHeight="523.064697" groundLevelDensity="0.105574"/>
            </target>
            <last>
                <groundFog coverageEdge0="0.110836" coverageEdge1="0.863272" extraHeight="12.946868" groundLevelDensity="0.021927" minValleyDepth="5.415447" startDayTimeMinutes="210" endDayTimeMinutes="571" weatherTypes="SUN CLOUDY"/>
                <heightFog maxHeight="582.028687" groundLevelDensity="0.052274"/>
            </last>
        </fog>
        <snow height="0.000000"/>
        <ground wetness="0.000000"/>
        <twister position="-145.15 23.47 -543.16" isSpawned="false" fadeDirection="0" fadeValue="0.000000" metersPerHour="150.000000"/>
    </weather>
    <snow physicalHeight="0.000000" height="0.000000"/>
</environment>
