﻿<?xml version="1.0" encoding="utf-8" standalone="no"?>
<environment>
    <dayTime>542.284973</dayTime>
    <currentDay>262</currentDay>
    <currentMonotonicDay>265</currentMonotonicDay>
    <realHourTimer>1608799</realHourTimer>
    <daysPerPeriod>1</daysPerPeriod>
    <lighting>
        <toneMapping slope="1.000000" toe="0.400000" shoulder="0.800000" blackClip="0.000000" whiteClip="0.040000"/>
    </lighting>
    <weather timeSinceLastRain="452">
        <forecast>
            <instance typeName="SUN" season="WINTER" variationIndex="3" startDay="265" startDayTime="3600000" duration="43200000"/>
            <instance typeName="CLOUDY" season="WINTER" variationIndex="2" startDay="265" startDayTime="46800000" duration="36000000"/>
            <instance typeName="SNOW" season="WINTER" variationIndex="1" startDay="265" startDayTime="82800000" duration="14400000"/>
            <instance typeName="CLOUDY" season="WINTER" variationIndex="3" startDay="266" startDayTime="10800000" duration="28800000"/>
            <instance typeName="CLOUDY" season="WINTER" variationIndex="3" startDay="266" startDayTime="39600000" duration="28800000"/>
            <instance typeName="SUN" season="WINTER" variationIndex="4" startDay="266" startDayTime="68400000" duration="36000000"/>
            <instance typeName="CLOUDY" season="WINTER" variationIndex="3" startDay="267" startDayTime="18000000" duration="32400000"/>
            <instance typeName="SNOW" season="WINTER" variationIndex="3" startDay="267" startDayTime="50400000" duration="21600000"/>
            <instance typeName="CLOUDY" season="WINTER" variationIndex="2" startDay="267" startDayTime="72000000" duration="14400000"/>
            <instance typeName="RAIN" season="SPRING" variationIndex="4" startDay="268" startDayTime="0" duration="7200000"/>
            <instance typeName="RAIN" season="SPRING" variationIndex="3" startDay="268" startDayTime="7200000" duration="7200000"/>
            <instance typeName="RAIN" season="SPRING" variationIndex="3" startDay="268" startDayTime="14400000" duration="3600000"/>
            <instance typeName="RAIN" season="SPRING" variationIndex="4" startDay="268" startDayTime="18000000" duration="7200000"/>
            <instance typeName="CLOUDY" season="SPRING" variationIndex="3" startDay="268" startDayTime="25200000" duration="36000000"/>
            <instance typeName="CLOUDY" season="SPRING" variationIndex="1" startDay="268" startDayTime="61200000" duration="21600000"/>
            <instance typeName="SUN" season="SPRING" variationIndex="3" startDay="268" startDayTime="82800000" duration="39600000"/>
            <instance typeName="SUN" season="SPRING" variationIndex="1" startDay="269" startDayTime="36000000" duration="39600000"/>
            <instance typeName="CLOUDY" season="SPRING" variationIndex="2" startDay="269" startDayTime="75600000" duration="28800000"/>
            <instance typeName="RAIN" season="SPRING" variationIndex="4" startDay="270" startDayTime="18000000" duration="10800000"/>
            <instance typeName="RAIN" season="SPRING" variationIndex="4" startDay="270" startDayTime="28800000" duration="7200000"/>
            <instance typeName="CLOUDY" season="SPRING" variationIndex="1" startDay="270" startDayTime="36000000" duration="25200000"/>
            <instance typeName="SUN" season="SPRING" variationIndex="3" startDay="270" startDayTime="61200000" duration="25200000"/>
            <instance typeName="CLOUDY" season="SUMMER" variationIndex="3" startDay="271" startDayTime="0" duration="18000000"/>
            <instance typeName="CLOUDY" season="SUMMER" variationIndex="3" startDay="271" startDayTime="18000000" duration="28800000"/>
            <instance typeName="RAIN" season="SUMMER" variationIndex="1" startDay="271" startDayTime="46800000" duration="7200000"/>
            <instance typeName="RAIN" season="SUMMER" variationIndex="1" startDay="271" startDayTime="54000000" duration="3600000"/>
            <instance typeName="HAIL" season="SUMMER" variationIndex="2" startDay="271" startDayTime="57600000" duration="10800000">
                <hail perlinPercentage="4966"/>
            </instance>
            <instance typeName="CLOUDY" season="SUMMER" variationIndex="1" startDay="271" startDayTime="68400000" duration="28800000"/>
            <instance typeName="RAIN" season="SUMMER" variationIndex="3" startDay="272" startDayTime="10800000" duration="10800000"/>
            <instance typeName="RAIN" season="SUMMER" variationIndex="4" startDay="272" startDayTime="21600000" duration="7200000"/>
            <instance typeName="CLOUDY" season="SUMMER" variationIndex="3" startDay="272" startDayTime="28800000" duration="25200000"/>
            <instance typeName="CLOUDY" season="SUMMER" variationIndex="1" startDay="272" startDayTime="54000000" duration="21600000"/>
            <instance typeName="RAIN" season="SUMMER" variationIndex="3" startDay="272" startDayTime="75600000" duration="3600000"/>
            <instance typeName="RAIN" season="SUMMER" variationIndex="1" startDay="272" startDayTime="79200000" duration="3600000"/>
            <instance typeName="SUN" season="SUMMER" variationIndex="4" startDay="272" startDayTime="82800000" duration="36000000"/>
            <instance typeName="RAIN" season="SUMMER" variationIndex="1" startDay="273" startDayTime="32400000" duration="7200000"/>
            <instance typeName="SUN" season="SUMMER" variationIndex="4" startDay="273" startDayTime="39600000" duration="28800000"/>
            <instance typeName="RAIN" season="SUMMER" variationIndex="4" startDay="273" startDayTime="68400000" duration="3600000"/>
            <instance typeName="CLOUDY" season="SUMMER" variationIndex="3" startDay="273" startDayTime="72000000" duration="14400000"/>
            <instance typeName="SUN" season="AUTUMN" variationIndex="2" startDay="274" startDayTime="0" duration="39600000"/>
        </forecast>
        <fog alpha="1.000000" visibilityAlpha="0.000000" duration="3600000.000000">
            <target>
                <groundFog coverageEdge0="0.167176" coverageEdge1="0.946331" extraHeight="12.189181" groundLevelDensity="0.022126" minValleyDepth="4.031450" startDayTimeMinutes="214" endDayTimeMinutes="517" weatherTypes="SUN CLOUDY"/>
                <heightFog maxHeight="544.683960" groundLevelDensity="0.121259"/>
            </target>
            <last>
                <groundFog coverageEdge0="0.336904" coverageEdge1="0.999043" extraHeight="12.626271" groundLevelDensity="0.231770" minValleyDepth="3.962834" startDayTimeMinutes="207" endDayTimeMinutes="507" weatherTypes="SUN CLOUDY"/>
                <heightFog maxHeight="427.742310" groundLevelDensity="0.087074"/>
            </last>
        </fog>
        <snow height="0.000000"/>
        <ground wetness="0.000000"/>
        <twister position="113.65 0.65 922.30" isSpawned="false" fadeDirection="0" fadeValue="0.000000" metersPerHour="150.000000"/>
    </weather>
    <snow physicalHeight="0.000000" height="0.000000"/>
</environment>
