﻿<?xml version="1.0" encoding="utf-8" standalone="no"?>
<environment>
    <dayTime>579.638245</dayTime>
    <currentDay>212</currentDay>
    <currentMonotonicDay>215</currentMonotonicDay>
    <realHourTimer>836654</realHourTimer>
    <daysPerPeriod>1</daysPerPeriod>
    <lighting>
        <toneMapping slope="1.000000" toe="0.400000" shoulder="0.800000" blackClip="0.000000" whiteClip="0.040000"/>
    </lighting>
    <weather timeSinceLastRain="549">
        <forecast>
            <instance typeName="SUN" season="AUTUMN" variationIndex="2" startDay="215" startDayTime="0" duration="39600000"/>
            <instance typeName="SUN" season="AUTUMN" variationIndex="3" startDay="215" startDayTime="39600000" duration="39600000"/>
            <instance typeName="RAIN" season="AUTUMN" variationIndex="4" startDay="215" startDayTime="79200000" duration="3600000"/>
            <instance typeName="CLOUDY" season="AUTUMN" variationIndex="1" startDay="215" startDayTime="82800000" duration="36000000"/>
            <instance typeName="CLOUDY" season="AUTUMN" variationIndex="3" startDay="216" startDayTime="32400000" duration="28800000"/>
            <instance typeName="CLOUDY" season="AUTUMN" variationIndex="1" startDay="216" startDayTime="61200000" duration="25200000"/>
            <instance typeName="CLOUDY" season="WINTER" variationIndex="2" startDay="217" startDayTime="0" duration="18000000"/>
            <instance typeName="CLOUDY" season="WINTER" variationIndex="3" startDay="217" startDayTime="18000000" duration="18000000"/>
            <instance typeName="SNOW" season="WINTER" variationIndex="4" startDay="217" startDayTime="36000000" duration="3600000"/>
            <instance typeName="CLOUDY" season="WINTER" variationIndex="4" startDay="217" startDayTime="39600000" duration="32400000"/>
            <instance typeName="SNOW" season="WINTER" variationIndex="1" startDay="217" startDayTime="72000000" duration="21600000"/>
            <instance typeName="CLOUDY" season="WINTER" variationIndex="2" startDay="218" startDayTime="7200000" duration="28800000"/>
            <instance typeName="CLOUDY" season="WINTER" variationIndex="3" startDay="218" startDayTime="36000000" duration="32400000"/>
            <instance typeName="CLOUDY" season="WINTER" variationIndex="4" startDay="218" startDayTime="68400000" duration="36000000"/>
            <instance typeName="CLOUDY" season="WINTER" variationIndex="1" startDay="219" startDayTime="18000000" duration="21600000"/>
            <instance typeName="SNOW" season="WINTER" variationIndex="2" startDay="219" startDayTime="39600000" duration="21600000"/>
            <instance typeName="SUN" season="WINTER" variationIndex="4" startDay="219" startDayTime="61200000" duration="25200000"/>
            <instance typeName="SUN" season="SPRING" variationIndex="3" startDay="220" startDayTime="0" duration="32400000"/>
            <instance typeName="CLOUDY" season="SPRING" variationIndex="4" startDay="220" startDayTime="32400000" duration="21600000"/>
            <instance typeName="SUN" season="SPRING" variationIndex="1" startDay="220" startDayTime="54000000" duration="25200000"/>
            <instance typeName="HAIL" season="SPRING" variationIndex="4" startDay="220" startDayTime="79200000" duration="3600000">
                <hail perlinPercentage="5100"/>
            </instance>
            <instance typeName="SUN" season="SPRING" variationIndex="3" startDay="220" startDayTime="82800000" duration="39600000"/>
            <instance typeName="CLOUDY" season="SPRING" variationIndex="3" startDay="221" startDayTime="36000000" duration="36000000"/>
            <instance typeName="CLOUDY" season="SPRING" variationIndex="1" startDay="221" startDayTime="72000000" duration="32400000"/>
            <instance typeName="HAIL" season="SPRING" variationIndex="2" startDay="222" startDayTime="18000000" duration="10800000">
                <hail perlinPercentage="5547"/>
            </instance>
            <instance typeName="RAIN" season="SPRING" variationIndex="3" startDay="222" startDayTime="28800000" duration="7200000"/>
            <instance typeName="SUN" season="SPRING" variationIndex="1" startDay="222" startDayTime="36000000" duration="36000000"/>
            <instance typeName="SUN" season="SPRING" variationIndex="2" startDay="222" startDayTime="72000000" duration="14400000"/>
            <instance typeName="SUN" season="SUMMER" variationIndex="1" startDay="223" startDayTime="0" duration="36000000"/>
            <instance typeName="SUN" season="SUMMER" variationIndex="2" startDay="223" startDayTime="36000000" duration="43200000"/>
            <instance typeName="CLOUDY" season="SUMMER" variationIndex="4" startDay="223" startDayTime="79200000" duration="21600000"/>
            <instance typeName="HAIL" season="SUMMER" variationIndex="2" startDay="224" startDayTime="14400000" duration="7200000">
                <hail perlinPercentage="5071"/>
            </instance>
        </forecast>
        <fog alpha="1.000000" visibilityAlpha="0.000000" duration="3600000.000000">
            <target>
                <groundFog coverageEdge0="0.363814" coverageEdge1="0.912532" extraHeight="12.370836" groundLevelDensity="0.084829" minValleyDepth="4.702028" startDayTimeMinutes="198" endDayTimeMinutes="492" weatherTypes="SUN CLOUDY"/>
                <heightFog maxHeight="536.548401" groundLevelDensity="0.192849"/>
            </target>
            <last>
                <groundFog coverageEdge0="0.075931" coverageEdge1="0.686817" extraHeight="5.711021" groundLevelDensity="0.191840" minValleyDepth="3.599390" startDayTimeMinutes="242" endDayTimeMinutes="594" weatherTypes="SUN CLOUDY"/>
                <heightFog maxHeight="436.182068" groundLevelDensity="0.171586"/>
            </last>
        </fog>
        <snow height="0.000000"/>
        <ground wetness="0.000000"/>
        <twister position="-145.15 23.47 -543.16" isSpawned="false" fadeDirection="0" fadeValue="0.000000" metersPerHour="150.000000"/>
    </weather>
    <snow physicalHeight="0.000000" height="0.000000"/>
</environment>
