﻿<?xml version="1.0" encoding="utf-8" standalone="no"?>
<environment>
    <dayTime>1168.968872</dayTime>
    <currentDay>331</currentDay>
    <currentMonotonicDay>334</currentMonotonicDay>
    <realHourTimer>3102800</realHourTimer>
    <daysPerPeriod>1</daysPerPeriod>
    <lighting>
        <toneMapping slope="1.000000" toe="0.400000" shoulder="0.800000" blackClip="0.000000" whiteClip="0.040000"/>
    </lighting>
    <weather timeSinceLastRain="301">
        <forecast>
            <instance typeName="CLOUDY" season="AUTUMN" variationIndex="4" startDay="334" startDayTime="68400000" duration="21600000"/>
            <instance typeName="SUN" season="AUTUMN" variationIndex="4" startDay="335" startDayTime="3600000" duration="43200000"/>
            <instance typeName="SUN" season="AUTUMN" variationIndex="3" startDay="335" startDayTime="46800000" duration="32400000"/>
            <instance typeName="CLOUDY" season="AUTUMN" variationIndex="2" startDay="335" startDayTime="79200000" duration="32400000"/>
            <instance typeName="CLOUDY" season="AUTUMN" variationIndex="1" startDay="336" startDayTime="25200000" duration="18000000"/>
            <instance typeName="RAIN" season="AUTUMN" variationIndex="2" startDay="336" startDayTime="43200000" duration="7200000"/>
            <instance typeName="SUN" season="AUTUMN" variationIndex="2" startDay="336" startDayTime="50400000" duration="36000000"/>
            <instance typeName="SUN" season="WINTER" variationIndex="4" startDay="337" startDayTime="0" duration="28800000"/>
            <instance typeName="SUN" season="WINTER" variationIndex="1" startDay="337" startDayTime="28800000" duration="25200000"/>
            <instance typeName="CLOUDY" season="WINTER" variationIndex="3" startDay="337" startDayTime="54000000" duration="36000000"/>
            <instance typeName="CLOUDY" season="WINTER" variationIndex="1" startDay="338" startDayTime="3600000" duration="36000000"/>
            <instance typeName="CLOUDY" season="WINTER" variationIndex="3" startDay="338" startDayTime="39600000" duration="28800000"/>
            <instance typeName="CLOUDY" season="WINTER" variationIndex="4" startDay="338" startDayTime="68400000" duration="18000000"/>
            <instance typeName="CLOUDY" season="WINTER" variationIndex="4" startDay="339" startDayTime="0" duration="18000000"/>
            <instance typeName="CLOUDY" season="WINTER" variationIndex="4" startDay="339" startDayTime="18000000" duration="21600000"/>
            <instance typeName="SUN" season="WINTER" variationIndex="1" startDay="339" startDayTime="39600000" duration="21600000"/>
            <instance typeName="CLOUDY" season="WINTER" variationIndex="2" startDay="339" startDayTime="61200000" duration="25200000"/>
            <instance typeName="SUN" season="SPRING" variationIndex="4" startDay="340" startDayTime="0" duration="43200000"/>
            <instance typeName="SUN" season="SPRING" variationIndex="4" startDay="340" startDayTime="43200000" duration="28800000"/>
            <instance typeName="CLOUDY" season="SPRING" variationIndex="4" startDay="340" startDayTime="72000000" duration="28800000"/>
            <instance typeName="RAIN" season="SPRING" variationIndex="2" startDay="341" startDayTime="14400000" duration="7200000"/>
            <instance typeName="CLOUDY" season="SPRING" variationIndex="1" startDay="341" startDayTime="21600000" duration="18000000"/>
            <instance typeName="SUN" season="SPRING" variationIndex="3" startDay="341" startDayTime="39600000" duration="36000000"/>
            <instance typeName="CLOUDY" season="SPRING" variationIndex="4" startDay="341" startDayTime="75600000" duration="25200000"/>
            <instance typeName="SUN" season="SPRING" variationIndex="4" startDay="342" startDayTime="14400000" duration="39600000"/>
            <instance typeName="CLOUDY" season="SPRING" variationIndex="2" startDay="342" startDayTime="54000000" duration="32400000"/>
            <instance typeName="SUN" season="SUMMER" variationIndex="4" startDay="343" startDayTime="0" duration="36000000"/>
        </forecast>
        <fog alpha="1.000000" visibilityAlpha="0.000000" duration="3600000.000000">
            <target>
                <groundFog coverageEdge0="0.095055" coverageEdge1="0.962639" extraHeight="12.553400" groundLevelDensity="0.072673" minValleyDepth="5.212723" startDayTimeMinutes="205" endDayTimeMinutes="486" weatherTypes="SUN CLOUDY"/>
                <heightFog maxHeight="441.181458" groundLevelDensity="0.199199"/>
            </target>
            <last>
                <groundFog coverageEdge0="0.311994" coverageEdge1="0.827698" extraHeight="14.233620" groundLevelDensity="0.034820" minValleyDepth="4.754979" startDayTimeMinutes="193" endDayTimeMinutes="593" weatherTypes="SUN CLOUDY"/>
                <heightFog maxHeight="421.668488" groundLevelDensity="0.119225"/>
            </last>
        </fog>
        <snow height="0.000000"/>
        <ground wetness="0.000000"/>
        <twister position="232.41 19.25 312.70" isSpawned="false" fadeDirection="0" fadeValue="0.000000" metersPerHour="150.000000"/>
    </weather>
    <snow physicalHeight="0.000000" height="0.000000"/>
</environment>
