﻿<?xml version="1.0" encoding="utf-8" standalone="no"?>
<environment>
    <dayTime>528.266785</dayTime>
    <currentDay>79</currentDay>
    <currentMonotonicDay>82</currentMonotonicDay>
    <realHourTimer>2190525</realHourTimer>
    <daysPerPeriod>1</daysPerPeriod>
    <lighting>
        <toneMapping slope="1.000000" toe="0.400000" shoulder="0.800000" blackClip="0.000000" whiteClip="0.040000"/>
    </lighting>
    <weather timeSinceLastRain="3980">
        <forecast>
            <instance typeName="CLOUDY" season="AUTUMN" variationIndex="4" startDay="82" startDayTime="0" duration="32400000"/>
            <instance typeName="RAIN" season="AUTUMN" variationIndex="4" startDay="82" startDayTime="32400000" duration="7200000"/>
            <instance typeName="SUN" season="AUTUMN" variationIndex="3" startDay="82" startDayTime="39600000" duration="36000000"/>
            <instance typeName="CLOUDY" season="AUTUMN" variationIndex="1" startDay="82" startDayTime="75600000" duration="36000000"/>
            <instance typeName="SUN" season="AUTUMN" variationIndex="2" startDay="83" startDayTime="25200000" duration="39600000"/>
            <instance typeName="RAIN" season="AUTUMN" variationIndex="3" startDay="83" startDayTime="64800000" duration="7200000"/>
            <instance typeName="RAIN" season="AUTUMN" variationIndex="4" startDay="83" startDayTime="72000000" duration="3600000"/>
            <instance typeName="CLOUDY" season="AUTUMN" variationIndex="3" startDay="83" startDayTime="75600000" duration="21600000"/>
            <instance typeName="SUN" season="AUTUMN" variationIndex="2" startDay="84" startDayTime="10800000" duration="32400000"/>
            <instance typeName="CLOUDY" season="AUTUMN" variationIndex="2" startDay="84" startDayTime="43200000" duration="43200000"/>
            <instance typeName="CLOUDY" season="WINTER" variationIndex="1" startDay="85" startDayTime="0" duration="28800000"/>
            <instance typeName="SNOW" season="WINTER" variationIndex="4" startDay="85" startDayTime="28800000" duration="3600000"/>
            <instance typeName="SNOW" season="WINTER" variationIndex="2" startDay="85" startDayTime="32400000" duration="25200000"/>
            <instance typeName="CLOUDY" season="WINTER" variationIndex="4" startDay="85" startDayTime="57600000" duration="21600000"/>
            <instance typeName="CLOUDY" season="WINTER" variationIndex="2" startDay="85" startDayTime="79200000" duration="21600000"/>
            <instance typeName="SNOW" season="WINTER" variationIndex="4" startDay="86" startDayTime="14400000" duration="7200000"/>
            <instance typeName="SNOW" season="WINTER" variationIndex="4" startDay="86" startDayTime="21600000" duration="7200000"/>
            <instance typeName="CLOUDY" season="WINTER" variationIndex="4" startDay="86" startDayTime="28800000" duration="18000000"/>
            <instance typeName="SUN" season="WINTER" variationIndex="1" startDay="86" startDayTime="46800000" duration="32400000"/>
            <instance typeName="SUN" season="WINTER" variationIndex="3" startDay="86" startDayTime="79200000" duration="28800000"/>
            <instance typeName="SUN" season="WINTER" variationIndex="3" startDay="87" startDayTime="21600000" duration="43200000"/>
            <instance typeName="SUN" season="WINTER" variationIndex="1" startDay="87" startDayTime="64800000" duration="21600000"/>
            <instance typeName="CLOUDY" season="SPRING" variationIndex="1" startDay="88" startDayTime="0" duration="18000000"/>
            <instance typeName="RAIN" season="SPRING" variationIndex="1" startDay="88" startDayTime="18000000" duration="3600000"/>
            <instance typeName="HAIL" season="SPRING" variationIndex="1" startDay="88" startDayTime="21600000" duration="3600000">
                <hail perlinPercentage="5637"/>
            </instance>
            <instance typeName="RAIN" season="SPRING" variationIndex="1" startDay="88" startDayTime="25200000" duration="3600000"/>
            <instance typeName="CLOUDY" season="SPRING" variationIndex="4" startDay="88" startDayTime="28800000" duration="25200000"/>
            <instance typeName="CLOUDY" season="SPRING" variationIndex="1" startDay="88" startDayTime="54000000" duration="32400000"/>
            <instance typeName="CLOUDY" season="SPRING" variationIndex="3" startDay="89" startDayTime="0" duration="36000000"/>
            <instance typeName="RAIN" season="SPRING" variationIndex="3" startDay="89" startDayTime="36000000" duration="7200000"/>
            <instance typeName="HAIL" season="SPRING" variationIndex="1" startDay="89" startDayTime="43200000" duration="10800000">
                <hail perlinPercentage="6404"/>
            </instance>
            <instance typeName="HAIL" season="SPRING" variationIndex="1" startDay="89" startDayTime="54000000" duration="10800000">
                <hail perlinPercentage="6627"/>
            </instance>
            <instance typeName="HAIL" season="SPRING" variationIndex="1" startDay="89" startDayTime="64800000" duration="7200000">
                <hail perlinPercentage="6226"/>
            </instance>
            <instance typeName="CLOUDY" season="SPRING" variationIndex="4" startDay="89" startDayTime="72000000" duration="21600000"/>
            <instance typeName="CLOUDY" season="SPRING" variationIndex="3" startDay="90" startDayTime="7200000" duration="28800000"/>
            <instance typeName="RAIN" season="SPRING" variationIndex="4" startDay="90" startDayTime="36000000" duration="10800000"/>
            <instance typeName="TWISTER" season="SPRING" variationIndex="1" startDay="90" startDayTime="46800000" duration="21600000">
                <twister startPosX="829" startPosZ="-275" meterPerHour="150"/>
            </instance>
            <instance typeName="SUN" season="SPRING" variationIndex="1" startDay="90" startDayTime="68400000" duration="18000000"/>
            <instance typeName="SUN" season="SUMMER" variationIndex="1" startDay="91" startDayTime="0" duration="39600000"/>
        </forecast>
        <fog alpha="1.000000" visibilityAlpha="0.724442" duration="3600000.000000">
            <target>
                <groundFog coverageEdge0="0.375240" coverageEdge1="0.941987" extraHeight="14.842589" groundLevelDensity="0.116110" minValleyDepth="6.368334" startDayTimeMinutes="244" endDayTimeMinutes="520" weatherTypes="SUN CLOUDY"/>
                <heightFog maxHeight="503.608673" groundLevelDensity="0.191076"/>
            </target>
            <last>
                <groundFog coverageEdge0="0.262267" coverageEdge1="0.790723" extraHeight="9.755552" groundLevelDensity="0.040517" minValleyDepth="7.170643" startDayTimeMinutes="255" endDayTimeMinutes="564" weatherTypes="SUN CLOUDY"/>
                <heightFog maxHeight="536.991150" groundLevelDensity="0.093872"/>
            </last>
        </fog>
        <snow height="0.000000"/>
        <ground wetness="0.000000"/>
        <twister position="0.00 0.00 0.00" isSpawned="false" fadeDirection="0" fadeValue="0.000000" metersPerHour="0.000000"/>
    </weather>
    <snow physicalHeight="0.000000" height="0.000000"/>
</environment>
