﻿<?xml version="1.0" encoding="utf-8" standalone="no"?>
<environment>
    <dayTime>502.535583</dayTime>
    <currentDay>188</currentDay>
    <currentMonotonicDay>191</currentMonotonicDay>
    <realHourTimer>1446367</realHourTimer>
    <daysPerPeriod>1</daysPerPeriod>
    <lighting>
        <toneMapping slope="1.000000" toe="0.400000" shoulder="0.800000" blackClip="0.000000" whiteClip="0.040000"/>
    </lighting>
    <weather timeSinceLastRain="652">
        <forecast>
            <instance typeName="CLOUDY" season="AUTUMN" variationIndex="3" startDay="191" startDayTime="10800000" duration="28800000"/>
            <instance typeName="CLOUDY" season="AUTUMN" variationIndex="1" startDay="191" startDayTime="39600000" duration="32400000"/>
            <instance typeName="SUN" season="AUTUMN" variationIndex="2" startDay="191" startDayTime="72000000" duration="21600000"/>
            <instance typeName="RAIN" season="AUTUMN" variationIndex="1" startDay="192" startDayTime="7200000" duration="7200000"/>
            <instance typeName="RAIN" season="AUTUMN" variationIndex="2" startDay="192" startDayTime="14400000" duration="7200000"/>
            <instance typeName="SUN" season="AUTUMN" variationIndex="3" startDay="192" startDayTime="21600000" duration="32400000"/>
            <instance typeName="CLOUDY" season="AUTUMN" variationIndex="2" startDay="192" startDayTime="54000000" duration="32400000"/>
            <instance typeName="SNOW" season="WINTER" variationIndex="2" startDay="193" startDayTime="0" duration="28800000"/>
            <instance typeName="SNOW" season="WINTER" variationIndex="2" startDay="193" startDayTime="28800000" duration="21600000"/>
            <instance typeName="CLOUDY" season="WINTER" variationIndex="4" startDay="193" startDayTime="50400000" duration="18000000"/>
            <instance typeName="SNOW" season="WINTER" variationIndex="3" startDay="193" startDayTime="68400000" duration="28800000"/>
            <instance typeName="SNOW" season="WINTER" variationIndex="1" startDay="194" startDayTime="10800000" duration="18000000"/>
            <instance typeName="SNOW" season="WINTER" variationIndex="1" startDay="194" startDayTime="28800000" duration="25200000"/>
            <instance typeName="SUN" season="WINTER" variationIndex="3" startDay="194" startDayTime="54000000" duration="36000000"/>
            <instance typeName="SNOW" season="WINTER" variationIndex="4" startDay="195" startDayTime="3600000" duration="7200000"/>
            <instance typeName="CLOUDY" season="WINTER" variationIndex="2" startDay="195" startDayTime="10800000" duration="28800000"/>
            <instance typeName="SUN" season="WINTER" variationIndex="1" startDay="195" startDayTime="39600000" duration="46800000"/>
            <instance typeName="RAIN" season="SPRING" variationIndex="2" startDay="196" startDayTime="0" duration="3600000"/>
            <instance typeName="CLOUDY" season="SPRING" variationIndex="4" startDay="196" startDayTime="3600000" duration="21600000"/>
            <instance typeName="RAIN" season="SPRING" variationIndex="1" startDay="196" startDayTime="25200000" duration="3600000"/>
            <instance typeName="SUN" season="SPRING" variationIndex="4" startDay="196" startDayTime="28800000" duration="32400000"/>
            <instance typeName="RAIN" season="SPRING" variationIndex="4" startDay="196" startDayTime="61200000" duration="10800000"/>
            <instance typeName="RAIN" season="SPRING" variationIndex="4" startDay="196" startDayTime="72000000" duration="3600000"/>
            <instance typeName="CLOUDY" season="SPRING" variationIndex="4" startDay="196" startDayTime="75600000" duration="18000000"/>
            <instance typeName="CLOUDY" season="SPRING" variationIndex="2" startDay="197" startDayTime="7200000" duration="21600000"/>
            <instance typeName="SUN" season="SPRING" variationIndex="3" startDay="197" startDayTime="28800000" duration="36000000"/>
            <instance typeName="SUN" season="SPRING" variationIndex="4" startDay="197" startDayTime="64800000" duration="28800000"/>
            <instance typeName="SUN" season="SPRING" variationIndex="4" startDay="198" startDayTime="7200000" duration="28800000"/>
            <instance typeName="SUN" season="SPRING" variationIndex="2" startDay="198" startDayTime="36000000" duration="28800000"/>
            <instance typeName="RAIN" season="SPRING" variationIndex="4" startDay="198" startDayTime="64800000" duration="7200000"/>
            <instance typeName="RAIN" season="SPRING" variationIndex="4" startDay="198" startDayTime="72000000" duration="14400000"/>
            <instance typeName="RAIN" season="SUMMER" variationIndex="2" startDay="199" startDayTime="0" duration="7200000"/>
            <instance typeName="CLOUDY" season="SUMMER" variationIndex="4" startDay="199" startDayTime="7200000" duration="36000000"/>
            <instance typeName="HAIL" season="SUMMER" variationIndex="4" startDay="199" startDayTime="43200000" duration="3600000">
                <hail perlinPercentage="5755"/>
            </instance>
            <instance typeName="SUN" season="SUMMER" variationIndex="1" startDay="199" startDayTime="46800000" duration="39600000"/>
            <instance typeName="CLOUDY" season="SUMMER" variationIndex="2" startDay="200" startDayTime="0" duration="28800000"/>
        </forecast>
        <fog alpha="1.000000" visibilityAlpha="1.000000" duration="3600000.000000">
            <target>
                <groundFog coverageEdge0="0.264416" coverageEdge1="0.787797" extraHeight="5.986612" groundLevelDensity="0.189776" minValleyDepth="6.537514" startDayTimeMinutes="183" endDayTimeMinutes="483" weatherTypes="SUN CLOUDY"/>
                <heightFog maxHeight="502.383545" groundLevelDensity="0.090672"/>
            </target>
            <last>
                <groundFog coverageEdge0="0.251796" coverageEdge1="0.819935" extraHeight="14.920910" groundLevelDensity="0.188150" minValleyDepth="5.611595" startDayTimeMinutes="196" endDayTimeMinutes="508" weatherTypes="SUN CLOUDY"/>
                <heightFog maxHeight="440.117432" groundLevelDensity="0.158229"/>
            </last>
        </fog>
        <snow height="0.000000"/>
        <ground wetness="0.000000"/>
        <twister position="-145.15 23.47 -543.16" isSpawned="false" fadeDirection="0" fadeValue="0.000000" metersPerHour="150.000000"/>
    </weather>
    <snow physicalHeight="0.000000" height="0.000000"/>
</environment>
