﻿<?xml version="1.0" encoding="utf-8" standalone="no"?>
<environment>
    <dayTime>522.558655</dayTime>
    <currentDay>120</currentDay>
    <currentMonotonicDay>123</currentMonotonicDay>
    <realHourTimer>3060491</realHourTimer>
    <daysPerPeriod>1</daysPerPeriod>
    <lighting>
        <toneMapping slope="1.000000" toe="0.400000" shoulder="0.800000" blackClip="0.000000" whiteClip="0.040000"/>
    </lighting>
    <weather timeSinceLastRain="0">
        <forecast>
            <instance typeName="SNOW" season="WINTER" variationIndex="2" startDay="123" startDayTime="21600000" duration="21600000"/>
            <instance typeName="CLOUDY" season="WINTER" variationIndex="4" startDay="123" startDayTime="43200000" duration="21600000"/>
            <instance typeName="SNOW" season="WINTER" variationIndex="2" startDay="123" startDayTime="64800000" duration="21600000"/>
            <instance typeName="SUN" season="SPRING" variationIndex="2" startDay="124" startDayTime="0" duration="32400000"/>
            <instance typeName="HAIL" season="SPRING" variationIndex="4" startDay="124" startDayTime="32400000" duration="7200000">
                <hail perlinPercentage="5926"/>
            </instance>
            <instance typeName="SUN" season="SPRING" variationIndex="4" startDay="124" startDayTime="39600000" duration="43200000"/>
            <instance typeName="RAIN" season="SPRING" variationIndex="3" startDay="124" startDayTime="82800000" duration="7200000"/>
            <instance typeName="SUN" season="SPRING" variationIndex="4" startDay="125" startDayTime="3600000" duration="43200000"/>
            <instance typeName="SUN" season="SPRING" variationIndex="4" startDay="125" startDayTime="46800000" duration="43200000"/>
            <instance typeName="RAIN" season="SPRING" variationIndex="3" startDay="126" startDayTime="3600000" duration="10800000"/>
            <instance typeName="SUN" season="SPRING" variationIndex="1" startDay="126" startDayTime="14400000" duration="21600000"/>
            <instance typeName="SUN" season="SPRING" variationIndex="4" startDay="126" startDayTime="36000000" duration="32400000"/>
            <instance typeName="SUN" season="SPRING" variationIndex="4" startDay="126" startDayTime="68400000" duration="18000000"/>
            <instance typeName="CLOUDY" season="SUMMER" variationIndex="2" startDay="127" startDayTime="0" duration="21600000"/>
            <instance typeName="SUN" season="SUMMER" variationIndex="1" startDay="127" startDayTime="21600000" duration="32400000"/>
            <instance typeName="RAIN" season="SUMMER" variationIndex="2" startDay="127" startDayTime="54000000" duration="10800000"/>
            <instance typeName="CLOUDY" season="SUMMER" variationIndex="3" startDay="127" startDayTime="64800000" duration="18000000"/>
            <instance typeName="SUN" season="SUMMER" variationIndex="2" startDay="127" startDayTime="82800000" duration="36000000"/>
            <instance typeName="CLOUDY" season="SUMMER" variationIndex="1" startDay="128" startDayTime="32400000" duration="36000000"/>
            <instance typeName="CLOUDY" season="SUMMER" variationIndex="1" startDay="128" startDayTime="68400000" duration="21600000"/>
            <instance typeName="SUN" season="SUMMER" variationIndex="3" startDay="129" startDayTime="3600000" duration="36000000"/>
            <instance typeName="RAIN" season="SUMMER" variationIndex="4" startDay="129" startDayTime="39600000" duration="10800000"/>
            <instance typeName="RAIN" season="SUMMER" variationIndex="1" startDay="129" startDayTime="50400000" duration="3600000"/>
            <instance typeName="HAIL" season="SUMMER" variationIndex="4" startDay="129" startDayTime="54000000" duration="7200000">
                <hail perlinPercentage="6534"/>
            </instance>
            <instance typeName="HAIL" season="SUMMER" variationIndex="4" startDay="129" startDayTime="61200000" duration="10800000">
                <hail perlinPercentage="5264"/>
            </instance>
            <instance typeName="CLOUDY" season="SUMMER" variationIndex="4" startDay="129" startDayTime="72000000" duration="14400000"/>
            <instance typeName="RAIN" season="AUTUMN" variationIndex="3" startDay="130" startDayTime="0" duration="10800000"/>
            <instance typeName="RAIN" season="AUTUMN" variationIndex="4" startDay="130" startDayTime="10800000" duration="3600000"/>
            <instance typeName="SUN" season="AUTUMN" variationIndex="3" startDay="130" startDayTime="14400000" duration="28800000"/>
            <instance typeName="RAIN" season="AUTUMN" variationIndex="1" startDay="130" startDayTime="43200000" duration="3600000"/>
            <instance typeName="SUN" season="AUTUMN" variationIndex="1" startDay="130" startDayTime="46800000" duration="25200000"/>
            <instance typeName="CLOUDY" season="AUTUMN" variationIndex="1" startDay="130" startDayTime="72000000" duration="32400000"/>
            <instance typeName="RAIN" season="AUTUMN" variationIndex="3" startDay="131" startDayTime="18000000" duration="3600000"/>
            <instance typeName="CLOUDY" season="AUTUMN" variationIndex="4" startDay="131" startDayTime="21600000" duration="18000000"/>
            <instance typeName="CLOUDY" season="AUTUMN" variationIndex="3" startDay="131" startDayTime="39600000" duration="28800000"/>
            <instance typeName="CLOUDY" season="AUTUMN" variationIndex="2" startDay="131" startDayTime="68400000" duration="32400000"/>
            <instance typeName="SUN" season="AUTUMN" variationIndex="2" startDay="132" startDayTime="14400000" duration="25200000"/>
        </forecast>
        <fog alpha="1.000000" visibilityAlpha="0.000000" duration="3600000.000000">
            <target>
                <groundFog coverageEdge0="0.282496" coverageEdge1="0.604017" extraHeight="4.573061" groundLevelDensity="0.024439" minValleyDepth="7.976802" startDayTimeMinutes="269" endDayTimeMinutes="526" weatherTypes="SUN CLOUDY"/>
                <heightFog maxHeight="572.508545" groundLevelDensity="0.108117"/>
            </target>
            <last>
                <groundFog coverageEdge0="0.118417" coverageEdge1="0.889735" extraHeight="5.747315" groundLevelDensity="0.027235" minValleyDepth="4.867793" startDayTimeMinutes="184" endDayTimeMinutes="525" weatherTypes="SUN CLOUDY"/>
                <heightFog maxHeight="492.319641" groundLevelDensity="0.098551"/>
            </last>
        </fog>
        <snow height="0.026598"/>
        <ground wetness="1.000000"/>
        <twister position="-1190.66 7.79 780.46" isSpawned="false" fadeDirection="0" fadeValue="0.000000" metersPerHour="150.000000"/>
    </weather>
    <snow physicalHeight="0.000000" height="0.026598"/>
</environment>
