﻿<?xml version="1.0" encoding="utf-8" standalone="no"?>
<environment>
    <dayTime>1019.784790</dayTime>
    <currentDay>209</currentDay>
    <currentMonotonicDay>212</currentMonotonicDay>
    <realHourTimer>343994</realHourTimer>
    <daysPerPeriod>1</daysPerPeriod>
    <lighting>
        <toneMapping slope="1.000000" toe="0.400000" shoulder="0.800000" blackClip="0.000000" whiteClip="0.040000"/>
    </lighting>
    <weather timeSinceLastRain="3510">
        <forecast>
            <instance typeName="SUN" season="SUMMER" variationIndex="2" startDay="212" startDayTime="57600000" duration="39600000"/>
            <instance typeName="RAIN" season="SUMMER" variationIndex="1" startDay="213" startDayTime="10800000" duration="7200000"/>
            <instance typeName="CLOUDY" season="SUMMER" variationIndex="2" startDay="213" startDayTime="18000000" duration="18000000"/>
            <instance typeName="CLOUDY" season="SUMMER" variationIndex="3" startDay="213" startDayTime="36000000" duration="28800000"/>
            <instance typeName="SUN" season="SUMMER" variationIndex="4" startDay="213" startDayTime="64800000" duration="21600000"/>
            <instance typeName="CLOUDY" season="AUTUMN" variationIndex="2" startDay="214" startDayTime="0" duration="36000000"/>
            <instance typeName="SUN" season="AUTUMN" variationIndex="1" startDay="214" startDayTime="36000000" duration="39600000"/>
            <instance typeName="RAIN" season="AUTUMN" variationIndex="2" startDay="214" startDayTime="75600000" duration="7200000"/>
            <instance typeName="RAIN" season="AUTUMN" variationIndex="3" startDay="214" startDayTime="82800000" duration="3600000"/>
            <instance typeName="SUN" season="AUTUMN" variationIndex="2" startDay="215" startDayTime="0" duration="39600000"/>
            <instance typeName="SUN" season="AUTUMN" variationIndex="3" startDay="215" startDayTime="39600000" duration="39600000"/>
            <instance typeName="RAIN" season="AUTUMN" variationIndex="4" startDay="215" startDayTime="79200000" duration="3600000"/>
            <instance typeName="CLOUDY" season="AUTUMN" variationIndex="1" startDay="215" startDayTime="82800000" duration="36000000"/>
            <instance typeName="CLOUDY" season="AUTUMN" variationIndex="3" startDay="216" startDayTime="32400000" duration="28800000"/>
            <instance typeName="CLOUDY" season="AUTUMN" variationIndex="1" startDay="216" startDayTime="61200000" duration="25200000"/>
            <instance typeName="CLOUDY" season="WINTER" variationIndex="2" startDay="217" startDayTime="0" duration="18000000"/>
            <instance typeName="CLOUDY" season="WINTER" variationIndex="3" startDay="217" startDayTime="18000000" duration="18000000"/>
            <instance typeName="SNOW" season="WINTER" variationIndex="4" startDay="217" startDayTime="36000000" duration="3600000"/>
            <instance typeName="CLOUDY" season="WINTER" variationIndex="4" startDay="217" startDayTime="39600000" duration="32400000"/>
            <instance typeName="SNOW" season="WINTER" variationIndex="1" startDay="217" startDayTime="72000000" duration="21600000"/>
            <instance typeName="CLOUDY" season="WINTER" variationIndex="2" startDay="218" startDayTime="7200000" duration="28800000"/>
            <instance typeName="CLOUDY" season="WINTER" variationIndex="3" startDay="218" startDayTime="36000000" duration="32400000"/>
            <instance typeName="CLOUDY" season="WINTER" variationIndex="4" startDay="218" startDayTime="68400000" duration="36000000"/>
            <instance typeName="CLOUDY" season="WINTER" variationIndex="1" startDay="219" startDayTime="18000000" duration="21600000"/>
            <instance typeName="SNOW" season="WINTER" variationIndex="2" startDay="219" startDayTime="39600000" duration="21600000"/>
            <instance typeName="SUN" season="WINTER" variationIndex="4" startDay="219" startDayTime="61200000" duration="25200000"/>
            <instance typeName="SUN" season="SPRING" variationIndex="3" startDay="220" startDayTime="0" duration="32400000"/>
            <instance typeName="CLOUDY" season="SPRING" variationIndex="4" startDay="220" startDayTime="32400000" duration="21600000"/>
            <instance typeName="SUN" season="SPRING" variationIndex="1" startDay="220" startDayTime="54000000" duration="25200000"/>
            <instance typeName="HAIL" season="SPRING" variationIndex="4" startDay="220" startDayTime="79200000" duration="3600000">
                <hail perlinPercentage="5100"/>
            </instance>
            <instance typeName="SUN" season="SPRING" variationIndex="3" startDay="220" startDayTime="82800000" duration="39600000"/>
            <instance typeName="CLOUDY" season="SPRING" variationIndex="3" startDay="221" startDayTime="36000000" duration="36000000"/>
        </forecast>
        <fog alpha="1.000000" visibilityAlpha="0.000000" duration="3600000.000000">
            <target>
                <groundFog coverageEdge0="0.138294" coverageEdge1="0.914004" extraHeight="6.787369" groundLevelDensity="0.022983" minValleyDepth="7.959694" startDayTimeMinutes="262" endDayTimeMinutes="550" weatherTypes="SUN CLOUDY"/>
                <heightFog maxHeight="580.419983" groundLevelDensity="0.073044"/>
            </target>
            <last>
                <groundFog coverageEdge0="0.107032" coverageEdge1="0.711702" extraHeight="5.343964" groundLevelDensity="0.045238" minValleyDepth="3.151022" startDayTimeMinutes="266" endDayTimeMinutes="568" weatherTypes="SUN CLOUDY"/>
                <heightFog maxHeight="486.288666" groundLevelDensity="0.141228"/>
            </last>
        </fog>
        <snow height="0.000000"/>
        <ground wetness="0.000000"/>
        <twister position="-145.15 23.47 -543.16" isSpawned="false" fadeDirection="0" fadeValue="0.000000" metersPerHour="150.000000"/>
    </weather>
    <snow physicalHeight="0.000000" height="0.000000"/>
</environment>
