﻿<?xml version="1.0" encoding="utf-8" standalone="no"?>
<farms>
    <farm farmId="1" name="Pepega Farm #3" color="8" loan="0.000000" money="30465.839844">
        <players>
            <player uniqueUserId="xAzizFu4SluxMt6Zci6oUtGCR84zvteUS+AsM3mOWq0=" farmManager="true" lastNickname="zamit" timeLastConnected="2024/11/19 20:17" buyVehicle="true" sellVehicle="true" buyPlaceable="true" sellPlaceable="true" manageContracts="true" tradeAnimals="true" createFields="true" landscaping="true" hireAssistant="true" resetVehicle="true" manageProductions="true" cutTrees="true" manageRights="true" transferMoney="true" updateFarm="true" manageContracting="true"/>
            <player uniqueUserId="vbeH2CBlyCCylEI9bkUF2vOXBipsQc8A/08bZvQuC9w=" farmManager="true" lastNickname="alex2" timeLastConnected="2024/11/17 18:19" buyVehicle="true" sellVehicle="true" buyPlaceable="true" sellPlaceable="true" manageContracts="true" tradeAnimals="true" createFields="true" landscaping="true" hireAssistant="true" resetVehicle="true" manageProductions="true" cutTrees="true" manageRights="true" transferMoney="true" updateFarm="true" manageContracting="true"/>
            <player uniqueUserId="uwjoHVuy+uPPg/JSqT/W7EuwRdnZ6S7KLQBPvP7V3js=" farmManager="false" lastNickname="therminator" timeLastConnected="2024/11/17 10:48" buyVehicle="false" sellVehicle="false" buyPlaceable="false" sellPlaceable="false" manageContracts="false" tradeAnimals="false" createFields="false" landscaping="false" hireAssistant="false" resetVehicle="false" manageProductions="false" cutTrees="false" manageRights="false" transferMoney="false" updateFarm="false" manageContracting="false"/>
            <player uniqueUserId="6zm+LVnJI0+AEtSl6RDWYi8ai/tXTgvHjGlMekq1vfQ=" farmManager="true" lastNickname="NoShrimpathy" timeLastConnected="2024/11/15 13:49" buyVehicle="true" sellVehicle="true" buyPlaceable="true" sellPlaceable="true" manageContracts="true" tradeAnimals="true" createFields="true" landscaping="true" hireAssistant="true" resetVehicle="true" manageProductions="true" cutTrees="true" manageRights="true" transferMoney="true" updateFarm="true" manageContracting="true"/>
            <player uniqueUserId="rC7f5t0XKKBtb1nG9+uE7APsz5tDS/Wu88cgdxMct7c=" farmManager="true" lastNickname="raz" timeLastConnected="2024/11/13 21:31" buyVehicle="true" sellVehicle="true" buyPlaceable="true" sellPlaceable="true" manageContracts="true" tradeAnimals="true" createFields="true" landscaping="true" hireAssistant="true" resetVehicle="true" manageProductions="true" cutTrees="true" manageRights="true" transferMoney="true" updateFarm="true" manageContracting="true"/>
            <player uniqueUserId="WjgMmbi+5liTFQtfAhZgGBaFJ3TS+Kbby1Iq+z5GXEE=" farmManager="true" lastNickname="Dampy" timeLastConnected="2024/11/13 19:13" buyVehicle="true" sellVehicle="true" buyPlaceable="true" sellPlaceable="true" manageContracts="true" tradeAnimals="true" createFields="true" landscaping="true" hireAssistant="true" resetVehicle="true" manageProductions="true" cutTrees="true" manageRights="true" transferMoney="true" updateFarm="true" manageContracting="true"/>
            <player uniqueUserId="BpCM7iRLuwGYdg1kWhwf4gvE0dBpUNP/KDHQFanjNAs=" farmManager="true" lastNickname="tek604" timeLastConnected="2024/11/12 20:20" buyVehicle="true" sellVehicle="true" buyPlaceable="true" sellPlaceable="true" manageContracts="true" tradeAnimals="true" createFields="true" landscaping="true" hireAssistant="true" resetVehicle="true" manageProductions="true" cutTrees="true" manageRights="true" transferMoney="true" updateFarm="true" manageContracting="true"/>
            <player uniqueUserId="EQthAALFJlNAxvWGtts1YpIflbHDVpwbwnFQA31fXuQ=" farmManager="true" lastNickname="MDC" timeLastConnected="2024/11/12 20:19" buyVehicle="true" sellVehicle="true" buyPlaceable="true" sellPlaceable="true" manageContracts="true" tradeAnimals="true" createFields="true" landscaping="true" hireAssistant="true" resetVehicle="true" manageProductions="true" cutTrees="true" manageRights="true" transferMoney="true" updateFarm="true" manageContracting="true"/>
            <player uniqueUserId="PLS9CBzZ7GOVb3ooh1tRxPT/yKIdGT3EdZmAVlU8khM=" farmManager="true" lastNickname="Stevie" timeLastConnected="2024/11/12 20:19" buyVehicle="true" sellVehicle="true" buyPlaceable="true" sellPlaceable="true" manageContracts="true" tradeAnimals="true" createFields="true" landscaping="true" hireAssistant="true" resetVehicle="true" manageProductions="true" cutTrees="true" manageRights="true" transferMoney="true" updateFarm="true" manageContracting="true"/>
            <player uniqueUserId="snzjVvHb4IPJxbyC7OpjNF3GGi2IuaOfrhsiCK4ZEeM=" farmManager="true" lastNickname="krist" timeLastConnected="2024/11/12 20:19" buyVehicle="true" sellVehicle="true" buyPlaceable="true" sellPlaceable="true" manageContracts="true" tradeAnimals="true" createFields="true" landscaping="true" hireAssistant="true" resetVehicle="true" manageProductions="true" cutTrees="true" manageRights="true" transferMoney="true" updateFarm="true" manageContracting="true"/>
            <player uniqueUserId="6aEo6ShoCBoaQ9t8V1E55uj1rltGHG56iDolG+p0iJc=" farmManager="true" lastNickname="Ol&apos;d3p" timeLastConnected="2024/11/12 20:19" buyVehicle="true" sellVehicle="true" buyPlaceable="true" sellPlaceable="true" manageContracts="true" tradeAnimals="true" createFields="true" landscaping="true" hireAssistant="true" resetVehicle="true" manageProductions="true" cutTrees="true" manageRights="true" transferMoney="true" updateFarm="true" manageContracting="true"/>
        </players>
        <statistics>
            <traveledDistance>3793.110840</traveledDistance>
            <fuelUsage>19456.835938</fuelUsage>
            <seedUsage>4632.207031</seedUsage>
            <sprayUsage>87721.101562</sprayUsage>
            <workedHectares>549.220703</workedHectares>
            <cultivatedHectares>80.240082</cultivatedHectares>
            <sownHectares>38.811424</sownHectares>
            <sprayedHectares>87.298676</sprayedHectares>
            <threshedHectares>138.043732</threshedHectares>
            <plowedHectares>57.932522</plowedHectares>
            <harvestedGrapes>0.000000</harvestedGrapes>
            <harvestedOlives>0.000000</harvestedOlives>
            <workedTime>4293.692383</workedTime>
            <cultivatedTime>548.432068</cultivatedTime>
            <sownTime>435.779358</sownTime>
            <sprayedTime>945.445496</sprayedTime>
            <threshedTime>2350.814941</threshedTime>
            <plowedTime>767.008362</plowedTime>
            <baleCount>680</baleCount>
            <breedCowsCount>0</breedCowsCount>
            <breedSheepCount>5</breedSheepCount>
            <breedPigsCount>0</breedPigsCount>
            <breedChickenCount>0</breedChickenCount>
            <breedHorsesCount>0</breedHorsesCount>
            <breedGoatsCount>8</breedGoatsCount>
            <breedWaterBuffaloCount>0</breedWaterBuffaloCount>
            <missionCount>379</missionCount>
            <revenue>0.000000</revenue>
            <expenses>936.392700</expenses>
            <playTime>26062.306641</playTime>
            <plantedTreeCount>0</plantedTreeCount>
            <cutTreeCount>103</cutTreeCount>
            <woodTonsSold>0.000000</woodTonsSold>
            <treeTypesCut>000000</treeTypesCut>
            <petDogCount>0</petDogCount>
            <repairVehicleCount>48</repairVehicleCount>
            <repaintVehicleCount>0</repaintVehicleCount>
            <horseJumpCount>0</horseJumpCount>
            <soldCottonBales>0</soldCottonBales>
            <wrappedBales>103</wrappedBales>
            <tractorDistance>3466.823486</tractorDistance>
            <carDistance>146.296524</carDistance>
            <truckDistance>179.990845</truckDistance>
            <horseDistance>0.000000</horseDistance>
        </statistics>
        <finances>
            <stats day="0">
                <newVehiclesCost>0.000000</newVehiclesCost>
                <soldVehicles>0.000000</soldVehicles>
                <newHandtoolsCost>0.000000</newHandtoolsCost>
                <soldHandtools>0.000000</soldHandtools>
                <newAnimalsCost>0.000000</newAnimalsCost>
                <soldAnimals>0.000000</soldAnimals>
                <constructionCost>0.000000</constructionCost>
                <soldBuildings>0.000000</soldBuildings>
                <fieldPurchase>0.000000</fieldPurchase>
                <fieldSelling>0.000000</fieldSelling>
                <vehicleRunningCost>-18138.000000</vehicleRunningCost>
                <vehicleLeasingCost>0.000000</vehicleLeasingCost>
                <propertyMaintenance>0.000000</propertyMaintenance>
                <propertyIncome>0.000000</propertyIncome>
                <productionCosts>-640.712708</productionCosts>
                <soldWood>0.000000</soldWood>
                <soldBales>0.000000</soldBales>
                <soldWool>0.000000</soldWool>
                <soldMilk>0.000000</soldMilk>
                <soldProducts>0.000000</soldProducts>
                <purchaseFuel>-624.227356</purchaseFuel>
                <purchaseSeeds>0.000000</purchaseSeeds>
                <purchaseFertilizer>-1920.000000</purchaseFertilizer>
                <purchaseSaplings>0.000000</purchaseSaplings>
                <purchaseWater>-20.666666</purchaseWater>
                <purchaseBales>0.000000</purchaseBales>
                <purchasePallets>0.000000</purchasePallets>
                <harvestIncome>0.000000</harvestIncome>
                <incomeBga>0.000000</incomeBga>
                <missionIncome>33575.253906</missionIncome>
                <wagePayment>0.000000</wagePayment>
                <other>0.000000</other>
                <loanInterest>0.000000</loanInterest>
            </stats>
            <stats day="1">
                <newVehiclesCost>-48000.000000</newVehiclesCost>
                <soldVehicles>12524.000000</soldVehicles>
                <newHandtoolsCost>0.000000</newHandtoolsCost>
                <soldHandtools>0.000000</soldHandtools>
                <newAnimalsCost>0.000000</newAnimalsCost>
                <soldAnimals>0.000000</soldAnimals>
                <constructionCost>0.000000</constructionCost>
                <soldBuildings>0.000000</soldBuildings>
                <fieldPurchase>0.000000</fieldPurchase>
                <fieldSelling>0.000000</fieldSelling>
                <vehicleRunningCost>0.000000</vehicleRunningCost>
                <vehicleLeasingCost>0.000000</vehicleLeasingCost>
                <propertyMaintenance>-731.119995</propertyMaintenance>
                <propertyIncome>0.000000</propertyIncome>
                <productionCosts>-1722.844604</productionCosts>
                <soldWood>0.000000</soldWood>
                <soldBales>0.000000</soldBales>
                <soldWool>0.000000</soldWool>
                <soldMilk>0.000000</soldMilk>
                <soldProducts>0.000000</soldProducts>
                <purchaseFuel>0.000000</purchaseFuel>
                <purchaseSeeds>0.000000</purchaseSeeds>
                <purchaseFertilizer>0.000000</purchaseFertilizer>
                <purchaseSaplings>0.000000</purchaseSaplings>
                <purchaseWater>-62.000000</purchaseWater>
                <purchaseBales>0.000000</purchaseBales>
                <purchasePallets>0.000000</purchasePallets>
                <harvestIncome>0.000000</harvestIncome>
                <incomeBga>0.000000</incomeBga>
                <missionIncome>0.000000</missionIncome>
                <wagePayment>0.000000</wagePayment>
                <other>0.000000</other>
                <loanInterest>0.000000</loanInterest>
            </stats>
            <stats day="2">
                <newVehiclesCost>-180759.109375</newVehiclesCost>
                <soldVehicles>40797.000000</soldVehicles>
                <newHandtoolsCost>0.000000</newHandtoolsCost>
                <soldHandtools>0.000000</soldHandtools>
                <newAnimalsCost>0.000000</newAnimalsCost>
                <soldAnimals>0.000000</soldAnimals>
                <constructionCost>0.000000</constructionCost>
                <soldBuildings>0.000000</soldBuildings>
                <fieldPurchase>0.000000</fieldPurchase>
                <fieldSelling>0.000000</fieldSelling>
                <vehicleRunningCost>0.000000</vehicleRunningCost>
                <vehicleLeasingCost>0.000000</vehicleLeasingCost>
                <propertyMaintenance>-733.500000</propertyMaintenance>
                <propertyIncome>0.000000</propertyIncome>
                <productionCosts>-1709.946533</productionCosts>
                <soldWood>0.000000</soldWood>
                <soldBales>0.000000</soldBales>
                <soldWool>0.000000</soldWool>
                <soldMilk>0.000000</soldMilk>
                <soldProducts>0.000000</soldProducts>
                <purchaseFuel>0.000000</purchaseFuel>
                <purchaseSeeds>0.000000</purchaseSeeds>
                <purchaseFertilizer>0.000000</purchaseFertilizer>
                <purchaseSaplings>0.000000</purchaseSaplings>
                <purchaseWater>-62.000000</purchaseWater>
                <purchaseBales>0.000000</purchaseBales>
                <purchasePallets>0.000000</purchasePallets>
                <harvestIncome>0.000000</harvestIncome>
                <incomeBga>0.000000</incomeBga>
                <missionIncome>0.000000</missionIncome>
                <wagePayment>-722.748474</wagePayment>
                <other>0.000000</other>
                <loanInterest>0.000000</loanInterest>
            </stats>
            <stats day="3">
                <newVehiclesCost>0.000000</newVehiclesCost>
                <soldVehicles>0.000000</soldVehicles>
                <newHandtoolsCost>0.000000</newHandtoolsCost>
                <soldHandtools>0.000000</soldHandtools>
                <newAnimalsCost>0.000000</newAnimalsCost>
                <soldAnimals>0.000000</soldAnimals>
                <constructionCost>0.000000</constructionCost>
                <soldBuildings>0.000000</soldBuildings>
                <fieldPurchase>0.000000</fieldPurchase>
                <fieldSelling>0.000000</fieldSelling>
                <vehicleRunningCost>-23131.859375</vehicleRunningCost>
                <vehicleLeasingCost>0.000000</vehicleLeasingCost>
                <propertyMaintenance>-735.880005</propertyMaintenance>
                <propertyIncome>0.000000</propertyIncome>
                <productionCosts>-1713.284302</productionCosts>
                <soldWood>0.000000</soldWood>
                <soldBales>0.000000</soldBales>
                <soldWool>0.000000</soldWool>
                <soldMilk>0.000000</soldMilk>
                <soldProducts>0.000000</soldProducts>
                <purchaseFuel>-942.255859</purchaseFuel>
                <purchaseSeeds>0.000000</purchaseSeeds>
                <purchaseFertilizer>-19200.000000</purchaseFertilizer>
                <purchaseSaplings>0.000000</purchaseSaplings>
                <purchaseWater>-62.000000</purchaseWater>
                <purchaseBales>0.000000</purchaseBales>
                <purchasePallets>0.000000</purchasePallets>
                <harvestIncome>1828.615479</harvestIncome>
                <incomeBga>0.000000</incomeBga>
                <missionIncome>69881.226562</missionIncome>
                <wagePayment>-739.310303</wagePayment>
                <other>-1200.000000</other>
                <loanInterest>0.000000</loanInterest>
            </stats>
            <stats day="4">
                <newVehiclesCost>-62466.000000</newVehiclesCost>
                <soldVehicles>29790.000000</soldVehicles>
                <newHandtoolsCost>0.000000</newHandtoolsCost>
                <soldHandtools>0.000000</soldHandtools>
                <newAnimalsCost>0.000000</newAnimalsCost>
                <soldAnimals>0.000000</soldAnimals>
                <constructionCost>-147601.000000</constructionCost>
                <soldBuildings>16036.000000</soldBuildings>
                <fieldPurchase>0.000000</fieldPurchase>
                <fieldSelling>0.000000</fieldSelling>
                <vehicleRunningCost>0.000000</vehicleRunningCost>
                <vehicleLeasingCost>-5865.000000</vehicleLeasingCost>
                <propertyMaintenance>-738.260010</propertyMaintenance>
                <propertyIncome>0.000000</propertyIncome>
                <productionCosts>-2105.832031</productionCosts>
                <soldWood>0.000000</soldWood>
                <soldBales>10151.583008</soldBales>
                <soldWool>0.000000</soldWool>
                <soldMilk>0.000000</soldMilk>
                <soldProducts>0.000000</soldProducts>
                <purchaseFuel>-226.521790</purchaseFuel>
                <purchaseSeeds>0.000000</purchaseSeeds>
                <purchaseFertilizer>0.000000</purchaseFertilizer>
                <purchaseSaplings>0.000000</purchaseSaplings>
                <purchaseWater>-72.333336</purchaseWater>
                <purchaseBales>0.000000</purchaseBales>
                <purchasePallets>0.000000</purchasePallets>
                <harvestIncome>2214.600098</harvestIncome>
                <incomeBga>0.000000</incomeBga>
                <missionIncome>56526.808594</missionIncome>
                <wagePayment>0.000000</wagePayment>
                <other>0.000000</other>
                <loanInterest>0.000000</loanInterest>
            </stats>
        </finances>
    </farm>
</farms>
