﻿<?xml version="1.0" encoding="utf-8" standalone="no"?>
<farms>
    <farm farmId="1" name="Pepega Farm #3" color="8" loan="0.000000" money="116659.085938">
        <players>
            <player uniqueUserId="xAzizFu4SluxMt6Zci6oUtGCR84zvteUS+AsM3mOWq0=" farmManager="true" lastNickname="zamit" timeLastConnected="2024/11/19 20:17" buyVehicle="true" sellVehicle="true" buyPlaceable="true" sellPlaceable="true" manageContracts="true" tradeAnimals="true" createFields="true" landscaping="true" hireAssistant="true" resetVehicle="true" manageProductions="true" cutTrees="true" manageRights="true" transferMoney="true" updateFarm="true" manageContracting="true"/>
            <player uniqueUserId="vbeH2CBlyCCylEI9bkUF2vOXBipsQc8A/08bZvQuC9w=" farmManager="true" lastNickname="alex2" timeLastConnected="2024/11/17 18:19" buyVehicle="true" sellVehicle="true" buyPlaceable="true" sellPlaceable="true" manageContracts="true" tradeAnimals="true" createFields="true" landscaping="true" hireAssistant="true" resetVehicle="true" manageProductions="true" cutTrees="true" manageRights="true" transferMoney="true" updateFarm="true" manageContracting="true"/>
            <player uniqueUserId="uwjoHVuy+uPPg/JSqT/W7EuwRdnZ6S7KLQBPvP7V3js=" farmManager="false" lastNickname="therminator" timeLastConnected="2024/11/17 10:48" buyVehicle="false" sellVehicle="false" buyPlaceable="false" sellPlaceable="false" manageContracts="false" tradeAnimals="false" createFields="false" landscaping="false" hireAssistant="false" resetVehicle="false" manageProductions="false" cutTrees="false" manageRights="false" transferMoney="false" updateFarm="false" manageContracting="false"/>
            <player uniqueUserId="6zm+LVnJI0+AEtSl6RDWYi8ai/tXTgvHjGlMekq1vfQ=" farmManager="true" lastNickname="NoShrimpathy" timeLastConnected="2024/11/15 13:49" buyVehicle="true" sellVehicle="true" buyPlaceable="true" sellPlaceable="true" manageContracts="true" tradeAnimals="true" createFields="true" landscaping="true" hireAssistant="true" resetVehicle="true" manageProductions="true" cutTrees="true" manageRights="true" transferMoney="true" updateFarm="true" manageContracting="true"/>
            <player uniqueUserId="rC7f5t0XKKBtb1nG9+uE7APsz5tDS/Wu88cgdxMct7c=" farmManager="true" lastNickname="raz" timeLastConnected="2024/11/13 21:31" buyVehicle="true" sellVehicle="true" buyPlaceable="true" sellPlaceable="true" manageContracts="true" tradeAnimals="true" createFields="true" landscaping="true" hireAssistant="true" resetVehicle="true" manageProductions="true" cutTrees="true" manageRights="true" transferMoney="true" updateFarm="true" manageContracting="true"/>
            <player uniqueUserId="WjgMmbi+5liTFQtfAhZgGBaFJ3TS+Kbby1Iq+z5GXEE=" farmManager="true" lastNickname="Dampy" timeLastConnected="2024/11/13 19:13" buyVehicle="true" sellVehicle="true" buyPlaceable="true" sellPlaceable="true" manageContracts="true" tradeAnimals="true" createFields="true" landscaping="true" hireAssistant="true" resetVehicle="true" manageProductions="true" cutTrees="true" manageRights="true" transferMoney="true" updateFarm="true" manageContracting="true"/>
            <player uniqueUserId="BpCM7iRLuwGYdg1kWhwf4gvE0dBpUNP/KDHQFanjNAs=" farmManager="true" lastNickname="tek604" timeLastConnected="2024/11/12 20:20" buyVehicle="true" sellVehicle="true" buyPlaceable="true" sellPlaceable="true" manageContracts="true" tradeAnimals="true" createFields="true" landscaping="true" hireAssistant="true" resetVehicle="true" manageProductions="true" cutTrees="true" manageRights="true" transferMoney="true" updateFarm="true" manageContracting="true"/>
            <player uniqueUserId="EQthAALFJlNAxvWGtts1YpIflbHDVpwbwnFQA31fXuQ=" farmManager="true" lastNickname="MDC" timeLastConnected="2024/11/12 20:19" buyVehicle="true" sellVehicle="true" buyPlaceable="true" sellPlaceable="true" manageContracts="true" tradeAnimals="true" createFields="true" landscaping="true" hireAssistant="true" resetVehicle="true" manageProductions="true" cutTrees="true" manageRights="true" transferMoney="true" updateFarm="true" manageContracting="true"/>
            <player uniqueUserId="PLS9CBzZ7GOVb3ooh1tRxPT/yKIdGT3EdZmAVlU8khM=" farmManager="true" lastNickname="Stevie" timeLastConnected="2024/11/12 20:19" buyVehicle="true" sellVehicle="true" buyPlaceable="true" sellPlaceable="true" manageContracts="true" tradeAnimals="true" createFields="true" landscaping="true" hireAssistant="true" resetVehicle="true" manageProductions="true" cutTrees="true" manageRights="true" transferMoney="true" updateFarm="true" manageContracting="true"/>
            <player uniqueUserId="snzjVvHb4IPJxbyC7OpjNF3GGi2IuaOfrhsiCK4ZEeM=" farmManager="true" lastNickname="krist" timeLastConnected="2024/11/12 20:19" buyVehicle="true" sellVehicle="true" buyPlaceable="true" sellPlaceable="true" manageContracts="true" tradeAnimals="true" createFields="true" landscaping="true" hireAssistant="true" resetVehicle="true" manageProductions="true" cutTrees="true" manageRights="true" transferMoney="true" updateFarm="true" manageContracting="true"/>
            <player uniqueUserId="6aEo6ShoCBoaQ9t8V1E55uj1rltGHG56iDolG+p0iJc=" farmManager="true" lastNickname="Ol&apos;d3p" timeLastConnected="2024/11/12 20:19" buyVehicle="true" sellVehicle="true" buyPlaceable="true" sellPlaceable="true" manageContracts="true" tradeAnimals="true" createFields="true" landscaping="true" hireAssistant="true" resetVehicle="true" manageProductions="true" cutTrees="true" manageRights="true" transferMoney="true" updateFarm="true" manageContracting="true"/>
        </players>
        <statistics>
            <traveledDistance>4595.855469</traveledDistance>
            <fuelUsage>24927.681641</fuelUsage>
            <seedUsage>8758.171875</seedUsage>
            <sprayUsage>191329.546875</sprayUsage>
            <workedHectares>765.096191</workedHectares>
            <cultivatedHectares>124.886703</cultivatedHectares>
            <sownHectares>73.427025</sownHectares>
            <sprayedHectares>192.340714</sprayedHectares>
            <threshedHectares>195.030029</threshedHectares>
            <plowedHectares>62.359245</plowedHectares>
            <harvestedGrapes>0.000000</harvestedGrapes>
            <harvestedOlives>0.000000</harvestedOlives>
            <workedTime>5542.763184</workedTime>
            <cultivatedTime>792.862366</cultivatedTime>
            <sownTime>663.029053</sownTime>
            <sprayedTime>1567.819824</sprayedTime>
            <threshedTime>2920.652344</threshedTime>
            <plowedTime>823.311829</plowedTime>
            <baleCount>869</baleCount>
            <breedCowsCount>0</breedCowsCount>
            <breedSheepCount>47</breedSheepCount>
            <breedPigsCount>0</breedPigsCount>
            <breedChickenCount>0</breedChickenCount>
            <breedHorsesCount>0</breedHorsesCount>
            <breedGoatsCount>24</breedGoatsCount>
            <breedWaterBuffaloCount>0</breedWaterBuffaloCount>
            <missionCount>401</missionCount>
            <revenue>0.000000</revenue>
            <expenses>1046.670654</expenses>
            <playTime>34507.914062</playTime>
            <plantedTreeCount>0</plantedTreeCount>
            <cutTreeCount>204</cutTreeCount>
            <woodTonsSold>0.000000</woodTonsSold>
            <treeTypesCut>000000</treeTypesCut>
            <petDogCount>0</petDogCount>
            <repairVehicleCount>62</repairVehicleCount>
            <repaintVehicleCount>0</repaintVehicleCount>
            <horseJumpCount>0</horseJumpCount>
            <soldCottonBales>0</soldCottonBales>
            <wrappedBales>125</wrappedBales>
            <tractorDistance>4204.172363</tractorDistance>
            <carDistance>149.432800</carDistance>
            <truckDistance>242.250397</truckDistance>
            <horseDistance>0.000000</horseDistance>
        </statistics>
        <finances>
            <stats day="0">
                <newVehiclesCost>0.000000</newVehiclesCost>
                <soldVehicles>0.000000</soldVehicles>
                <newHandtoolsCost>0.000000</newHandtoolsCost>
                <soldHandtools>0.000000</soldHandtools>
                <newAnimalsCost>0.000000</newAnimalsCost>
                <soldAnimals>0.000000</soldAnimals>
                <constructionCost>-18104.000000</constructionCost>
                <soldBuildings>0.000000</soldBuildings>
                <fieldPurchase>0.000000</fieldPurchase>
                <fieldSelling>0.000000</fieldSelling>
                <vehicleRunningCost>0.000000</vehicleRunningCost>
                <vehicleLeasingCost>0.000000</vehicleLeasingCost>
                <propertyMaintenance>0.000000</propertyMaintenance>
                <propertyIncome>0.000000</propertyIncome>
                <productionCosts>-759.136719</productionCosts>
                <soldWood>0.000000</soldWood>
                <soldBales>0.000000</soldBales>
                <soldWool>0.000000</soldWool>
                <soldMilk>0.000000</soldMilk>
                <soldProducts>0.000000</soldProducts>
                <purchaseFuel>0.000000</purchaseFuel>
                <purchaseSeeds>0.000000</purchaseSeeds>
                <purchaseFertilizer>0.000000</purchaseFertilizer>
                <purchaseSaplings>0.000000</purchaseSaplings>
                <purchaseWater>-54.666668</purchaseWater>
                <purchaseBales>0.000000</purchaseBales>
                <purchasePallets>0.000000</purchasePallets>
                <harvestIncome>0.000000</harvestIncome>
                <incomeBga>0.000000</incomeBga>
                <missionIncome>0.000000</missionIncome>
                <wagePayment>0.000000</wagePayment>
                <other>0.000000</other>
                <loanInterest>0.000000</loanInterest>
            </stats>
            <stats day="1">
                <newVehiclesCost>0.000000</newVehiclesCost>
                <soldVehicles>0.000000</soldVehicles>
                <newHandtoolsCost>0.000000</newHandtoolsCost>
                <soldHandtools>0.000000</soldHandtools>
                <newAnimalsCost>0.000000</newAnimalsCost>
                <soldAnimals>0.000000</soldAnimals>
                <constructionCost>0.000000</constructionCost>
                <soldBuildings>0.000000</soldBuildings>
                <fieldPurchase>0.000000</fieldPurchase>
                <fieldSelling>0.000000</fieldSelling>
                <vehicleRunningCost>0.000000</vehicleRunningCost>
                <vehicleLeasingCost>0.000000</vehicleLeasingCost>
                <propertyMaintenance>-714.500000</propertyMaintenance>
                <propertyIncome>0.000000</propertyIncome>
                <productionCosts>-2278.423584</productionCosts>
                <soldWood>0.000000</soldWood>
                <soldBales>0.000000</soldBales>
                <soldWool>0.000000</soldWool>
                <soldMilk>0.000000</soldMilk>
                <soldProducts>0.000000</soldProducts>
                <purchaseFuel>-232.520416</purchaseFuel>
                <purchaseSeeds>0.000000</purchaseSeeds>
                <purchaseFertilizer>0.000000</purchaseFertilizer>
                <purchaseSaplings>0.000000</purchaseSaplings>
                <purchaseWater>-164.000000</purchaseWater>
                <purchaseBales>0.000000</purchaseBales>
                <purchasePallets>0.000000</purchasePallets>
                <harvestIncome>0.000000</harvestIncome>
                <incomeBga>0.000000</incomeBga>
                <missionIncome>1350.000000</missionIncome>
                <wagePayment>0.000000</wagePayment>
                <other>0.000000</other>
                <loanInterest>-116.000000</loanInterest>
            </stats>
            <stats day="2">
                <newVehiclesCost>0.000000</newVehiclesCost>
                <soldVehicles>0.000000</soldVehicles>
                <newHandtoolsCost>0.000000</newHandtoolsCost>
                <soldHandtools>0.000000</soldHandtools>
                <newAnimalsCost>0.000000</newAnimalsCost>
                <soldAnimals>0.000000</soldAnimals>
                <constructionCost>0.000000</constructionCost>
                <soldBuildings>0.000000</soldBuildings>
                <fieldPurchase>0.000000</fieldPurchase>
                <fieldSelling>0.000000</fieldSelling>
                <vehicleRunningCost>0.000000</vehicleRunningCost>
                <vehicleLeasingCost>0.000000</vehicleLeasingCost>
                <propertyMaintenance>-716.679993</propertyMaintenance>
                <propertyIncome>0.000000</propertyIncome>
                <productionCosts>-2309.544678</productionCosts>
                <soldWood>0.000000</soldWood>
                <soldBales>0.000000</soldBales>
                <soldWool>0.000000</soldWool>
                <soldMilk>0.000000</soldMilk>
                <soldProducts>238411.078125</soldProducts>
                <purchaseFuel>0.000000</purchaseFuel>
                <purchaseSeeds>0.000000</purchaseSeeds>
                <purchaseFertilizer>0.000000</purchaseFertilizer>
                <purchaseSaplings>0.000000</purchaseSaplings>
                <purchaseWater>-164.000000</purchaseWater>
                <purchaseBales>0.000000</purchaseBales>
                <purchasePallets>0.000000</purchasePallets>
                <harvestIncome>0.000000</harvestIncome>
                <incomeBga>0.000000</incomeBga>
                <missionIncome>0.000000</missionIncome>
                <wagePayment>0.000000</wagePayment>
                <other>0.000000</other>
                <loanInterest>0.000000</loanInterest>
            </stats>
            <stats day="3">
                <newVehiclesCost>0.000000</newVehiclesCost>
                <soldVehicles>0.000000</soldVehicles>
                <newHandtoolsCost>0.000000</newHandtoolsCost>
                <soldHandtools>0.000000</soldHandtools>
                <newAnimalsCost>0.000000</newAnimalsCost>
                <soldAnimals>0.000000</soldAnimals>
                <constructionCost>0.000000</constructionCost>
                <soldBuildings>0.000000</soldBuildings>
                <fieldPurchase>0.000000</fieldPurchase>
                <fieldSelling>0.000000</fieldSelling>
                <vehicleRunningCost>0.000000</vehicleRunningCost>
                <vehicleLeasingCost>0.000000</vehicleLeasingCost>
                <propertyMaintenance>-718.859985</propertyMaintenance>
                <propertyIncome>0.000000</propertyIncome>
                <productionCosts>-2289.786377</productionCosts>
                <soldWood>0.000000</soldWood>
                <soldBales>0.000000</soldBales>
                <soldWool>0.000000</soldWool>
                <soldMilk>0.000000</soldMilk>
                <soldProducts>43722.765625</soldProducts>
                <purchaseFuel>-666.245728</purchaseFuel>
                <purchaseSeeds>0.000000</purchaseSeeds>
                <purchaseFertilizer>0.000000</purchaseFertilizer>
                <purchaseSaplings>0.000000</purchaseSaplings>
                <purchaseWater>-164.000000</purchaseWater>
                <purchaseBales>0.000000</purchaseBales>
                <purchasePallets>0.000000</purchasePallets>
                <harvestIncome>0.000000</harvestIncome>
                <incomeBga>0.000000</incomeBga>
                <missionIncome>0.000000</missionIncome>
                <wagePayment>0.000000</wagePayment>
                <other>0.000000</other>
                <loanInterest>0.000000</loanInterest>
            </stats>
            <stats day="4">
                <newVehiclesCost>-400376.781250</newVehiclesCost>
                <soldVehicles>0.000000</soldVehicles>
                <newHandtoolsCost>0.000000</newHandtoolsCost>
                <soldHandtools>0.000000</soldHandtools>
                <newAnimalsCost>0.000000</newAnimalsCost>
                <soldAnimals>0.000000</soldAnimals>
                <constructionCost>0.000000</constructionCost>
                <soldBuildings>0.000000</soldBuildings>
                <fieldPurchase>0.000000</fieldPurchase>
                <fieldSelling>0.000000</fieldSelling>
                <vehicleRunningCost>-7.477714</vehicleRunningCost>
                <vehicleLeasingCost>0.000000</vehicleLeasingCost>
                <propertyMaintenance>-721.039978</propertyMaintenance>
                <propertyIncome>0.000000</propertyIncome>
                <productionCosts>-2293.371826</productionCosts>
                <soldWood>0.000000</soldWood>
                <soldBales>0.000000</soldBales>
                <soldWool>0.000000</soldWool>
                <soldMilk>0.000000</soldMilk>
                <soldProducts>282978.062500</soldProducts>
                <purchaseFuel>0.000000</purchaseFuel>
                <purchaseSeeds>0.000000</purchaseSeeds>
                <purchaseFertilizer>0.000000</purchaseFertilizer>
                <purchaseSaplings>0.000000</purchaseSaplings>
                <purchaseWater>-164.000000</purchaseWater>
                <purchaseBales>0.000000</purchaseBales>
                <purchasePallets>0.000000</purchasePallets>
                <harvestIncome>0.000000</harvestIncome>
                <incomeBga>0.000000</incomeBga>
                <missionIncome>0.000000</missionIncome>
                <wagePayment>-6.008067</wagePayment>
                <other>0.000000</other>
                <loanInterest>0.000000</loanInterest>
            </stats>
        </finances>
    </farm>
</farms>
