﻿<?xml version="1.0" encoding="utf-8" standalone="no"?>
<farms>
    <farm farmId="1" name="Pepega Farm #3" color="8" loan="0.000000" money="279529.000000">
        <players>
            <player uniqueUserId="xAzizFu4SluxMt6Zci6oUtGCR84zvteUS+AsM3mOWq0=" farmManager="true" lastNickname="zamit" timeLastConnected="2024/11/19 20:17" buyVehicle="true" sellVehicle="true" buyPlaceable="true" sellPlaceable="true" manageContracts="true" tradeAnimals="true" createFields="true" landscaping="true" hireAssistant="true" resetVehicle="true" manageProductions="true" cutTrees="true" manageRights="true" transferMoney="true" updateFarm="true" manageContracting="true"/>
            <player uniqueUserId="vbeH2CBlyCCylEI9bkUF2vOXBipsQc8A/08bZvQuC9w=" farmManager="true" lastNickname="alex2" timeLastConnected="2024/11/17 18:19" buyVehicle="true" sellVehicle="true" buyPlaceable="true" sellPlaceable="true" manageContracts="true" tradeAnimals="true" createFields="true" landscaping="true" hireAssistant="true" resetVehicle="true" manageProductions="true" cutTrees="true" manageRights="true" transferMoney="true" updateFarm="true" manageContracting="true"/>
            <player uniqueUserId="uwjoHVuy+uPPg/JSqT/W7EuwRdnZ6S7KLQBPvP7V3js=" farmManager="false" lastNickname="therminator" timeLastConnected="2024/11/17 10:48" buyVehicle="false" sellVehicle="false" buyPlaceable="false" sellPlaceable="false" manageContracts="false" tradeAnimals="false" createFields="false" landscaping="false" hireAssistant="false" resetVehicle="false" manageProductions="false" cutTrees="false" manageRights="false" transferMoney="false" updateFarm="false" manageContracting="false"/>
            <player uniqueUserId="6zm+LVnJI0+AEtSl6RDWYi8ai/tXTgvHjGlMekq1vfQ=" farmManager="true" lastNickname="NoShrimpathy" timeLastConnected="2024/11/15 13:49" buyVehicle="true" sellVehicle="true" buyPlaceable="true" sellPlaceable="true" manageContracts="true" tradeAnimals="true" createFields="true" landscaping="true" hireAssistant="true" resetVehicle="true" manageProductions="true" cutTrees="true" manageRights="true" transferMoney="true" updateFarm="true" manageContracting="true"/>
            <player uniqueUserId="rC7f5t0XKKBtb1nG9+uE7APsz5tDS/Wu88cgdxMct7c=" farmManager="true" lastNickname="raz" timeLastConnected="2024/11/13 21:31" buyVehicle="true" sellVehicle="true" buyPlaceable="true" sellPlaceable="true" manageContracts="true" tradeAnimals="true" createFields="true" landscaping="true" hireAssistant="true" resetVehicle="true" manageProductions="true" cutTrees="true" manageRights="true" transferMoney="true" updateFarm="true" manageContracting="true"/>
            <player uniqueUserId="WjgMmbi+5liTFQtfAhZgGBaFJ3TS+Kbby1Iq+z5GXEE=" farmManager="true" lastNickname="Dampy" timeLastConnected="2024/11/13 19:13" buyVehicle="true" sellVehicle="true" buyPlaceable="true" sellPlaceable="true" manageContracts="true" tradeAnimals="true" createFields="true" landscaping="true" hireAssistant="true" resetVehicle="true" manageProductions="true" cutTrees="true" manageRights="true" transferMoney="true" updateFarm="true" manageContracting="true"/>
            <player uniqueUserId="BpCM7iRLuwGYdg1kWhwf4gvE0dBpUNP/KDHQFanjNAs=" farmManager="true" lastNickname="tek604" timeLastConnected="2024/11/12 20:20" buyVehicle="true" sellVehicle="true" buyPlaceable="true" sellPlaceable="true" manageContracts="true" tradeAnimals="true" createFields="true" landscaping="true" hireAssistant="true" resetVehicle="true" manageProductions="true" cutTrees="true" manageRights="true" transferMoney="true" updateFarm="true" manageContracting="true"/>
            <player uniqueUserId="EQthAALFJlNAxvWGtts1YpIflbHDVpwbwnFQA31fXuQ=" farmManager="true" lastNickname="MDC" timeLastConnected="2024/11/12 20:19" buyVehicle="true" sellVehicle="true" buyPlaceable="true" sellPlaceable="true" manageContracts="true" tradeAnimals="true" createFields="true" landscaping="true" hireAssistant="true" resetVehicle="true" manageProductions="true" cutTrees="true" manageRights="true" transferMoney="true" updateFarm="true" manageContracting="true"/>
            <player uniqueUserId="PLS9CBzZ7GOVb3ooh1tRxPT/yKIdGT3EdZmAVlU8khM=" farmManager="true" lastNickname="Stevie" timeLastConnected="2024/11/12 20:19" buyVehicle="true" sellVehicle="true" buyPlaceable="true" sellPlaceable="true" manageContracts="true" tradeAnimals="true" createFields="true" landscaping="true" hireAssistant="true" resetVehicle="true" manageProductions="true" cutTrees="true" manageRights="true" transferMoney="true" updateFarm="true" manageContracting="true"/>
            <player uniqueUserId="snzjVvHb4IPJxbyC7OpjNF3GGi2IuaOfrhsiCK4ZEeM=" farmManager="true" lastNickname="krist" timeLastConnected="2024/11/12 20:19" buyVehicle="true" sellVehicle="true" buyPlaceable="true" sellPlaceable="true" manageContracts="true" tradeAnimals="true" createFields="true" landscaping="true" hireAssistant="true" resetVehicle="true" manageProductions="true" cutTrees="true" manageRights="true" transferMoney="true" updateFarm="true" manageContracting="true"/>
            <player uniqueUserId="6aEo6ShoCBoaQ9t8V1E55uj1rltGHG56iDolG+p0iJc=" farmManager="true" lastNickname="Ol&apos;d3p" timeLastConnected="2024/11/12 20:19" buyVehicle="true" sellVehicle="true" buyPlaceable="true" sellPlaceable="true" manageContracts="true" tradeAnimals="true" createFields="true" landscaping="true" hireAssistant="true" resetVehicle="true" manageProductions="true" cutTrees="true" manageRights="true" transferMoney="true" updateFarm="true" manageContracting="true"/>
        </players>
        <statistics>
            <traveledDistance>8328.643555</traveledDistance>
            <fuelUsage>65061.433594</fuelUsage>
            <seedUsage>43390.304688</seedUsage>
            <sprayUsage>932633.750000</sprayUsage>
            <workedHectares>2076.279053</workedHectares>
            <cultivatedHectares>368.464691</cultivatedHectares>
            <sownHectares>309.720367</sownHectares>
            <sprayedHectares>762.677185</sprayedHectares>
            <threshedHectares>494.296936</threshedHectares>
            <plowedHectares>63.970497</plowedHectares>
            <harvestedGrapes>0.000000</harvestedGrapes>
            <harvestedOlives>0.000000</harvestedOlives>
            <workedTime>11370.672852</workedTime>
            <cultivatedTime>1750.589478</cultivatedTime>
            <sownTime>1514.516846</sownTime>
            <sprayedTime>3977.876221</sprayedTime>
            <threshedTime>5445.296387</threshedTime>
            <plowedTime>847.588562</plowedTime>
            <baleCount>2128</baleCount>
            <breedCowsCount>75</breedCowsCount>
            <breedSheepCount>47</breedSheepCount>
            <breedPigsCount>0</breedPigsCount>
            <breedChickenCount>218</breedChickenCount>
            <breedHorsesCount>0</breedHorsesCount>
            <breedGoatsCount>24</breedGoatsCount>
            <breedWaterBuffaloCount>0</breedWaterBuffaloCount>
            <missionCount>407</missionCount>
            <revenue>0.000000</revenue>
            <expenses>1600.835327</expenses>
            <playTime>112413.367188</playTime>
            <plantedTreeCount>2870</plantedTreeCount>
            <cutTreeCount>1132</cutTreeCount>
            <woodTonsSold>0.000000</woodTonsSold>
            <treeTypesCut>000000</treeTypesCut>
            <petDogCount>0</petDogCount>
            <repairVehicleCount>148</repairVehicleCount>
            <repaintVehicleCount>2</repaintVehicleCount>
            <horseJumpCount>0</horseJumpCount>
            <soldCottonBales>12</soldCottonBales>
            <wrappedBales>463</wrappedBales>
            <tractorDistance>7458.282227</tractorDistance>
            <carDistance>269.888916</carDistance>
            <truckDistance>600.476135</truckDistance>
            <horseDistance>0.000000</horseDistance>
        </statistics>
        <finances>
            <stats day="0">
                <newVehiclesCost>0.000000</newVehiclesCost>
                <soldVehicles>0.000000</soldVehicles>
                <newHandtoolsCost>0.000000</newHandtoolsCost>
                <soldHandtools>0.000000</soldHandtools>
                <newAnimalsCost>0.000000</newAnimalsCost>
                <soldAnimals>0.000000</soldAnimals>
                <constructionCost>-56325.410156</constructionCost>
                <soldBuildings>0.000000</soldBuildings>
                <fieldPurchase>0.000000</fieldPurchase>
                <fieldSelling>0.000000</fieldSelling>
                <vehicleRunningCost>0.000000</vehicleRunningCost>
                <vehicleLeasingCost>0.000000</vehicleLeasingCost>
                <propertyMaintenance>-859.869385</propertyMaintenance>
                <propertyIncome>0.000000</propertyIncome>
                <productionCosts>-1444.988281</productionCosts>
                <soldWood>0.000000</soldWood>
                <soldBales>11302.304688</soldBales>
                <soldWool>0.000000</soldWool>
                <soldMilk>0.000000</soldMilk>
                <soldProducts>161844.765625</soldProducts>
                <purchaseFuel>0.000000</purchaseFuel>
                <purchaseSeeds>0.000000</purchaseSeeds>
                <purchaseFertilizer>0.000000</purchaseFertilizer>
                <purchaseSaplings>0.000000</purchaseSaplings>
                <purchaseWater>-507.750000</purchaseWater>
                <purchaseBales>0.000000</purchaseBales>
                <purchasePallets>0.000000</purchasePallets>
                <harvestIncome>36162.445312</harvestIncome>
                <incomeBga>0.000000</incomeBga>
                <missionIncome>0.000000</missionIncome>
                <wagePayment>0.000000</wagePayment>
                <other>0.000000</other>
                <loanInterest>0.000000</loanInterest>
            </stats>
            <stats day="1">
                <newVehiclesCost>0.000000</newVehiclesCost>
                <soldVehicles>0.000000</soldVehicles>
                <newHandtoolsCost>0.000000</newHandtoolsCost>
                <soldHandtools>0.000000</soldHandtools>
                <newAnimalsCost>0.000000</newAnimalsCost>
                <soldAnimals>0.000000</soldAnimals>
                <constructionCost>-640064.500000</constructionCost>
                <soldBuildings>65039.000000</soldBuildings>
                <fieldPurchase>0.000000</fieldPurchase>
                <fieldSelling>0.000000</fieldSelling>
                <vehicleRunningCost>-4634.832520</vehicleRunningCost>
                <vehicleLeasingCost>0.000000</vehicleLeasingCost>
                <propertyMaintenance>-1807.859985</propertyMaintenance>
                <propertyIncome>0.000000</propertyIncome>
                <productionCosts>-3902.484619</productionCosts>
                <soldWood>0.000000</soldWood>
                <soldBales>0.000000</soldBales>
                <soldWool>0.000000</soldWool>
                <soldMilk>23145.455078</soldMilk>
                <soldProducts>0.035629</soldProducts>
                <purchaseFuel>0.000000</purchaseFuel>
                <purchaseSeeds>-2520.000000</purchaseSeeds>
                <purchaseFertilizer>-7680.000000</purchaseFertilizer>
                <purchaseSaplings>0.000000</purchaseSaplings>
                <purchaseWater>-1354.000000</purchaseWater>
                <purchaseBales>0.000000</purchaseBales>
                <purchasePallets>0.000000</purchasePallets>
                <harvestIncome>6289.326660</harvestIncome>
                <incomeBga>0.000000</incomeBga>
                <missionIncome>0.000000</missionIncome>
                <wagePayment>-6325.541016</wagePayment>
                <other>0.000000</other>
                <loanInterest>0.000000</loanInterest>
            </stats>
            <stats day="2">
                <newVehiclesCost>0.000000</newVehiclesCost>
                <soldVehicles>0.000000</soldVehicles>
                <newHandtoolsCost>0.000000</newHandtoolsCost>
                <soldHandtools>0.000000</soldHandtools>
                <newAnimalsCost>0.000000</newAnimalsCost>
                <soldAnimals>0.000000</soldAnimals>
                <constructionCost>0.000000</constructionCost>
                <soldBuildings>0.000000</soldBuildings>
                <fieldPurchase>0.000000</fieldPurchase>
                <fieldSelling>0.000000</fieldSelling>
                <vehicleRunningCost>0.000000</vehicleRunningCost>
                <vehicleLeasingCost>0.000000</vehicleLeasingCost>
                <propertyMaintenance>-1812.739990</propertyMaintenance>
                <propertyIncome>0.000000</propertyIncome>
                <productionCosts>-3847.546631</productionCosts>
                <soldWood>0.000000</soldWood>
                <soldBales>0.000000</soldBales>
                <soldWool>0.000000</soldWool>
                <soldMilk>0.000000</soldMilk>
                <soldProducts>0.000000</soldProducts>
                <purchaseFuel>0.000000</purchaseFuel>
                <purchaseSeeds>-3780.000000</purchaseSeeds>
                <purchaseFertilizer>-17280.000000</purchaseFertilizer>
                <purchaseSaplings>0.000000</purchaseSaplings>
                <purchaseWater>-1354.000000</purchaseWater>
                <purchaseBales>0.000000</purchaseBales>
                <purchasePallets>0.000000</purchasePallets>
                <harvestIncome>0.000000</harvestIncome>
                <incomeBga>0.000000</incomeBga>
                <missionIncome>0.000000</missionIncome>
                <wagePayment>-2817.170654</wagePayment>
                <other>0.000000</other>
                <loanInterest>0.000000</loanInterest>
            </stats>
            <stats day="3">
                <newVehiclesCost>0.000000</newVehiclesCost>
                <soldVehicles>0.000000</soldVehicles>
                <newHandtoolsCost>0.000000</newHandtoolsCost>
                <soldHandtools>0.000000</soldHandtools>
                <newAnimalsCost>0.000000</newAnimalsCost>
                <soldAnimals>0.000000</soldAnimals>
                <constructionCost>0.000000</constructionCost>
                <soldBuildings>0.000000</soldBuildings>
                <fieldPurchase>0.000000</fieldPurchase>
                <fieldSelling>0.000000</fieldSelling>
                <vehicleRunningCost>-2.313101</vehicleRunningCost>
                <vehicleLeasingCost>0.000000</vehicleLeasingCost>
                <propertyMaintenance>-1817.619995</propertyMaintenance>
                <propertyIncome>0.000000</propertyIncome>
                <productionCosts>-3886.025146</productionCosts>
                <soldWood>0.000000</soldWood>
                <soldBales>0.000000</soldBales>
                <soldWool>0.000000</soldWool>
                <soldMilk>0.000000</soldMilk>
                <soldProducts>184726.562500</soldProducts>
                <purchaseFuel>-65.719299</purchaseFuel>
                <purchaseSeeds>0.000000</purchaseSeeds>
                <purchaseFertilizer>-6400.000000</purchaseFertilizer>
                <purchaseSaplings>0.000000</purchaseSaplings>
                <purchaseWater>-1523.250000</purchaseWater>
                <purchaseBales>0.000000</purchaseBales>
                <purchasePallets>0.000000</purchasePallets>
                <harvestIncome>0.000000</harvestIncome>
                <incomeBga>0.000000</incomeBga>
                <missionIncome>0.000000</missionIncome>
                <wagePayment>-3954.416260</wagePayment>
                <other>-3600.000000</other>
                <loanInterest>0.000000</loanInterest>
            </stats>
            <stats day="4">
                <newVehiclesCost>0.000000</newVehiclesCost>
                <soldVehicles>0.000000</soldVehicles>
                <newHandtoolsCost>0.000000</newHandtoolsCost>
                <soldHandtools>0.000000</soldHandtools>
                <newAnimalsCost>0.000000</newAnimalsCost>
                <soldAnimals>0.000000</soldAnimals>
                <constructionCost>-390011.000000</constructionCost>
                <soldBuildings>170457.000000</soldBuildings>
                <fieldPurchase>0.000000</fieldPurchase>
                <fieldSelling>0.000000</fieldSelling>
                <vehicleRunningCost>-27424.787109</vehicleRunningCost>
                <vehicleLeasingCost>0.000000</vehicleLeasingCost>
                <propertyMaintenance>-2522.830811</propertyMaintenance>
                <propertyIncome>0.000000</propertyIncome>
                <productionCosts>-3869.034668</productionCosts>
                <soldWood>0.000000</soldWood>
                <soldBales>0.000000</soldBales>
                <soldWool>0.000000</soldWool>
                <soldMilk>0.000000</soldMilk>
                <soldProducts>84680.546875</soldProducts>
                <purchaseFuel>0.000000</purchaseFuel>
                <purchaseSeeds>0.000000</purchaseSeeds>
                <purchaseFertilizer>0.000000</purchaseFertilizer>
                <purchaseSaplings>0.000000</purchaseSaplings>
                <purchaseWater>-1354.000000</purchaseWater>
                <purchaseBales>0.000000</purchaseBales>
                <purchasePallets>0.000000</purchasePallets>
                <harvestIncome>0.000000</harvestIncome>
                <incomeBga>0.000000</incomeBga>
                <missionIncome>0.000000</missionIncome>
                <wagePayment>-1896.905029</wagePayment>
                <other>0.000000</other>
                <loanInterest>0.000000</loanInterest>
            </stats>
        </finances>
    </farm>
</farms>
