﻿<?xml version="1.0" encoding="utf-8" standalone="no"?>
<farms>
    <farm farmId="1" name="Pepega Farm #3" color="8" loan="0.000000" money="86327.203125">
        <players>
            <player uniqueUserId="xAzizFu4SluxMt6Zci6oUtGCR84zvteUS+AsM3mOWq0=" farmManager="true" lastNickname="zamit" timeLastConnected="2024/11/19 20:17" buyVehicle="true" sellVehicle="true" buyPlaceable="true" sellPlaceable="true" manageContracts="true" tradeAnimals="true" createFields="true" landscaping="true" hireAssistant="true" resetVehicle="true" manageProductions="true" cutTrees="true" manageRights="true" transferMoney="true" updateFarm="true" manageContracting="true"/>
            <player uniqueUserId="vbeH2CBlyCCylEI9bkUF2vOXBipsQc8A/08bZvQuC9w=" farmManager="true" lastNickname="alex2" timeLastConnected="2024/11/17 18:19" buyVehicle="true" sellVehicle="true" buyPlaceable="true" sellPlaceable="true" manageContracts="true" tradeAnimals="true" createFields="true" landscaping="true" hireAssistant="true" resetVehicle="true" manageProductions="true" cutTrees="true" manageRights="true" transferMoney="true" updateFarm="true" manageContracting="true"/>
            <player uniqueUserId="uwjoHVuy+uPPg/JSqT/W7EuwRdnZ6S7KLQBPvP7V3js=" farmManager="false" lastNickname="therminator" timeLastConnected="2024/11/17 10:48" buyVehicle="false" sellVehicle="false" buyPlaceable="false" sellPlaceable="false" manageContracts="false" tradeAnimals="false" createFields="false" landscaping="false" hireAssistant="false" resetVehicle="false" manageProductions="false" cutTrees="false" manageRights="false" transferMoney="false" updateFarm="false" manageContracting="false"/>
            <player uniqueUserId="6zm+LVnJI0+AEtSl6RDWYi8ai/tXTgvHjGlMekq1vfQ=" farmManager="true" lastNickname="NoShrimpathy" timeLastConnected="2024/11/15 13:49" buyVehicle="true" sellVehicle="true" buyPlaceable="true" sellPlaceable="true" manageContracts="true" tradeAnimals="true" createFields="true" landscaping="true" hireAssistant="true" resetVehicle="true" manageProductions="true" cutTrees="true" manageRights="true" transferMoney="true" updateFarm="true" manageContracting="true"/>
            <player uniqueUserId="rC7f5t0XKKBtb1nG9+uE7APsz5tDS/Wu88cgdxMct7c=" farmManager="true" lastNickname="raz" timeLastConnected="2024/11/13 21:31" buyVehicle="true" sellVehicle="true" buyPlaceable="true" sellPlaceable="true" manageContracts="true" tradeAnimals="true" createFields="true" landscaping="true" hireAssistant="true" resetVehicle="true" manageProductions="true" cutTrees="true" manageRights="true" transferMoney="true" updateFarm="true" manageContracting="true"/>
            <player uniqueUserId="WjgMmbi+5liTFQtfAhZgGBaFJ3TS+Kbby1Iq+z5GXEE=" farmManager="true" lastNickname="Dampy" timeLastConnected="2024/11/13 19:13" buyVehicle="true" sellVehicle="true" buyPlaceable="true" sellPlaceable="true" manageContracts="true" tradeAnimals="true" createFields="true" landscaping="true" hireAssistant="true" resetVehicle="true" manageProductions="true" cutTrees="true" manageRights="true" transferMoney="true" updateFarm="true" manageContracting="true"/>
            <player uniqueUserId="BpCM7iRLuwGYdg1kWhwf4gvE0dBpUNP/KDHQFanjNAs=" farmManager="true" lastNickname="tek604" timeLastConnected="2024/11/12 20:20" buyVehicle="true" sellVehicle="true" buyPlaceable="true" sellPlaceable="true" manageContracts="true" tradeAnimals="true" createFields="true" landscaping="true" hireAssistant="true" resetVehicle="true" manageProductions="true" cutTrees="true" manageRights="true" transferMoney="true" updateFarm="true" manageContracting="true"/>
            <player uniqueUserId="snzjVvHb4IPJxbyC7OpjNF3GGi2IuaOfrhsiCK4ZEeM=" farmManager="true" lastNickname="krist" timeLastConnected="2024/11/12 20:19" buyVehicle="true" sellVehicle="true" buyPlaceable="true" sellPlaceable="true" manageContracts="true" tradeAnimals="true" createFields="true" landscaping="true" hireAssistant="true" resetVehicle="true" manageProductions="true" cutTrees="true" manageRights="true" transferMoney="true" updateFarm="true" manageContracting="true"/>
            <player uniqueUserId="PLS9CBzZ7GOVb3ooh1tRxPT/yKIdGT3EdZmAVlU8khM=" farmManager="true" lastNickname="Stevie" timeLastConnected="2024/11/12 20:19" buyVehicle="true" sellVehicle="true" buyPlaceable="true" sellPlaceable="true" manageContracts="true" tradeAnimals="true" createFields="true" landscaping="true" hireAssistant="true" resetVehicle="true" manageProductions="true" cutTrees="true" manageRights="true" transferMoney="true" updateFarm="true" manageContracting="true"/>
            <player uniqueUserId="EQthAALFJlNAxvWGtts1YpIflbHDVpwbwnFQA31fXuQ=" farmManager="true" lastNickname="MDC" timeLastConnected="2024/11/12 20:19" buyVehicle="true" sellVehicle="true" buyPlaceable="true" sellPlaceable="true" manageContracts="true" tradeAnimals="true" createFields="true" landscaping="true" hireAssistant="true" resetVehicle="true" manageProductions="true" cutTrees="true" manageRights="true" transferMoney="true" updateFarm="true" manageContracting="true"/>
            <player uniqueUserId="6aEo6ShoCBoaQ9t8V1E55uj1rltGHG56iDolG+p0iJc=" farmManager="true" lastNickname="Ol&apos;d3p" timeLastConnected="2024/11/12 20:19" buyVehicle="true" sellVehicle="true" buyPlaceable="true" sellPlaceable="true" manageContracts="true" tradeAnimals="true" createFields="true" landscaping="true" hireAssistant="true" resetVehicle="true" manageProductions="true" cutTrees="true" manageRights="true" transferMoney="true" updateFarm="true" manageContracting="true"/>
        </players>
        <statistics>
            <traveledDistance>5147.176270</traveledDistance>
            <fuelUsage>30119.169922</fuelUsage>
            <seedUsage>11972.380859</seedUsage>
            <sprayUsage>275518.843750</sprayUsage>
            <workedHectares>946.120789</workedHectares>
            <cultivatedHectares>157.463928</cultivatedHectares>
            <sownHectares>103.854248</sownHectares>
            <sprayedHectares>272.393463</sprayedHectares>
            <threshedHectares>239.526367</threshedHectares>
            <plowedHectares>63.367748</plowedHectares>
            <harvestedGrapes>0.000000</harvestedGrapes>
            <harvestedOlives>0.000000</harvestedOlives>
            <workedTime>6272.337891</workedTime>
            <cultivatedTime>893.302551</cultivatedTime>
            <sownTime>764.213745</sownTime>
            <sprayedTime>1886.042480</sprayedTime>
            <threshedTime>3268.245361</threshedTime>
            <plowedTime>837.517151</plowedTime>
            <baleCount>1037</baleCount>
            <breedCowsCount>0</breedCowsCount>
            <breedSheepCount>47</breedSheepCount>
            <breedPigsCount>0</breedPigsCount>
            <breedChickenCount>0</breedChickenCount>
            <breedHorsesCount>0</breedHorsesCount>
            <breedGoatsCount>24</breedGoatsCount>
            <breedWaterBuffaloCount>0</breedWaterBuffaloCount>
            <missionCount>406</missionCount>
            <revenue>0.000000</revenue>
            <expenses>1068.059692</expenses>
            <playTime>43800.332031</playTime>
            <plantedTreeCount>0</plantedTreeCount>
            <cutTreeCount>242</cutTreeCount>
            <woodTonsSold>0.000000</woodTonsSold>
            <treeTypesCut>000000</treeTypesCut>
            <petDogCount>0</petDogCount>
            <repairVehicleCount>72</repairVehicleCount>
            <repaintVehicleCount>0</repaintVehicleCount>
            <horseJumpCount>0</horseJumpCount>
            <soldCottonBales>0</soldCottonBales>
            <wrappedBales>161</wrappedBales>
            <tractorDistance>4708.013184</tractorDistance>
            <carDistance>149.432800</carDistance>
            <truckDistance>289.730774</truckDistance>
            <horseDistance>0.000000</horseDistance>
        </statistics>
        <finances>
            <stats day="0">
                <newVehiclesCost>-45500.000000</newVehiclesCost>
                <soldVehicles>0.000000</soldVehicles>
                <newHandtoolsCost>0.000000</newHandtoolsCost>
                <soldHandtools>0.000000</soldHandtools>
                <newAnimalsCost>0.000000</newAnimalsCost>
                <soldAnimals>0.000000</soldAnimals>
                <constructionCost>-144941.046875</constructionCost>
                <soldBuildings>16554.000000</soldBuildings>
                <fieldPurchase>0.000000</fieldPurchase>
                <fieldSelling>0.000000</fieldSelling>
                <vehicleRunningCost>-38998.781250</vehicleRunningCost>
                <vehicleLeasingCost>0.000000</vehicleLeasingCost>
                <propertyMaintenance>0.000000</propertyMaintenance>
                <propertyIncome>0.000000</propertyIncome>
                <productionCosts>-893.871399</productionCosts>
                <soldWood>0.000000</soldWood>
                <soldBales>0.000000</soldBales>
                <soldWool>0.000000</soldWool>
                <soldMilk>0.000000</soldMilk>
                <soldProducts>55169.402344</soldProducts>
                <purchaseFuel>-912.360901</purchaseFuel>
                <purchaseSeeds>0.000000</purchaseSeeds>
                <purchaseFertilizer>0.000000</purchaseFertilizer>
                <purchaseSaplings>0.000000</purchaseSaplings>
                <purchaseWater>-114.000000</purchaseWater>
                <purchaseBales>0.000000</purchaseBales>
                <purchasePallets>0.000000</purchasePallets>
                <harvestIncome>0.000000</harvestIncome>
                <incomeBga>0.000000</incomeBga>
                <missionIncome>0.000000</missionIncome>
                <wagePayment>0.000000</wagePayment>
                <other>0.000000</other>
                <loanInterest>0.000000</loanInterest>
            </stats>
            <stats day="1">
                <newVehiclesCost>-110000.000000</newVehiclesCost>
                <soldVehicles>67166.000000</soldVehicles>
                <newHandtoolsCost>0.000000</newHandtoolsCost>
                <soldHandtools>0.000000</soldHandtools>
                <newAnimalsCost>0.000000</newAnimalsCost>
                <soldAnimals>0.000000</soldAnimals>
                <constructionCost>-9060.000000</constructionCost>
                <soldBuildings>0.000000</soldBuildings>
                <fieldPurchase>-122784.000000</fieldPurchase>
                <fieldSelling>0.000000</fieldSelling>
                <vehicleRunningCost>-6.661387</vehicleRunningCost>
                <vehicleLeasingCost>-37663.500000</vehicleLeasingCost>
                <propertyMaintenance>-1045.959961</propertyMaintenance>
                <propertyIncome>0.000000</propertyIncome>
                <productionCosts>-2957.194092</productionCosts>
                <soldWood>0.000000</soldWood>
                <soldBales>0.000000</soldBales>
                <soldWool>0.000000</soldWool>
                <soldMilk>0.000000</soldMilk>
                <soldProducts>0.000000</soldProducts>
                <purchaseFuel>0.000000</purchaseFuel>
                <purchaseSeeds>0.000000</purchaseSeeds>
                <purchaseFertilizer>0.000000</purchaseFertilizer>
                <purchaseSaplings>0.000000</purchaseSaplings>
                <purchaseWater>-304.000000</purchaseWater>
                <purchaseBales>0.000000</purchaseBales>
                <purchasePallets>0.000000</purchasePallets>
                <harvestIncome>44605.597656</harvestIncome>
                <incomeBga>0.000000</incomeBga>
                <missionIncome>13186.105469</missionIncome>
                <wagePayment>0.000000</wagePayment>
                <other>0.000000</other>
                <loanInterest>0.000000</loanInterest>
            </stats>
            <stats day="2">
                <newVehiclesCost>0.000000</newVehiclesCost>
                <soldVehicles>0.000000</soldVehicles>
                <newHandtoolsCost>0.000000</newHandtoolsCost>
                <soldHandtools>0.000000</soldHandtools>
                <newAnimalsCost>0.000000</newAnimalsCost>
                <soldAnimals>11750.000000</soldAnimals>
                <constructionCost>0.000000</constructionCost>
                <soldBuildings>42203.000000</soldBuildings>
                <fieldPurchase>-265056.000000</fieldPurchase>
                <fieldSelling>71688.000000</fieldSelling>
                <vehicleRunningCost>0.000000</vehicleRunningCost>
                <vehicleLeasingCost>0.000000</vehicleLeasingCost>
                <propertyMaintenance>-847.539978</propertyMaintenance>
                <propertyIncome>0.000000</propertyIncome>
                <productionCosts>-2640.921387</productionCosts>
                <soldWood>0.000000</soldWood>
                <soldBales>0.000000</soldBales>
                <soldWool>0.000000</soldWool>
                <soldMilk>0.000000</soldMilk>
                <soldProducts>184475.937500</soldProducts>
                <purchaseFuel>0.000000</purchaseFuel>
                <purchaseSeeds>0.000000</purchaseSeeds>
                <purchaseFertilizer>0.000000</purchaseFertilizer>
                <purchaseSaplings>0.000000</purchaseSaplings>
                <purchaseWater>-210.666672</purchaseWater>
                <purchaseBales>0.000000</purchaseBales>
                <purchasePallets>0.000000</purchasePallets>
                <harvestIncome>0.000000</harvestIncome>
                <incomeBga>0.000000</incomeBga>
                <missionIncome>0.000000</missionIncome>
                <wagePayment>0.000000</wagePayment>
                <other>0.000000</other>
                <loanInterest>0.000000</loanInterest>
            </stats>
            <stats day="3">
                <newVehiclesCost>0.000000</newVehiclesCost>
                <soldVehicles>0.000000</soldVehicles>
                <newHandtoolsCost>0.000000</newHandtoolsCost>
                <soldHandtools>0.000000</soldHandtools>
                <newAnimalsCost>0.000000</newAnimalsCost>
                <soldAnimals>0.000000</soldAnimals>
                <constructionCost>-276555.375000</constructionCost>
                <soldBuildings>0.000000</soldBuildings>
                <fieldPurchase>0.000000</fieldPurchase>
                <fieldSelling>0.000000</fieldSelling>
                <vehicleRunningCost>0.000000</vehicleRunningCost>
                <vehicleLeasingCost>0.000000</vehicleLeasingCost>
                <propertyMaintenance>-999.919983</propertyMaintenance>
                <propertyIncome>0.000000</propertyIncome>
                <productionCosts>-2362.214355</productionCosts>
                <soldWood>0.000000</soldWood>
                <soldBales>0.000000</soldBales>
                <soldWool>0.000000</soldWool>
                <soldMilk>0.000000</soldMilk>
                <soldProducts>19035.328125</soldProducts>
                <purchaseFuel>0.000000</purchaseFuel>
                <purchaseSeeds>0.000000</purchaseSeeds>
                <purchaseFertilizer>0.000000</purchaseFertilizer>
                <purchaseSaplings>0.000000</purchaseSaplings>
                <purchaseWater>-164.000000</purchaseWater>
                <purchaseBales>0.000000</purchaseBales>
                <purchasePallets>0.000000</purchasePallets>
                <harvestIncome>37538.328125</harvestIncome>
                <incomeBga>0.000000</incomeBga>
                <missionIncome>0.000000</missionIncome>
                <wagePayment>0.000000</wagePayment>
                <other>0.000000</other>
                <loanInterest>0.000000</loanInterest>
            </stats>
            <stats day="4">
                <newVehiclesCost>-36500.000000</newVehiclesCost>
                <soldVehicles>0.000000</soldVehicles>
                <newHandtoolsCost>0.000000</newHandtoolsCost>
                <soldHandtools>0.000000</soldHandtools>
                <newAnimalsCost>-12750.000000</newAnimalsCost>
                <soldAnimals>0.000000</soldAnimals>
                <constructionCost>-1805.990845</constructionCost>
                <soldBuildings>0.000000</soldBuildings>
                <fieldPurchase>0.000000</fieldPurchase>
                <fieldSelling>0.000000</fieldSelling>
                <vehicleRunningCost>0.000000</vehicleRunningCost>
                <vehicleLeasingCost>0.000000</vehicleLeasingCost>
                <propertyMaintenance>-1002.900024</propertyMaintenance>
                <propertyIncome>0.000000</propertyIncome>
                <productionCosts>-2307.464844</productionCosts>
                <soldWood>0.000000</soldWood>
                <soldBales>0.000000</soldBales>
                <soldWool>0.000000</soldWool>
                <soldMilk>0.000000</soldMilk>
                <soldProducts>284742.218750</soldProducts>
                <purchaseFuel>0.000000</purchaseFuel>
                <purchaseSeeds>0.000000</purchaseSeeds>
                <purchaseFertilizer>0.000000</purchaseFertilizer>
                <purchaseSaplings>0.000000</purchaseSaplings>
                <purchaseWater>-257.333344</purchaseWater>
                <purchaseBales>0.000000</purchaseBales>
                <purchasePallets>0.000000</purchasePallets>
                <harvestIncome>0.000000</harvestIncome>
                <incomeBga>0.000000</incomeBga>
                <missionIncome>0.000000</missionIncome>
                <wagePayment>0.000000</wagePayment>
                <other>0.000000</other>
                <loanInterest>0.000000</loanInterest>
            </stats>
        </finances>
    </farm>
</farms>
