﻿<?xml version="1.0" encoding="utf-8" standalone="no"?>
<fields>
    <field id="1" plannedFruit="FALLOW" fruitType="MAIZE" growthState="10" lastGrowthState="10" weedState="0" stoneLevel="0" groundType="SOWN" sprayType="NONE" sprayLevel="1" limeLevel="1" rollerLevel="0" plowLevel="0" stubbleShredLevel="0" waterLevel="0"/>
    <field id="2" plannedFruit="WHEAT" fruitType="UNKNOWN" growthState="0" lastGrowthState="0" weedState="0" stoneLevel="0" groundType="CULTIVATED" sprayType="LIQUID_MANURE" sprayLevel="1" limeLevel="0" rollerLevel="0" plowLevel="0" stubbleShredLevel="0" waterLevel="0"/>
    <field id="3" plannedFruit="MAIZE" fruitType="UNKNOWN" growthState="0" lastGrowthState="0" weedState="0" stoneLevel="0" groundType="CULTIVATED" sprayType="LIME" sprayLevel="2" limeLevel="3" rollerLevel="0" plowLevel="0" stubbleShredLevel="0" waterLevel="0"/>
    <field id="4" plannedFruit="FALLOW" fruitType="UNKNOWN" growthState="0" lastGrowthState="0" weedState="0" stoneLevel="0" groundType="CULTIVATED" sprayType="NONE" sprayLevel="2" limeLevel="1" rollerLevel="0" plowLevel="0" stubbleShredLevel="0" waterLevel="0"/>
    <field id="5" plannedFruit="COTTON" fruitType="UNKNOWN" growthState="0" lastGrowthState="0" weedState="0" stoneLevel="0" groundType="CULTIVATED" sprayType="NONE" sprayLevel="2" limeLevel="1" rollerLevel="0" plowLevel="0" stubbleShredLevel="0" waterLevel="0"/>
    <field id="6" plannedFruit="FALLOW" fruitType="BEETROOT" growthState="3" lastGrowthState="2" weedState="0" stoneLevel="0" groundType="SOWN" sprayType="NONE" sprayLevel="2" limeLevel="0" rollerLevel="0" plowLevel="0" stubbleShredLevel="0" waterLevel="0"/>
    <field id="7" plannedFruit="FALLOW" fruitType="PEA" growthState="23" lastGrowthState="23" weedState="0" stoneLevel="0" groundType="HARVEST_READY_OTHER" sprayType="NONE" sprayLevel="2" limeLevel="1" rollerLevel="0" plowLevel="0" stubbleShredLevel="0" waterLevel="0"/>
    <field id="8" plannedFruit="FALLOW" fruitType="GREENBEAN" growthState="23" lastGrowthState="23" weedState="9" stoneLevel="0" groundType="HARVEST_READY_OTHER" sprayType="NONE" sprayLevel="2" limeLevel="0" rollerLevel="0" plowLevel="1" stubbleShredLevel="0" waterLevel="0"/>
    <field id="9" plannedFruit="COTTON" fruitType="UNKNOWN" growthState="0" lastGrowthState="0" weedState="0" stoneLevel="0" groundType="PLOWED" sprayType="NONE" sprayLevel="2" limeLevel="0" rollerLevel="0" plowLevel="0" stubbleShredLevel="0" waterLevel="0"/>
    <field id="10" plannedFruit="FALLOW" fruitType="UNKNOWN" growthState="0" lastGrowthState="0" weedState="0" stoneLevel="0" groundType="CULTIVATED" sprayType="NONE" sprayLevel="2" limeLevel="0" rollerLevel="0" plowLevel="0" stubbleShredLevel="0" waterLevel="0"/>
    <field id="11" plannedFruit="MAIZE" fruitType="UNKNOWN" growthState="0" lastGrowthState="0" weedState="0" stoneLevel="0" groundType="CULTIVATED" sprayType="NONE" sprayLevel="2" limeLevel="0" rollerLevel="0" plowLevel="0" stubbleShredLevel="0" waterLevel="0"/>
    <field id="12" plannedFruit="SPINACH" fruitType="UNKNOWN" growthState="0" lastGrowthState="0" weedState="0" stoneLevel="0" groundType="PLOWED" sprayType="NONE" sprayLevel="2" limeLevel="1" rollerLevel="0" plowLevel="0" stubbleShredLevel="0" waterLevel="0"/>
    <field id="13" plannedFruit="FALLOW" fruitType="PEA" growthState="23" lastGrowthState="23" weedState="9" stoneLevel="0" groundType="HARVEST_READY_OTHER" sprayType="NONE" sprayLevel="2" limeLevel="1" rollerLevel="0" plowLevel="0" stubbleShredLevel="0" waterLevel="0"/>
    <field id="14" plannedFruit="MAIZE" fruitType="UNKNOWN" growthState="0" lastGrowthState="0" weedState="0" stoneLevel="0" groundType="CULTIVATED" sprayType="NONE" sprayLevel="1" limeLevel="0" rollerLevel="0" plowLevel="0" stubbleShredLevel="0" waterLevel="0"/>
    <field id="16" plannedFruit="FALLOW" fruitType="SOYBEAN" growthState="8" lastGrowthState="7" weedState="5" stoneLevel="0" groundType="HARVEST_READY" sprayType="NONE" sprayLevel="2" limeLevel="0" rollerLevel="0" plowLevel="0" stubbleShredLevel="0" waterLevel="0"/>
    <field id="17" plannedFruit="FALLOW" fruitType="WHEAT" growthState="3" lastGrowthState="3" weedState="0" stoneLevel="0" groundType="SOWN" sprayType="NONE" sprayLevel="2" limeLevel="2" rollerLevel="0" plowLevel="0" stubbleShredLevel="0" waterLevel="0"/>
    <field id="19" plannedFruit="FALLOW" fruitType="COTTON" growthState="11" lastGrowthState="11" weedState="0" stoneLevel="0" groundType="HARVEST_READY_OTHER" sprayType="NONE" sprayLevel="2" limeLevel="0" rollerLevel="0" plowLevel="0" stubbleShredLevel="0" waterLevel="0"/>
    <field id="20" plannedFruit="FALLOW" fruitType="SUNFLOWER" growthState="9" lastGrowthState="8" weedState="9" stoneLevel="0" groundType="HARVEST_READY_OTHER" sprayType="NONE" sprayLevel="2" limeLevel="0" rollerLevel="0" plowLevel="0" stubbleShredLevel="0" waterLevel="0"/>
    <field id="21" plannedFruit="FALLOW" fruitType="BEETROOT" growthState="7" lastGrowthState="6" weedState="0" stoneLevel="0" groundType="HARVEST_READY_OTHER" sprayType="NONE" sprayLevel="2" limeLevel="0" rollerLevel="0" plowLevel="0" stubbleShredLevel="0" waterLevel="0"/>
    <field id="22" plannedFruit="FALLOW" fruitType="CANOLA" growthState="4" lastGrowthState="4" weedState="0" stoneLevel="0" groundType="SOWN" sprayType="NONE" sprayLevel="2" limeLevel="2" rollerLevel="0" plowLevel="0" stubbleShredLevel="0" waterLevel="0"/>
    <field id="24" plannedFruit="COTTON" fruitType="UNKNOWN" growthState="0" lastGrowthState="0" weedState="0" stoneLevel="0" groundType="PLOWED" sprayType="NONE" sprayLevel="2" limeLevel="1" rollerLevel="0" plowLevel="0" stubbleShredLevel="0" waterLevel="0"/>
    <field id="25" plannedFruit="SORGHUM" fruitType="UNKNOWN" growthState="0" lastGrowthState="0" weedState="7" stoneLevel="0" groundType="CULTIVATED" sprayType="NONE" sprayLevel="2" limeLevel="1" rollerLevel="0" plowLevel="1" stubbleShredLevel="0" waterLevel="0"/>
    <field id="15" plannedFruit="FALLOW" fruitType="PEA" growthState="23" lastGrowthState="23" weedState="9" stoneLevel="0" groundType="HARVEST_READY_OTHER" sprayType="NONE" sprayLevel="2" limeLevel="3" rollerLevel="0" plowLevel="1" stubbleShredLevel="0" waterLevel="0"/>
    <field id="26" plannedFruit="FALLOW" fruitType="BARLEY" growthState="6" lastGrowthState="4" weedState="0" stoneLevel="0" groundType="SOWN" sprayType="NONE" sprayLevel="2" limeLevel="1" rollerLevel="0" plowLevel="0" stubbleShredLevel="0" waterLevel="0"/>
    <field id="27" plannedFruit="COTTON" fruitType="UNKNOWN" growthState="0" lastGrowthState="0" weedState="0" stoneLevel="0" groundType="CULTIVATED" sprayType="LIQUID_MANURE" sprayLevel="1" limeLevel="0" rollerLevel="0" plowLevel="0" stubbleShredLevel="0" waterLevel="0"/>
    <field id="28" plannedFruit="FALLOW" fruitType="COTTON" growthState="2" lastGrowthState="2" weedState="3" stoneLevel="0" groundType="SOWN" sprayType="FERTILIZER" sprayLevel="2" limeLevel="0" rollerLevel="0" plowLevel="0" stubbleShredLevel="0" waterLevel="0"/>
    <field id="29" plannedFruit="FALLOW" fruitType="UNKNOWN" growthState="0" lastGrowthState="0" weedState="0" stoneLevel="0" groundType="PLOWED" sprayType="NONE" sprayLevel="2" limeLevel="0" rollerLevel="0" plowLevel="0" stubbleShredLevel="0" waterLevel="0"/>
    <field id="32" plannedFruit="FALLOW" fruitType="BEETROOT" growthState="5" lastGrowthState="5" weedState="0" stoneLevel="0" groundType="HARVEST_READY_OTHER" sprayType="NONE" sprayLevel="2" limeLevel="3" rollerLevel="0" plowLevel="0" stubbleShredLevel="0" waterLevel="0"/>
    <field id="33" plannedFruit="FALLOW" fruitType="CANOLA" growthState="2" lastGrowthState="1" weedState="3" stoneLevel="0" groundType="SOWN" sprayType="NONE" sprayLevel="2" limeLevel="3" rollerLevel="0" plowLevel="0" stubbleShredLevel="0" waterLevel="0"/>
    <field id="34" plannedFruit="FALLOW" fruitType="SUGARBEET" growthState="8" lastGrowthState="8" weedState="5" stoneLevel="0" groundType="HARVEST_READY_OTHER" sprayType="NONE" sprayLevel="2" limeLevel="0" rollerLevel="0" plowLevel="0" stubbleShredLevel="0" waterLevel="0"/>
    <field id="35" plannedFruit="FALLOW" fruitType="OAT" growthState="7" lastGrowthState="7" weedState="0" stoneLevel="0" groundType="HARVEST_READY" sprayType="NONE" sprayLevel="2" limeLevel="0" rollerLevel="0" plowLevel="0" stubbleShredLevel="0" waterLevel="0"/>
    <field id="36" plannedFruit="FALLOW" fruitType="CARROT" growthState="2" lastGrowthState="2" weedState="0" stoneLevel="0" groundType="SOWN" sprayType="NONE" sprayLevel="1" limeLevel="0" rollerLevel="0" plowLevel="0" stubbleShredLevel="0" waterLevel="0"/>
    <field id="37" plannedFruit="PEA" fruitType="UNKNOWN" growthState="0" lastGrowthState="0" weedState="0" stoneLevel="0" groundType="CULTIVATED" sprayType="NONE" sprayLevel="2" limeLevel="0" rollerLevel="0" plowLevel="0" stubbleShredLevel="0" waterLevel="0"/>
    <field id="38" plannedFruit="FALLOW" fruitType="GRASS" growthState="4" lastGrowthState="3" weedState="0" stoneLevel="0" groundType="GRASS" sprayType="NONE" sprayLevel="2" limeLevel="2" rollerLevel="0" plowLevel="0" stubbleShredLevel="0" waterLevel="0"/>
    <field id="39" plannedFruit="FALLOW" fruitType="SUGARBEET" growthState="5" lastGrowthState="4" weedState="0" stoneLevel="0" groundType="SOWN" sprayType="NONE" sprayLevel="2" limeLevel="2" rollerLevel="0" plowLevel="0" stubbleShredLevel="0" waterLevel="0"/>
    <field id="40" plannedFruit="FALLOW" fruitType="UNKNOWN" growthState="0" lastGrowthState="0" weedState="0" stoneLevel="0" groundType="PLOWED" sprayType="NONE" sprayLevel="2" limeLevel="1" rollerLevel="0" plowLevel="0" stubbleShredLevel="0" waterLevel="0"/>
    <field id="41" plannedFruit="FALLOW" fruitType="GREENBEAN" growthState="23" lastGrowthState="23" weedState="0" stoneLevel="0" groundType="HARVEST_READY_OTHER" sprayType="NONE" sprayLevel="2" limeLevel="0" rollerLevel="0" plowLevel="1" stubbleShredLevel="0" waterLevel="0"/>
    <field id="42" plannedFruit="PARSNIP" fruitType="UNKNOWN" growthState="0" lastGrowthState="0" weedState="0" stoneLevel="0" groundType="CULTIVATED" sprayType="NONE" sprayLevel="2" limeLevel="2" rollerLevel="0" plowLevel="0" stubbleShredLevel="0" waterLevel="0"/>
    <field id="43" plannedFruit="FALLOW" fruitType="WHEAT" growthState="3" lastGrowthState="3" weedState="5" stoneLevel="0" groundType="SOWN" sprayType="NONE" sprayLevel="2" limeLevel="3" rollerLevel="0" plowLevel="0" stubbleShredLevel="0" waterLevel="0"/>
    <field id="44" plannedFruit="FALLOW" fruitType="POTATO" growthState="8" lastGrowthState="8" weedState="0" stoneLevel="0" groundType="SOWN" sprayType="NONE" sprayLevel="2" limeLevel="1" rollerLevel="0" plowLevel="0" stubbleShredLevel="0" waterLevel="0"/>
    <field id="45" plannedFruit="FALLOW" fruitType="SPINACH" growthState="10" lastGrowthState="8" weedState="0" stoneLevel="0" groundType="HARVEST_READY_OTHER" sprayType="NONE" sprayLevel="2" limeLevel="1" rollerLevel="0" plowLevel="0" stubbleShredLevel="0" waterLevel="0"/>
    <field id="46" plannedFruit="SORGHUM" fruitType="UNKNOWN" growthState="0" lastGrowthState="0" weedState="0" stoneLevel="0" groundType="CULTIVATED" sprayType="LIQUID_MANURE" sprayLevel="1" limeLevel="0" rollerLevel="0" plowLevel="0" stubbleShredLevel="0" waterLevel="0"/>
    <field id="47" plannedFruit="BARLEY" fruitType="UNKNOWN" growthState="0" lastGrowthState="0" weedState="0" stoneLevel="0" groundType="CULTIVATED" sprayType="NONE" sprayLevel="1" limeLevel="1" rollerLevel="0" plowLevel="0" stubbleShredLevel="0" waterLevel="0"/>
    <field id="49" plannedFruit="SUGARBEET" fruitType="UNKNOWN" growthState="0" lastGrowthState="0" weedState="0" stoneLevel="0" groundType="CULTIVATED" sprayType="NONE" sprayLevel="2" limeLevel="0" rollerLevel="0" plowLevel="0" stubbleShredLevel="0" waterLevel="0"/>
    <field id="77" plannedFruit="FALLOW" fruitType="MAIZE" growthState="3" lastGrowthState="3" weedState="0" stoneLevel="0" groundType="SOWN" sprayType="NONE" sprayLevel="2" limeLevel="0" rollerLevel="0" plowLevel="0" stubbleShredLevel="0" waterLevel="0"/>
</fields>
