﻿<?xml version="1.0" encoding="utf-8" standalone="no"?>
<handTools>
    <handTool filename="data/handTools/stihl/ms261/ms261.xml" uniqueId="HandTool33e4edce6ef3f5c5129c16b0dbe35b56" farmId="1" age="241.000000"/>
    <handTool filename="data/handTools/stihl/ms261/ms261.xml" uniqueId="HandTool4ec27944d8114f4becf450e31f257003" farmId="1" age="241.000000"/>
    <handTool filename="data/handTools/husqvarna/xp550/xp550.xml" uniqueId="HandToolf5973eb2ab2f8dedbff275b712d0b4af" farmId="1" age="241.000000"/>
    <handTool filename="data/handTools/husqvarna/xp550/xp550.xml" uniqueId="HandTool8a2ebbaf86f0edf2df4107015e61185c" farmId="1" age="241.000000">
        <holder uniqueId="BpCM7iRLuwGYdg1kWhwf4gvE0dBpUNP/KDHQFanjNAs="/>
    </handTool>
    <handTool filename="data/handTools/husqvarna/xp550/xp550.xml" uniqueId="HandTool9e69e64b709afdf93f84f230b86ec678" farmId="1" age="241.000000"/>
    <handTool filename="data/handTools/husqvarna/xp550/xp550.xml" uniqueId="HandTool9325a7e27081cc6bcc3c06991b4d4eb0" farmId="1" age="240.000000"/>
    <handTool filename="data/handTools/husqvarna/xp550/xp550.xml" uniqueId="HandToolb1d731111aa28f263d822c37ca2ac97a" farmId="1" age="233.000000"/>
    <handTool filename="data/handTools/husqvarna/xp550/xp550.xml" uniqueId="HandTool417468fd45660ea8d746105ad2df3a56" farmId="1" age="230.000000"/>
    <handTool filename="data/handTools/mcCulloch/cs410/cs410.xml" uniqueId="HandToolf136be42dcc9f3ef1958019e51a16769" farmId="1" age="210.000000"/>
</handTools>
