﻿<?xml version="1.0" encoding="utf-8" standalone="no"?>
<items>
    <item className="Bale" uniqueId="item61504752617459d5f62a4f6c79a52ed3" filename="data/objects/bales/squarebales/squarebale220/squarebale220.xml" position="-579.390 45.563 669.467" rotation="-179.83 -90.00 0.00" fillLevel="6000.000000" fillType="GRASS_WINDROW" variationIndex="2" farmId="1" isMissionBale="false" wrappingState="0.000000" wrappingColor="1 1 1"/>
    <item className="Bale" uniqueId="item2297dff450b7eac3a277d2169a0e6337" filename="data/objects/bales/squarebales/squarebale220/squarebale220.xml" position="-660.629 48.839 647.538" rotation="165.99 54.79 -142.76" fillLevel="7954.122559" fillType="STRAW" variationIndex="2" farmId="1" isMissionBale="false" wrappingState="0.000000" wrappingColor="1 1 1"/>
    <item className="Bale" uniqueId="item4e07fa2fa8a119c2e099efec4cd5df69" filename="data/objects/bales/squarebales/squarebale220/squarebale220.xml" position="-579.381 45.563 672.688" rotation="0.31 -90.00 0.00" fillLevel="1846.952393" fillType="GRASS_WINDROW" variationIndex="2" farmId="1" isMissionBale="false" wrappingState="0.000000" wrappingColor="1 1 1"/>
    <item className="Bale" uniqueId="item7e64834ba96598bc8d0d1159f9069baa" filename="data/objects/bales/squarebales/squarebale220/squarebale220.xml" position="-579.383 45.723 670.486" rotation="-90.00 0.00 90.09" fillLevel="5251.928223" fillType="GRASS_WINDROW" variationIndex="2" farmId="1" isMissionBale="false" wrappingState="0.000000" wrappingColor="1 1 1"/>
    <item className="Bale" uniqueId="item9be7c49888e28e52e842a94d91281e37" filename="data/objects/bales/squarebales/squarebale220/squarebale220.xml" position="-579.391 45.564 671.509" rotation="0.19 -90.00 0.00" fillLevel="3726.118896" fillType="GRASS_WINDROW" variationIndex="2" farmId="1" isMissionBale="false" wrappingState="0.000000" wrappingColor="1 1 1"/>
    <item className="Bale" uniqueId="itemf5751772bb8f1359d6db899a648a5543" filename="data/objects/bales/squarebales/squarebale220/squarebale220.xml" position="-579.382 45.720 668.427" rotation="90.09 0.18 90.26" fillLevel="6000.000000" fillType="GRASS_WINDROW" variationIndex="2" farmId="1" isMissionBale="false" wrappingState="0.000000" wrappingColor="1 1 1"/>
    <item className="Bale" uniqueId="item5aa1d0ad28cca2aa269a00addee24634" filename="data/objects/bales/squarebales/squarebale220/squarebale220.xml" position="-593.417 18.249 939.664" rotation="-69.44 -1.26 89.63" fillLevel="6000.000000" fillType="SILAGE" variationIndex="2" farmId="1" isMissionBale="false" wrappingState="1.000000" wrappingColor="0.0931 0.3613 0.3231">
        <textures wrapDiffuse="data/vehicles/kuhn/sw4014/sw4014BaleWrapSquare220_diffuse.dds" wrapNormal="data/vehicles/kuhn/sw4014/sw4014BaleWrapSquare220_normal.dds"/>
    </item>
</items>
