﻿<?xml version="1.0" encoding="utf-8" standalone="no"?>
<items>
    <item className="Bale" uniqueId="item33f1f3de7a3ffebafaed1910224c423e" filename="data/objects/bales/squarebales/squarebale220/squarebale220.xml" position="-578.122 47.799 643.427" rotation="3.59 -72.68 -2.33" fillLevel="6000.000000" fillType="GRASS_WINDROW" variationIndex="2" farmId="1" isMissionBale="false" wrappingState="1.000000" wrappingColor="0.9301 0.9301 0.9301">
        <textures wrapDiffuse="data/vehicles/kuhn/sw4014/sw4014BaleWrapSquare220_diffuse.dds" wrapNormal="data/vehicles/kuhn/sw4014/sw4014BaleWrapSquare220_normal.dds"/>
        <fermentation isFermenting="true" time="675842.875000"/>
    </item>
    <item className="Bale" uniqueId="item7ed9cc6e879af0b4014b5ce375f31fa4" filename="data/objects/bales/squarebales/squarebale220/squarebale220.xml" position="-574.025 47.879 642.277" rotation="1.09 -69.41 -0.56" fillLevel="6000.000000" fillType="GRASS_WINDROW" variationIndex="2" farmId="1" isMissionBale="false" wrappingState="1.000000" wrappingColor="0.9301 0.9301 0.9301">
        <textures wrapDiffuse="data/vehicles/kuhn/sw4014/sw4014BaleWrapSquare220_diffuse.dds" wrapNormal="data/vehicles/kuhn/sw4014/sw4014BaleWrapSquare220_normal.dds"/>
        <fermentation isFermenting="true" time="644662.687500"/>
    </item>
    <item className="Bale" uniqueId="itembb2570c3312cd069115b97d6c02d8d35" filename="data/objects/bales/squarebales/squarebale220/squarebale220.xml" position="-578.838 47.831 641.145" rotation="3.70 -72.39 -2.56" fillLevel="6000.000000" fillType="GRASS_WINDROW" variationIndex="2" farmId="1" isMissionBale="false" wrappingState="1.000000" wrappingColor="0.9301 0.9301 0.9301">
        <textures wrapDiffuse="data/vehicles/kuhn/sw4014/sw4014BaleWrapSquare220_diffuse.dds" wrapNormal="data/vehicles/kuhn/sw4014/sw4014BaleWrapSquare220_normal.dds"/>
        <fermentation isFermenting="true" time="659930.000000"/>
    </item>
    <item className="Bale" uniqueId="item10a505ad7399a1c45a115918264d4778" filename="data/objects/bales/squarebales/squarebale220/squarebale220.xml" position="-574.865 47.887 640.044" rotation="1.07 -69.40 -0.53" fillLevel="6000.000000" fillType="GRASS_WINDROW" variationIndex="2" farmId="1" isMissionBale="false" wrappingState="1.000000" wrappingColor="0.9301 0.9301 0.9301">
        <textures wrapDiffuse="data/vehicles/kuhn/sw4014/sw4014BaleWrapSquare220_diffuse.dds" wrapNormal="data/vehicles/kuhn/sw4014/sw4014BaleWrapSquare220_normal.dds"/>
        <fermentation isFermenting="true" time="486588.468750"/>
    </item>
    <item className="Bale" uniqueId="itemddde2f8c99b7132ed517f8330c6a45ef" filename="data/objects/bales/squarebales/squarebale220/squarebale220.xml" position="-579.622 48.725 638.878" rotation="4.39 -72.06 -3.30" fillLevel="6000.000000" fillType="GRASS_WINDROW" variationIndex="2" farmId="1" isMissionBale="false" wrappingState="1.000000" wrappingColor="0.9301 0.9301 0.9301">
        <textures wrapDiffuse="data/vehicles/kuhn/sw4014/sw4014BaleWrapSquare220_diffuse.dds" wrapNormal="data/vehicles/kuhn/sw4014/sw4014BaleWrapSquare220_normal.dds"/>
        <fermentation isFermenting="true" time="529660.000000"/>
    </item>
    <item className="Bale" uniqueId="item1c649bd9ee2d9b01e103692c66ab9aa0" filename="data/objects/bales/squarebales/squarebale220/squarebale220.xml" position="-579.195 47.849 639.999" rotation="3.97 -73.08 -2.76" fillLevel="6000.000000" fillType="GRASS_WINDROW" variationIndex="2" farmId="1" isMissionBale="false" wrappingState="1.000000" wrappingColor="0.9301 0.9301 0.9301">
        <textures wrapDiffuse="data/vehicles/kuhn/sw4014/sw4014BaleWrapSquare220_diffuse.dds" wrapNormal="data/vehicles/kuhn/sw4014/sw4014BaleWrapSquare220_normal.dds"/>
        <fermentation isFermenting="true" time="446425.687500"/>
    </item>
    <item className="Bale" uniqueId="item04703676a7a58ce49ff9adb48a8b8369" filename="data/objects/bales/squarebales/squarebale220/squarebale220.xml" position="-575.284 47.890 638.928" rotation="1.06 -69.34 -0.52" fillLevel="6000.000000" fillType="GRASS_WINDROW" variationIndex="2" farmId="1" isMissionBale="false" wrappingState="1.000000" wrappingColor="0.9301 0.9301 0.9301">
        <textures wrapDiffuse="data/vehicles/kuhn/sw4014/sw4014BaleWrapSquare220_diffuse.dds" wrapNormal="data/vehicles/kuhn/sw4014/sw4014BaleWrapSquare220_normal.dds"/>
        <fermentation isFermenting="true" time="394584.312500"/>
    </item>
    <item className="Bale" uniqueId="item63680f034ea74de04f80302abfdb8427" filename="data/objects/bales/squarebales/squarebale220/squarebale220.xml" position="-660.294 47.106 649.127" rotation="-85.07 -77.34 -5.13" fillLevel="7397.799316" fillType="STRAW" variationIndex="2" farmId="1" isMissionBale="false" wrappingState="0.000000" wrappingColor="1 1 1"/>
    <item className="Bale" uniqueId="itemc2e87eeac3c4c2fec728299478f10a79" filename="data/objects/bales/roundbales/roundbale150/roundbale150.xml" position="-578.724 45.696 670.717" rotation="-90.00 -7.80 -180.00" fillLevel="3620.833252" fillType="GRASS_WINDROW" variationIndex="2" farmId="1" isMissionBale="false" wrappingState="0.000000" wrappingColor="1 1 1"/>
    <item className="Bale" uniqueId="item82ec7891e109ee55fdd539e6968a7e27" filename="data/objects/bales/squarebales/squarebale220/squarebale220.xml" position="-579.951 47.880 637.715" rotation="3.77 -72.17 -2.63" fillLevel="6000.000000" fillType="GRASS_WINDROW" variationIndex="2" farmId="1" isMissionBale="false" wrappingState="1.000000" wrappingColor="0.9301 0.9301 0.9301">
        <textures wrapDiffuse="data/vehicles/kuhn/sw4014/sw4014BaleWrapSquare220_diffuse.dds" wrapNormal="data/vehicles/kuhn/sw4014/sw4014BaleWrapSquare220_normal.dds"/>
        <fermentation isFermenting="true" time="630110.750000"/>
    </item>
    <item className="Bale" uniqueId="itemf94623c1da955e07a837982bfbc81351" filename="data/objects/bales/squarebales/squarebale220/squarebale220.xml" position="-578.148 48.658 643.422" rotation="3.57 -72.16 -2.45" fillLevel="6000.000000" fillType="GRASS_WINDROW" variationIndex="2" farmId="1" isMissionBale="false" wrappingState="1.000000" wrappingColor="0.9301 0.9301 0.9301">
        <textures wrapDiffuse="data/vehicles/kuhn/sw4014/sw4014BaleWrapSquare220_diffuse.dds" wrapNormal="data/vehicles/kuhn/sw4014/sw4014BaleWrapSquare220_normal.dds"/>
        <fermentation isFermenting="true" time="613902.937500"/>
    </item>
    <item className="Bale" uniqueId="itemb77d898ebb4baa5923e314b7c3569c4c" filename="data/objects/bales/squarebales/squarebale220/squarebale220.xml" position="-579.224 48.708 640.016" rotation="3.80 -72.42 -2.58" fillLevel="6000.000000" fillType="GRASS_WINDROW" variationIndex="2" farmId="1" isMissionBale="false" wrappingState="1.000000" wrappingColor="0.9301 0.9301 0.9301">
        <textures wrapDiffuse="data/vehicles/kuhn/sw4014/sw4014BaleWrapSquare220_diffuse.dds" wrapNormal="data/vehicles/kuhn/sw4014/sw4014BaleWrapSquare220_normal.dds"/>
        <fermentation isFermenting="true" time="559790.500000"/>
    </item>
    <item className="Bale" uniqueId="item00458c0fc1ea9e2a98562b1c90f3acb5" filename="data/objects/bales/squarebales/squarebale220/squarebale220.xml" position="-577.419 48.625 645.679" rotation="3.65 -72.71 -2.52" fillLevel="6000.000000" fillType="GRASS_WINDROW" variationIndex="2" farmId="1" isMissionBale="false" wrappingState="1.000000" wrappingColor="0.9301 0.9301 0.9301">
        <textures wrapDiffuse="data/vehicles/kuhn/sw4014/sw4014BaleWrapSquare220_diffuse.dds" wrapNormal="data/vehicles/kuhn/sw4014/sw4014BaleWrapSquare220_normal.dds"/>
        <fermentation isFermenting="true" time="705567.312500"/>
    </item>
    <item className="Bale" uniqueId="item77319ef9aa4227b479ecd936687f31ca" filename="data/objects/bales/squarebales/squarebale220/squarebale220.xml" position="-578.867 48.690 641.147" rotation="3.74 -72.38 -2.60" fillLevel="6000.000000" fillType="GRASS_WINDROW" variationIndex="2" farmId="1" isMissionBale="false" wrappingState="1.000000" wrappingColor="0.9301 0.9301 0.9301">
        <textures wrapDiffuse="data/vehicles/kuhn/sw4014/sw4014BaleWrapSquare220_diffuse.dds" wrapNormal="data/vehicles/kuhn/sw4014/sw4014BaleWrapSquare220_normal.dds"/>
        <fermentation isFermenting="true" time="734939.375000"/>
    </item>
    <item className="Bale" uniqueId="itemfbbc872d1b25696f2af646876434cf69" filename="data/objects/bales/squarebales/squarebale220/squarebale220.xml" position="-579.972 48.739 637.726" rotation="3.72 -72.20 -2.57" fillLevel="6000.000000" fillType="GRASS_WINDROW" variationIndex="2" farmId="1" isMissionBale="false" wrappingState="1.000000" wrappingColor="0.9301 0.9301 0.9301">
        <textures wrapDiffuse="data/vehicles/kuhn/sw4014/sw4014BaleWrapSquare220_diffuse.dds" wrapNormal="data/vehicles/kuhn/sw4014/sw4014BaleWrapSquare220_normal.dds"/>
        <fermentation isFermenting="true" time="752561.062500"/>
    </item>
    <item className="Bale" uniqueId="item2aab0b88e64c4a78c42d8b40144a7812" filename="data/objects/bales/squarebales/squarebale220/squarebale220.xml" position="-575.692 47.894 637.807" rotation="1.07 -69.81 -0.54" fillLevel="6000.000000" fillType="GRASS_WINDROW" variationIndex="2" farmId="1" isMissionBale="false" wrappingState="1.000000" wrappingColor="0.9301 0.9301 0.9301">
        <textures wrapDiffuse="data/vehicles/kuhn/sw4014/sw4014BaleWrapSquare220_diffuse.dds" wrapNormal="data/vehicles/kuhn/sw4014/sw4014BaleWrapSquare220_normal.dds"/>
        <fermentation isFermenting="true" time="720471.125000"/>
    </item>
    <item className="Bale" uniqueId="itemde06a789e0ccd3b110915d47ddfab53c" filename="data/objects/bales/squarebales/squarebale220/squarebale220.xml" position="-577.410 47.766 645.673" rotation="4.04 -72.25 -2.88" fillLevel="6000.000000" fillType="GRASS_WINDROW" variationIndex="2" farmId="1" isMissionBale="false" wrappingState="1.000000" wrappingColor="0.9301 0.9301 0.9301">
        <textures wrapDiffuse="data/vehicles/kuhn/sw4014/sw4014BaleWrapSquare220_diffuse.dds" wrapNormal="data/vehicles/kuhn/sw4014/sw4014BaleWrapSquare220_normal.dds"/>
        <fermentation isFermenting="true" time="576596.000000"/>
    </item>
    <item className="Bale" uniqueId="itemb07e1f4ca2c4ba75d3c85ff65c747e81" filename="data/objects/bales/squarebales/squarebale220/squarebale220.xml" position="-578.504 48.677 642.288" rotation="3.23 -72.68 -2.15" fillLevel="6000.000000" fillType="GRASS_WINDROW" variationIndex="2" farmId="1" isMissionBale="false" wrappingState="1.000000" wrappingColor="0.9301 0.9301 0.9301">
        <textures wrapDiffuse="data/vehicles/kuhn/sw4014/sw4014BaleWrapSquare220_diffuse.dds" wrapNormal="data/vehicles/kuhn/sw4014/sw4014BaleWrapSquare220_normal.dds"/>
        <fermentation isFermenting="true" time="771980.125000"/>
    </item>
    <item className="Bale" uniqueId="itemb3124b3a78ed225a1a3871656cab5642" filename="data/objects/bales/squarebales/squarebale220/squarebale220.xml" position="-577.766 47.779 644.549" rotation="3.52 -72.46 -2.55" fillLevel="6000.000000" fillType="GRASS_WINDROW" variationIndex="2" farmId="1" isMissionBale="false" wrappingState="1.000000" wrappingColor="0.9301 0.9301 0.9301">
        <textures wrapDiffuse="data/vehicles/kuhn/sw4014/sw4014BaleWrapSquare220_diffuse.dds" wrapNormal="data/vehicles/kuhn/sw4014/sw4014BaleWrapSquare220_normal.dds"/>
        <fermentation isFermenting="true" time="595869.937500"/>
    </item>
    <item className="Bale" uniqueId="itema2bdf403f094f79d0db3a5ff87b51315" filename="data/objects/bales/squarebales/squarebale220/squarebale220.xml" position="-574.445 47.883 641.161" rotation="1.09 -69.40 -0.56" fillLevel="6000.000000" fillType="GRASS_WINDROW" variationIndex="2" farmId="1" isMissionBale="false" wrappingState="1.000000" wrappingColor="0.9301 0.9301 0.9301">
        <textures wrapDiffuse="data/vehicles/kuhn/sw4014/sw4014BaleWrapSquare220_diffuse.dds" wrapNormal="data/vehicles/kuhn/sw4014/sw4014BaleWrapSquare220_normal.dds"/>
        <fermentation isFermenting="true" time="511632.000000"/>
    </item>
    <item className="Bale" uniqueId="item8c08e0957375116504f05cf71b85a57b" filename="data/objects/bales/squarebales/squarebale220/squarebale220.xml" position="-577.784 48.641 644.546" rotation="3.59 -71.94 -2.43" fillLevel="6000.000000" fillType="GRASS_WINDROW" variationIndex="2" farmId="1" isMissionBale="false" wrappingState="1.000000" wrappingColor="0.9301 0.9301 0.9301">
        <textures wrapDiffuse="data/vehicles/kuhn/sw4014/sw4014BaleWrapSquare220_diffuse.dds" wrapNormal="data/vehicles/kuhn/sw4014/sw4014BaleWrapSquare220_normal.dds"/>
        <fermentation isFermenting="true" time="690365.625000"/>
    </item>
    <item className="Bale" uniqueId="item5ee7484411381dded07c1dbb7a70539d" filename="data/objects/bales/squarebales/squarebale220/squarebale220.xml" position="-579.605 47.866 638.860" rotation="4.27 -71.69 -3.17" fillLevel="6000.000000" fillType="GRASS_WINDROW" variationIndex="2" farmId="1" isMissionBale="false" wrappingState="1.000000" wrappingColor="0.9301 0.9301 0.9301">
        <textures wrapDiffuse="data/vehicles/kuhn/sw4014/sw4014BaleWrapSquare220_diffuse.dds" wrapNormal="data/vehicles/kuhn/sw4014/sw4014BaleWrapSquare220_normal.dds"/>
        <fermentation isFermenting="true" time="467292.343750"/>
    </item>
    <item className="Bale" uniqueId="itema54b6ad9de182300c8f31c117d71319f" filename="data/objects/bales/squarebales/squarebale220/squarebale220.xml" position="-578.481 47.818 642.286" rotation="3.17 -72.27 -2.11" fillLevel="6000.000000" fillType="GRASS_WINDROW" variationIndex="2" farmId="1" isMissionBale="false" wrappingState="1.000000" wrappingColor="0.9301 0.9301 0.9301">
        <textures wrapDiffuse="data/vehicles/kuhn/sw4014/sw4014BaleWrapSquare220_diffuse.dds" wrapNormal="data/vehicles/kuhn/sw4014/sw4014BaleWrapSquare220_normal.dds"/>
        <fermentation isFermenting="true" time="784112.125000"/>
    </item>
    <item className="Bale" uniqueId="itemf961e94f837f17567e08943e7cc748dd" filename="data/objects/bales/squarebales/squarebale220/squarebale220.xml" position="-576.126 47.898 636.693" rotation="1.10 -69.81 -0.57" fillLevel="6000.000000" fillType="GRASS_WINDROW" variationIndex="2" farmId="1" isMissionBale="false" wrappingState="1.000000" wrappingColor="0.9301 0.9301 0.9301">
        <textures wrapDiffuse="data/vehicles/kuhn/sw4014/sw4014BaleWrapSquare220_diffuse.dds" wrapNormal="data/vehicles/kuhn/sw4014/sw4014BaleWrapSquare220_normal.dds"/>
        <fermentation isFermenting="true" time="419495.406250"/>
    </item>
</items>
