﻿<?xml version="1.0" encoding="utf-8" standalone="no"?>
<items>
    <item className="Bale" uniqueId="item508c4c7c43e017621e94f76282f5b096" filename="data/objects/bales/squarebales/squarebale220/squarebale220.xml" position="-746.759 45.184 653.589" rotation="36.79 -86.32 -37.18" fillLevel="6000.000000" fillType="GRASS_WINDROW" variationIndex="2" farmId="1" isMissionBale="false" wrappingState="1.000000" wrappingColor="0.0931 0.3613 0.3231">
        <textures wrapDiffuse="data/vehicles/kuhn/sw4014/sw4014BaleWrapSquare220_diffuse.dds" wrapNormal="data/vehicles/kuhn/sw4014/sw4014BaleWrapSquare220_normal.dds"/>
        <fermentation isFermenting="true" time="169467616.000000"/>
    </item>
    <item className="Bale" uniqueId="item616e63c26291a464decf3bd6614ba37c" filename="data/objects/bales/squarebales/squarebale220/squarebale220.xml" position="-746.681 45.137 654.815" rotation="89.93 -87.88 -90.36" fillLevel="6000.000000" fillType="GRASS_WINDROW" variationIndex="2" farmId="1" isMissionBale="false" wrappingState="1.000000" wrappingColor="0.0931 0.3613 0.3231">
        <textures wrapDiffuse="data/vehicles/kuhn/sw4014/sw4014BaleWrapSquare220_diffuse.dds" wrapNormal="data/vehicles/kuhn/sw4014/sw4014BaleWrapSquare220_normal.dds"/>
        <fermentation isFermenting="true" time="169439472.000000"/>
    </item>
    <item className="Bale" uniqueId="item412fd5255c07e718e8aaca9b997babfd" filename="data/objects/bales/squarebales/squarebale220/squarebale220.xml" position="-746.966 46.203 650.080" rotation="31.72 -84.56 -31.82" fillLevel="6000.000000" fillType="GRASS_WINDROW" variationIndex="2" farmId="1" isMissionBale="false" wrappingState="1.000000" wrappingColor="0.0931 0.3613 0.3231">
        <textures wrapDiffuse="data/vehicles/kuhn/sw4014/sw4014BaleWrapSquare220_diffuse.dds" wrapNormal="data/vehicles/kuhn/sw4014/sw4014BaleWrapSquare220_normal.dds"/>
        <fermentation isFermenting="true" time="169359456.000000"/>
    </item>
    <item className="Bale" uniqueId="item0150a35d64ff4fdda05b7716efcececc" filename="data/objects/bales/squarebales/squarebale220/squarebale220.xml" position="-663.329 47.845 643.401" rotation="-148.00 -20.18 -179.93" fillLevel="8250.000000" fillType="STRAW" variationIndex="2" farmId="1" isMissionBale="false" wrappingState="0.000000" wrappingColor="1 1 1"/>
    <item className="Bale" uniqueId="item759d2272889d7490d48ae5dc35bdb3fc" filename="data/objects/bales/squarebales/squarebale220/squarebale220.xml" position="-747.163 46.322 647.735" rotation="33.68 -84.56 -33.77" fillLevel="6000.000000" fillType="GRASS_WINDROW" variationIndex="2" farmId="1" isMissionBale="false" wrappingState="1.000000" wrappingColor="0.0931 0.3613 0.3231">
        <textures wrapDiffuse="data/vehicles/kuhn/sw4014/sw4014BaleWrapSquare220_diffuse.dds" wrapNormal="data/vehicles/kuhn/sw4014/sw4014BaleWrapSquare220_normal.dds"/>
        <fermentation isFermenting="true" time="169429776.000000"/>
    </item>
    <item className="Bale" uniqueId="item0715084971b58e6421a8fba249181be6" filename="data/objects/bales/roundbales/roundbale150/roundbale150.xml" position="-579.682 45.696 668.460" rotation="90.05 -77.84 0.02" fillLevel="3400.787109" fillType="GRASS_WINDROW" variationIndex="2" farmId="1" isMissionBale="false" wrappingState="0.000000" wrappingColor="1 1 1"/>
    <item className="Bale" uniqueId="item59d43d9be3567b362fed30ea5896348c" filename="data/objects/bales/roundbales/roundbale150/roundbale150.xml" position="-579.687 45.696 670.035" rotation="90.00 -82.26 -0.00" fillLevel="3499.149414" fillType="GRASS_WINDROW" variationIndex="2" farmId="1" isMissionBale="false" wrappingState="0.000000" wrappingColor="1 1 1"/>
    <item className="Bale" uniqueId="item5c01cdbd5c6904471b07e3df262a0bd9" filename="data/objects/bales/squarebales/squarebale220/squarebale220.xml" position="-746.890 45.287 651.216" rotation="33.95 -85.17 -34.06" fillLevel="6000.000000" fillType="GRASS_WINDROW" variationIndex="2" farmId="1" isMissionBale="false" wrappingState="1.000000" wrappingColor="0.0931 0.3613 0.3231">
        <textures wrapDiffuse="data/vehicles/kuhn/sw4014/sw4014BaleWrapSquare220_diffuse.dds" wrapNormal="data/vehicles/kuhn/sw4014/sw4014BaleWrapSquare220_normal.dds"/>
        <fermentation isFermenting="true" time="169458256.000000"/>
    </item>
    <item className="Bale" uniqueId="item969084838a6bc76a0cad1c9ea90f46be" filename="data/objects/bales/squarebales/squarebale220/squarebale220.xml" position="-746.725 46.901 653.669" rotation="29.26 -85.47 -29.62" fillLevel="6000.000000" fillType="GRASS_WINDROW" variationIndex="2" farmId="1" isMissionBale="false" wrappingState="1.000000" wrappingColor="0.0931 0.3613 0.3231">
        <textures wrapDiffuse="data/vehicles/kuhn/sw4014/sw4014BaleWrapSquare220_diffuse.dds" wrapNormal="data/vehicles/kuhn/sw4014/sw4014BaleWrapSquare220_normal.dds"/>
        <fermentation isFermenting="true" time="169405776.000000"/>
    </item>
    <item className="Bale" uniqueId="item1b6ae17c51f35708207d98789a94780e" filename="data/objects/bales/squarebales/squarebale220/squarebale220.xml" position="-746.722 46.042 653.630" rotation="30.37 -85.61 -30.73" fillLevel="6000.000000" fillType="GRASS_WINDROW" variationIndex="2" farmId="1" isMissionBale="false" wrappingState="1.000000" wrappingColor="0.0931 0.3613 0.3231">
        <textures wrapDiffuse="data/vehicles/kuhn/sw4014/sw4014BaleWrapSquare220_diffuse.dds" wrapNormal="data/vehicles/kuhn/sw4014/sw4014BaleWrapSquare220_normal.dds"/>
        <fermentation isFermenting="true" time="169303152.000000"/>
    </item>
    <item className="Bale" uniqueId="itemc4013a6c316fdb68eba2ee01b7dd6071" filename="data/objects/bales/squarebales/squarebale220/squarebale220.xml" position="-747.063 46.261 648.907" rotation="32.43 -84.55 -32.61" fillLevel="6000.000000" fillType="GRASS_WINDROW" variationIndex="2" farmId="1" isMissionBale="false" wrappingState="1.000000" wrappingColor="0.0931 0.3613 0.3231">
        <textures wrapDiffuse="data/vehicles/kuhn/sw4014/sw4014BaleWrapSquare220_diffuse.dds" wrapNormal="data/vehicles/kuhn/sw4014/sw4014BaleWrapSquare220_normal.dds"/>
        <fermentation isFermenting="true" time="169415776.000000"/>
    </item>
    <item className="Bale" uniqueId="itemf4527ac1893dc16aa64421c3b270cd87" filename="data/objects/bales/squarebales/squarebale220/squarebale220.xml" position="-747.251 47.245 646.577" rotation="32.59 -83.96 -32.70" fillLevel="6000.000000" fillType="GRASS_WINDROW" variationIndex="2" farmId="1" isMissionBale="false" wrappingState="1.000000" wrappingColor="0.0931 0.3613 0.3231">
        <textures wrapDiffuse="data/vehicles/kuhn/sw4014/sw4014BaleWrapSquare220_diffuse.dds" wrapNormal="data/vehicles/kuhn/sw4014/sw4014BaleWrapSquare220_normal.dds"/>
        <fermentation isFermenting="true" time="169312688.000000"/>
    </item>
    <item className="Bale" uniqueId="item8953be3723e3561040be0fa3955de0d5" filename="data/objects/bales/squarebales/squarebale220/squarebale220.xml" position="-747.224 46.388 646.511" rotation="31.95 -83.85 -32.06" fillLevel="6000.000000" fillType="GRASS_WINDROW" variationIndex="2" farmId="1" isMissionBale="false" wrappingState="1.000000" wrappingColor="0.0931 0.3613 0.3231">
        <textures wrapDiffuse="data/vehicles/kuhn/sw4014/sw4014BaleWrapSquare220_diffuse.dds" wrapNormal="data/vehicles/kuhn/sw4014/sw4014BaleWrapSquare220_normal.dds"/>
        <fermentation isFermenting="true" time="169484800.000000"/>
    </item>
    <item className="Bale" uniqueId="itemed5483caefcdb0c88f9a34132b2fb270" filename="data/objects/bales/squarebales/squarebale220/squarebale220.xml" position="-747.096 47.119 648.969" rotation="38.33 -85.26 -38.56" fillLevel="6000.000000" fillType="GRASS_WINDROW" variationIndex="2" farmId="1" isMissionBale="false" wrappingState="1.000000" wrappingColor="0.0931 0.3613 0.3231">
        <textures wrapDiffuse="data/vehicles/kuhn/sw4014/sw4014BaleWrapSquare220_diffuse.dds" wrapNormal="data/vehicles/kuhn/sw4014/sw4014BaleWrapSquare220_normal.dds"/>
        <fermentation isFermenting="true" time="169396720.000000"/>
    </item>
    <item className="Bale" uniqueId="itemb86e13bcfc6a80e06ef5a9f030b38ac2" filename="data/objects/bales/squarebales/squarebale220/squarebale220.xml" position="-747.232 48.101 646.673" rotation="39.77 -84.90 -39.92" fillLevel="6000.000000" fillType="GRASS_WINDROW" variationIndex="2" farmId="1" isMissionBale="false" wrappingState="1.000000" wrappingColor="0.0931 0.3613 0.3231">
        <textures wrapDiffuse="data/vehicles/kuhn/sw4014/sw4014BaleWrapSquare220_diffuse.dds" wrapNormal="data/vehicles/kuhn/sw4014/sw4014BaleWrapSquare220_normal.dds"/>
        <fermentation isFermenting="true" time="169350352.000000"/>
    </item>
    <item className="Bale" uniqueId="item8fcb4438d7adedf6cc48ae536f7eced5" filename="data/objects/bales/squarebales/squarebale220/squarebale220.xml" position="-747.130 47.179 647.791" rotation="38.06 -85.09 -38.16" fillLevel="6000.000000" fillType="GRASS_WINDROW" variationIndex="2" farmId="1" isMissionBale="false" wrappingState="1.000000" wrappingColor="0.0931 0.3613 0.3231">
        <textures wrapDiffuse="data/vehicles/kuhn/sw4014/sw4014BaleWrapSquare220_diffuse.dds" wrapNormal="data/vehicles/kuhn/sw4014/sw4014BaleWrapSquare220_normal.dds"/>
        <fermentation isFermenting="true" time="169378112.000000"/>
    </item>
    <item className="Bale" uniqueId="item4fdd31a21940ea2bbd56f57f180142ef" filename="data/objects/bales/squarebales/squarebale220/squarebale220.xml" position="-746.986 47.060 650.141" rotation="37.49 -85.30 -37.61" fillLevel="6000.000000" fillType="GRASS_WINDROW" variationIndex="2" farmId="1" isMissionBale="false" wrappingState="1.000000" wrappingColor="0.0931 0.3613 0.3231">
        <textures wrapDiffuse="data/vehicles/kuhn/sw4014/sw4014BaleWrapSquare220_diffuse.dds" wrapNormal="data/vehicles/kuhn/sw4014/sw4014BaleWrapSquare220_normal.dds"/>
        <fermentation isFermenting="true" time="169387600.000000"/>
    </item>
    <item className="Bale" uniqueId="item02615524a275dc921507ddf269608e71" filename="data/objects/bales/squarebales/squarebale220/squarebale220.xml" position="-662.801 46.929 644.760" rotation="153.16 -20.76 179.66" fillLevel="8250.000000" fillType="STRAW" variationIndex="2" farmId="1" isMissionBale="false" wrappingState="0.000000" wrappingColor="1 1 1"/>
    <item className="Bale" uniqueId="itema390b8d6a3f3f7d5eafad54b46073d3f" filename="data/objects/bales/squarebales/squarebale220/squarebale220.xml" position="-746.840 45.235 652.397" rotation="35.75 -85.47 -36.06" fillLevel="6000.000000" fillType="GRASS_WINDROW" variationIndex="2" farmId="1" isMissionBale="false" wrappingState="1.000000" wrappingColor="0.0931 0.3613 0.3231">
        <textures wrapDiffuse="data/vehicles/kuhn/sw4014/sw4014BaleWrapSquare220_diffuse.dds" wrapNormal="data/vehicles/kuhn/sw4014/sw4014BaleWrapSquare220_normal.dds"/>
        <fermentation isFermenting="true" time="169448608.000000"/>
    </item>
    <item className="Bale" uniqueId="item224296cf564c49b44f1d42da543c5a0c" filename="data/objects/bales/squarebales/squarebale220/squarebale220.xml" position="-746.810 46.951 652.491" rotation="33.45 -85.18 -33.75" fillLevel="6000.000000" fillType="GRASS_WINDROW" variationIndex="2" farmId="1" isMissionBale="false" wrappingState="1.000000" wrappingColor="0.0931 0.3613 0.3231">
        <textures wrapDiffuse="data/vehicles/kuhn/sw4014/sw4014BaleWrapSquare220_diffuse.dds" wrapNormal="data/vehicles/kuhn/sw4014/sw4014BaleWrapSquare220_normal.dds"/>
        <fermentation isFermenting="true" time="169339776.000000"/>
    </item>
    <item className="Bale" uniqueId="item60364c595b7f6fa586b742380c94b02c" filename="data/objects/bales/squarebales/squarebale220/squarebale220.xml" position="-663.541 46.501 642.911" rotation="-179.99 -22.01 -179.94" fillLevel="3434.605225" fillType="STRAW" variationIndex="2" farmId="1" isMissionBale="false" wrappingState="0.000000" wrappingColor="1 1 1"/>
    <item className="Bale" uniqueId="itemc5c734d42422f62771adcfee642c6496" filename="data/objects/bales/squarebales/squarebale220/squarebale220.xml" position="-747.059 45.403 648.862" rotation="34.78 -84.85 -34.97" fillLevel="6000.000000" fillType="GRASS_WINDROW" variationIndex="2" farmId="1" isMissionBale="false" wrappingState="1.000000" wrappingColor="0.0931 0.3613 0.3231">
        <textures wrapDiffuse="data/vehicles/kuhn/sw4014/sw4014BaleWrapSquare220_diffuse.dds" wrapNormal="data/vehicles/kuhn/sw4014/sw4014BaleWrapSquare220_normal.dds"/>
        <fermentation isFermenting="true" time="169513824.000000"/>
    </item>
    <item className="Bale" uniqueId="item458f286df19c7f7ae22c80b62647c5ae" filename="data/objects/bales/squarebales/squarebale220/squarebale220.xml" position="-746.935 46.146 651.263" rotation="32.02 -84.90 -32.13" fillLevel="6000.000000" fillType="GRASS_WINDROW" variationIndex="2" farmId="1" isMissionBale="false" wrappingState="1.000000" wrappingColor="0.0931 0.3613 0.3231">
        <textures wrapDiffuse="data/vehicles/kuhn/sw4014/sw4014BaleWrapSquare220_diffuse.dds" wrapNormal="data/vehicles/kuhn/sw4014/sw4014BaleWrapSquare220_normal.dds"/>
        <fermentation isFermenting="true" time="169284256.000000"/>
    </item>
    <item className="Bale" uniqueId="item870cffa8babdbd7862e16786a955b918" filename="data/objects/bales/squarebales/squarebale220/squarebale220.xml" position="-747.162 45.464 647.683" rotation="33.83 -84.58 -33.93" fillLevel="6000.000000" fillType="GRASS_WINDROW" variationIndex="2" farmId="1" isMissionBale="false" wrappingState="1.000000" wrappingColor="0.0931 0.3613 0.3231">
        <textures wrapDiffuse="data/vehicles/kuhn/sw4014/sw4014BaleWrapSquare220_diffuse.dds" wrapNormal="data/vehicles/kuhn/sw4014/sw4014BaleWrapSquare220_normal.dds"/>
        <fermentation isFermenting="true" time="169503120.000000"/>
    </item>
    <item className="Bale" uniqueId="itemd6e43ad2b40c9456334c0d0f73a988e9" filename="data/objects/bales/squarebales/squarebale220/squarebale220.xml" position="-746.975 45.344 650.040" rotation="35.95 -85.12 -36.06" fillLevel="6000.000000" fillType="GRASS_WINDROW" variationIndex="2" farmId="1" isMissionBale="false" wrappingState="1.000000" wrappingColor="0.0931 0.3613 0.3231">
        <textures wrapDiffuse="data/vehicles/kuhn/sw4014/sw4014BaleWrapSquare220_diffuse.dds" wrapNormal="data/vehicles/kuhn/sw4014/sw4014BaleWrapSquare220_normal.dds"/>
        <fermentation isFermenting="true" time="169524144.000000"/>
    </item>
    <item className="Bale" uniqueId="itema66cc283a052c22f8ef78b4d9b519d5d" filename="data/objects/bales/squarebales/squarebale220/squarebale220.xml" position="-746.909 47.004 651.317" rotation="34.95 -85.29 -35.06" fillLevel="6000.000000" fillType="GRASS_WINDROW" variationIndex="2" farmId="1" isMissionBale="false" wrappingState="1.000000" wrappingColor="0.0931 0.3613 0.3231">
        <textures wrapDiffuse="data/vehicles/kuhn/sw4014/sw4014BaleWrapSquare220_diffuse.dds" wrapNormal="data/vehicles/kuhn/sw4014/sw4014BaleWrapSquare220_normal.dds"/>
        <fermentation isFermenting="true" time="169322032.000000"/>
    </item>
    <item className="Bale" uniqueId="itemd954d2e4c9b35c9902d1d6bfb958ee0a" filename="data/objects/bales/squarebales/squarebale220/squarebale220.xml" position="-747.245 45.530 646.466" rotation="39.26 -84.88 -39.39" fillLevel="6000.000000" fillType="GRASS_WINDROW" variationIndex="2" farmId="1" isMissionBale="false" wrappingState="1.000000" wrappingColor="0.0931 0.3613 0.3231">
        <textures wrapDiffuse="data/vehicles/kuhn/sw4014/sw4014BaleWrapSquare220_diffuse.dds" wrapNormal="data/vehicles/kuhn/sw4014/sw4014BaleWrapSquare220_normal.dds"/>
        <fermentation isFermenting="true" time="169494224.000000"/>
    </item>
    <item className="Bale" uniqueId="itemde5724ef5c99d39bf003d6c17a49eb6b" filename="data/objects/bales/squarebales/squarebale220/squarebale220.xml" position="-746.663 45.995 654.854" rotation="18.93 -83.47 -19.25" fillLevel="6000.000000" fillType="GRASS_WINDROW" variationIndex="2" farmId="1" isMissionBale="false" wrappingState="1.000000" wrappingColor="0.0931 0.3613 0.3231">
        <textures wrapDiffuse="data/vehicles/kuhn/sw4014/sw4014BaleWrapSquare220_diffuse.dds" wrapNormal="data/vehicles/kuhn/sw4014/sw4014BaleWrapSquare220_normal.dds"/>
        <fermentation isFermenting="true" time="169330944.000000"/>
    </item>
    <item className="Bale" uniqueId="item110bf8921ef1fb494383e5b7fb036da1" filename="data/objects/bales/roundbales/roundbale150/roundbale150.xml" position="-579.639 45.782 671.675" rotation="-86.34 -39.54 170.89" fillLevel="1128.116211" fillType="GRASS_WINDROW" variationIndex="2" farmId="1" isMissionBale="false" wrappingState="0.000000" wrappingColor="1 1 1"/>
    <item className="Bale" uniqueId="item7e2ba8907425544489b7ccad73c8b05e" filename="data/objects/bales/squarebales/squarebale220/squarebale220.xml" position="-746.851 46.093 652.449" rotation="36.17 -85.51 -36.48" fillLevel="6000.000000" fillType="GRASS_WINDROW" variationIndex="2" farmId="1" isMissionBale="false" wrappingState="1.000000" wrappingColor="0.0931 0.3613 0.3231">
        <textures wrapDiffuse="data/vehicles/kuhn/sw4014/sw4014BaleWrapSquare220_diffuse.dds" wrapNormal="data/vehicles/kuhn/sw4014/sw4014BaleWrapSquare220_normal.dds"/>
        <fermentation isFermenting="true" time="169293696.000000"/>
    </item>
    <item className="Bale" uniqueId="item13b15cef889bbaf89ec924451b96ad48" filename="data/objects/bales/squarebales/squarebale220/squarebale220.xml" position="-746.600 46.855 654.848" rotation="25.46 -85.09 -25.82" fillLevel="6000.000000" fillType="GRASS_WINDROW" variationIndex="2" farmId="1" isMissionBale="false" wrappingState="1.000000" wrappingColor="0.0931 0.3613 0.3231">
        <textures wrapDiffuse="data/vehicles/kuhn/sw4014/sw4014BaleWrapSquare220_diffuse.dds" wrapNormal="data/vehicles/kuhn/sw4014/sw4014BaleWrapSquare220_normal.dds"/>
        <fermentation isFermenting="true" time="169368896.000000"/>
    </item>
</items>
