﻿<?xml version="1.0" encoding="utf-8" standalone="no"?>
<missions version="0">
    <meta>
        <destructibleRockMission nextDay="124"/>
    </meta>
    <treeTransportMission numTrees="29" uniqueId="mission04ffe4204f6e86bd36c0cb0f49ec4154" status="CREATED" finishState="NONE" spotIndex="2" numDeliveredTrees="0" numDeletedTrees="0">
        <info reward="7395" reimbursement="0.000000" completion="0.000000"/>
        <vehicles spawned="false" group="1"/>
        <endDate endDay="123" endDayTime="36000000"/>
        <sellingStation uniqueId="preplaced_carpenterAS_ebbdc6ce5ce59f2c7982da405df8da71" unloadingStationIndex="1"/>
    </treeTransportMission>
    <deadwoodMission uniqueId="mission326a73f65775ff3670d9d2b944cfb1a1" status="RUNNING" finishState="NONE" farmId="1" activeId="1" spotIndex="15">
        <info reward="750" reimbursement="0.000000" completion="0.800000"/>
        <vehicles spawned="false" group="1"/>
        <endDate endDay="124" endDayTime="36000000"/>
        <originalTree splitShapePart1="1" splitShapePart2="13649" splitShapePart3="0"/>
        <originalTree splitShapePart1="1" splitShapePart2="14637" splitShapePart3="0"/>
        <originalTree splitShapePart1="1" splitShapePart2="4789" splitShapePart3="0"/>
        <originalTree splitShapePart1="1" splitShapePart2="4899" splitShapePart3="0"/>
        <originalTree splitShapePart1="1" splitShapePart2="13650" splitShapePart3="0"/>
        <deadTree cutDown="false" splitShapePart1="121" splitShapePart2="0" splitShapePart3="0"/>
        <deadTree cutDown="true"/>
        <deadTree cutDown="true"/>
        <deadTree cutDown="true"/>
        <deadTree cutDown="true"/>
        <cutSplitShape splitShapePart1="124" splitShapePart2="0" splitShapePart3="3"/>
        <cutSplitShape splitShapePart1="123" splitShapePart2="0" splitShapePart3="1"/>
        <cutSplitShape splitShapePart1="122" splitShapePart2="0" splitShapePart3="2"/>
        <cutSplitShape splitShapePart1="124" splitShapePart2="0" splitShapePart3="2"/>
        <cutSplitShape splitShapePart1="125" splitShapePart2="0" splitShapePart3="1"/>
        <cutSplitShape splitShapePart1="123" splitShapePart2="0" splitShapePart3="2"/>
        <cutSplitShape splitShapePart1="125" splitShapePart2="0" splitShapePart3="2"/>
        <cutSplitShape splitShapePart1="124" splitShapePart2="0" splitShapePart3="1"/>
        <cutSplitShape splitShapePart1="122" splitShapePart2="0" splitShapePart3="1"/>
    </deadwoodMission>
</missions>
