﻿<?xml version="1.0" encoding="utf-8" standalone="no"?>
<missions version="0">
    <meta>
        <destructibleRockMission nextDay="178"/>
    </meta>
    <destructibleRockMission uniqueId="missionf38c26cc816186b56ec27e2d31c00bd7" status="CREATED" finishState="NONE" spotIndex="1" numRocksDestroyed="0">
        <info reward="2200" reimbursement="0.000000" completion="0.000000"/>
        <vehicles spawned="false" group="1"/>
        <endDate endDay="173" endDayTime="64800000"/>
        <destructible groupId="1" index="4"/>
        <destructible groupId="1" index="2"/>
        <destructible groupId="1" index="0"/>
        <destructible groupId="1" index="3"/>
        <destructible groupId="1" index="1" isPartOfMission="false"/>
    </destructibleRockMission>
    <treeTransportMission numTrees="15" uniqueId="mission019bed5431304a43a0e0d3cb1426e2b3" status="CREATED" finishState="NONE" spotIndex="4" numDeliveredTrees="0" numDeletedTrees="0">
        <info reward="3825" reimbursement="0.000000" completion="0.000000"/>
        <vehicles spawned="false" group="1"/>
        <endDate endDay="173" endDayTime="64800000"/>
        <sellingStation uniqueId="preplaced_sawmillAS_e994f9d0c15566a1dc348dde725be99c" unloadingStationIndex="1"/>
    </treeTransportMission>
    <deadwoodMission uniqueId="mission7f72456aec751b9894edc09b94c4f197" status="CREATED" finishState="NONE" spotIndex="3">
        <info reward="1200" reimbursement="0.000000" completion="0.000000"/>
        <vehicles spawned="false" group="2"/>
        <endDate endDay="173" endDayTime="43200000"/>
        <originalTree splitShapePart1="1" splitShapePart2="7328" splitShapePart3="0"/>
        <originalTree splitShapePart1="1" splitShapePart2="9567" splitShapePart3="0"/>
        <originalTree splitShapePart1="1" splitShapePart2="11389" splitShapePart3="0"/>
        <originalTree splitShapePart1="1" splitShapePart2="4968" splitShapePart3="0"/>
        <originalTree splitShapePart1="1" splitShapePart2="4878" splitShapePart3="0"/>
        <originalTree splitShapePart1="1" splitShapePart2="4544" splitShapePart3="0"/>
        <originalTree splitShapePart1="1" splitShapePart2="5016" splitShapePart3="0"/>
        <originalTree splitShapePart1="1" splitShapePart2="7013" splitShapePart3="0"/>
    </deadwoodMission>
    <stonePickMission uniqueId="mission7d229f3b6cc4857db92d33511f9b64ea" status="CREATED" finishState="NONE">
        <info reward="0" reimbursement="0.000000" completion="0.000000"/>
        <vehicles spawned="false" group="1"/>
        <endDate endDay="172" endDayTime="86399999"/>
        <field id="22"/>
    </stonePickMission>
</missions>
