﻿<?xml version="1.0" encoding="utf-8" standalone="no"?>
<missions version="0">
    <meta>
        <destructibleRockMission nextDay="195"/>
    </meta>
    <deadwoodMission uniqueId="mission9ac870b8a0540a88e862fbdd99b33876" status="CREATED" finishState="NONE" spotIndex="11">
        <info reward="900" reimbursement="0.000000" completion="0.000000"/>
        <vehicles spawned="false" group="1"/>
        <endDate endDay="191" endDayTime="36000000"/>
        <originalTree splitShapePart1="1" splitShapePart2="6516" splitShapePart3="0"/>
        <originalTree splitShapePart1="1" splitShapePart2="12184" splitShapePart3="0"/>
        <originalTree splitShapePart1="1" splitShapePart2="8958" splitShapePart3="0"/>
        <originalTree splitShapePart1="1" splitShapePart2="8822" splitShapePart3="0"/>
        <originalTree splitShapePart1="1" splitShapePart2="8942" splitShapePart3="0"/>
        <originalTree splitShapePart1="1" splitShapePart2="6485" splitShapePart3="0"/>
    </deadwoodMission>
    <treeTransportMission numTrees="19" uniqueId="missionbc6533591c5d9fce4dc28467cc17bc5a" status="CREATED" finishState="NONE" spotIndex="7" numDeliveredTrees="0" numDeletedTrees="0">
        <info reward="4845" reimbursement="0.000000" completion="0.000000"/>
        <vehicles spawned="false" group="1"/>
        <endDate endDay="191" endDayTime="61200000"/>
        <sellingStation uniqueId="placeable53ea3b9499c079ab56ca76a8c20ca542" unloadingStationIndex="1"/>
    </treeTransportMission>
    <destructibleRockMission uniqueId="mission8771e1541429c8a0cb49bd78640f7d3e" status="CREATED" finishState="NONE" spotIndex="5" numRocksDestroyed="0">
        <info reward="2750" reimbursement="0.000000" completion="0.000000"/>
        <vehicles spawned="false" group="1"/>
        <endDate endDay="192" endDayTime="54000000"/>
        <destructible groupId="6" index="2"/>
        <destructible groupId="6" index="3"/>
        <destructible groupId="6" index="5"/>
        <destructible groupId="6" index="1"/>
        <destructible groupId="6" index="0" isPartOfMission="false"/>
        <destructible groupId="6" index="4"/>
    </destructibleRockMission>
    <plowMission uniqueId="missioncd5741cb6307da50e01c44b86aebfcd1" status="CREATED" finishState="NONE">
        <info reward="0" reimbursement="0.000000" completion="0.000000"/>
        <vehicles spawned="false" group="2"/>
        <endDate endDay="191" endDayTime="86399999"/>
        <field id="37"/>
    </plowMission>
    <harvestMission uniqueId="mission1eb7ba9ea023a6bdf1e04221067450cd" status="CREATED" finishState="NONE">
        <harvest fruitType="SPINACH" expectedLiters="0.000000" depositedLiters="0.000000" sellingStationPlaceableUniqueId="preplaced_cannedPackagedFactoryAS_451c6c0e5f7a2311840e500721fd1cb8" unloadingStationIndex="1"/>
        <info reward="0" reimbursement="0.000000" completion="0.000000"/>
        <vehicles spawned="false" group="15"/>
        <endDate endDay="191" endDayTime="86399999"/>
        <field id="34"/>
    </harvestMission>
    <hoeMission uniqueId="missione235706df579eb00558f05375e3ce364" status="CREATED" finishState="NONE" targetWeedState="0">
        <info reward="0" reimbursement="0.000000" completion="0.000000"/>
        <vehicles spawned="false" group="1"/>
        <endDate endDay="191" endDayTime="86399999"/>
        <field id="40"/>
    </hoeMission>
    <plowMission uniqueId="mission5b64bea447c56beae7eed88fb85d10ee" status="CREATED" finishState="NONE">
        <info reward="0" reimbursement="0.000000" completion="0.000000"/>
        <vehicles spawned="false" group="1"/>
        <endDate endDay="191" endDayTime="86399999"/>
        <field id="47"/>
    </plowMission>
    <hoeMission uniqueId="mission24133a5f3e1e5ec6382775d64770aa49" status="CREATED" finishState="NONE" targetWeedState="0">
        <info reward="0" reimbursement="0.000000" completion="0.000000"/>
        <vehicles spawned="false" group="1"/>
        <endDate endDay="191" endDayTime="86399999"/>
        <field id="44"/>
    </hoeMission>
    <harvestMission uniqueId="missioncd258c3b0bbb6e2811cd0eb1c7632af4" status="CREATED" finishState="NONE">
        <harvest fruitType="CARROT" expectedLiters="0.000000" depositedLiters="0.000000" sellingStationPlaceableUniqueId="preplaced_grainElevatorHarborAS_f4bb22f91c6f39e91c18c97bf500d8ca" unloadingStationIndex="1"/>
        <info reward="0" reimbursement="0.000000" completion="0.000000"/>
        <vehicles spawned="false" group="16"/>
        <endDate endDay="191" endDayTime="86399999"/>
        <field id="3"/>
    </harvestMission>
    <stonePickMission uniqueId="mission02b308da9a7f8b1165deaf5b9b879e96" status="CREATED" finishState="NONE">
        <info reward="0" reimbursement="0.000000" completion="0.000000"/>
        <vehicles spawned="false" group="3"/>
        <endDate endDay="191" endDayTime="86399999"/>
        <field id="39"/>
    </stonePickMission>
    <cultivateMission uniqueId="missionbad6fd5257db624005286ab6078bd009" status="CREATED" finishState="NONE">
        <info reward="0" reimbursement="0.000000" completion="0.000000"/>
        <vehicles spawned="false" group="5"/>
        <endDate endDay="191" endDayTime="86399999"/>
        <field id="36"/>
    </cultivateMission>
</missions>
