﻿<?xml version="1.0" encoding="utf-8" standalone="no"?>
<missions version="0">
    <meta>
        <destructibleRockMission nextDay="85"/>
    </meta>
    <deadwoodMission uniqueId="mission6639e38fe6d2a790dabd7c6c2d57fb51" status="CREATED" finishState="NONE" spotIndex="7">
        <info reward="750" reimbursement="0.000000" completion="0.000000"/>
        <vehicles spawned="false" group="1"/>
        <endDate endDay="82" endDayTime="64800000"/>
        <originalTree splitShapePart1="1" splitShapePart2="6145" splitShapePart3="0"/>
        <originalTree splitShapePart1="1" splitShapePart2="12006" splitShapePart3="0"/>
        <originalTree splitShapePart1="1" splitShapePart2="3577" splitShapePart3="0"/>
        <originalTree splitShapePart1="1" splitShapePart2="6049" splitShapePart3="0"/>
        <originalTree splitShapePart1="1" splitShapePart2="6147" splitShapePart3="0"/>
    </deadwoodMission>
    <harvestMission uniqueId="mission50db9bed6d5e43b33def24fcb829ea92" status="CREATED" finishState="NONE">
        <harvest fruitType="SPINACH" expectedLiters="0.000000" depositedLiters="0.000000" sellingStationPlaceableUniqueId="preplaced_grainElevatorHarborAS_f4bb22f91c6f39e91c18c97bf500d8ca" unloadingStationIndex="1"/>
        <info reward="0" reimbursement="0.000000" completion="0.000000"/>
        <vehicles spawned="false" group="21"/>
        <endDate endDay="81" endDayTime="86399999"/>
        <field id="9"/>
    </harvestMission>
    <harvestMission uniqueId="mission95ac84b2b9ba386f51d766772fbc99a8" status="CREATED" finishState="NONE">
        <harvest fruitType="SORGHUM" expectedLiters="0.000000" depositedLiters="0.000000" sellingStationPlaceableUniqueId="preplaced_grainElevatorHarborAS_f4bb22f91c6f39e91c18c97bf500d8ca" unloadingStationIndex="1"/>
        <info reward="0" reimbursement="0.000000" completion="0.000000"/>
        <vehicles spawned="false" group="2"/>
        <endDate endDay="81" endDayTime="86399999"/>
        <field id="45"/>
    </harvestMission>
    <harvestMission uniqueId="mission74163a063505880d73e5fc5487982a76" status="CREATED" finishState="NONE">
        <harvest fruitType="BEETROOT" expectedLiters="0.000000" depositedLiters="0.000000" sellingStationPlaceableUniqueId="preplaced_cannedPackagedFactoryAS_451c6c0e5f7a2311840e500721fd1cb8" unloadingStationIndex="1"/>
        <info reward="0" reimbursement="0.000000" completion="0.000000"/>
        <vehicles spawned="false" group="12"/>
        <endDate endDay="81" endDayTime="86399999"/>
        <field id="39"/>
    </harvestMission>
    <harvestMission uniqueId="mission39b3289796c448c8154a41944d1e55af" status="CREATED" finishState="NONE">
        <harvest fruitType="GREENBEAN" expectedLiters="0.000000" depositedLiters="0.000000" sellingStationPlaceableUniqueId="preplaced_grainElevatorHarborAS_f4bb22f91c6f39e91c18c97bf500d8ca" unloadingStationIndex="1"/>
        <info reward="0" reimbursement="0.000000" completion="0.000000"/>
        <vehicles spawned="false" group="18"/>
        <endDate endDay="81" endDayTime="86399999"/>
        <field id="19"/>
    </harvestMission>
    <harvestMission uniqueId="mission8f8b85e705fc1b73a082400bec4bbb29" status="CREATED" finishState="NONE">
        <harvest fruitType="PEA" expectedLiters="0.000000" depositedLiters="0.000000" sellingStationPlaceableUniqueId="preplaced_cannedPackagedFactoryAS_451c6c0e5f7a2311840e500721fd1cb8" unloadingStationIndex="1"/>
        <info reward="0" reimbursement="0.000000" completion="0.000000"/>
        <vehicles spawned="false" group="18"/>
        <endDate endDay="81" endDayTime="86399999"/>
        <field id="16"/>
    </harvestMission>
    <herbicideMission uniqueId="missiond2a71794fa1aca8730f8e758a112cda6" status="CREATED" finishState="NONE" targetWeedState="9">
        <info reward="0" reimbursement="0.000000" completion="0.000000"/>
        <vehicles spawned="false" group="1"/>
        <endDate endDay="81" endDayTime="86399999"/>
        <field id="14"/>
    </herbicideMission>
    <harvestMission uniqueId="missionfe02ee3dcaf1a7a077e71407b6d7256a" status="CREATED" finishState="NONE">
        <harvest fruitType="BEETROOT" expectedLiters="0.000000" depositedLiters="0.000000" sellingStationPlaceableUniqueId="preplaced_cannedPackagedFactoryAS_451c6c0e5f7a2311840e500721fd1cb8" unloadingStationIndex="1"/>
        <info reward="0" reimbursement="0.000000" completion="0.000000"/>
        <vehicles spawned="false" group="18"/>
        <endDate endDay="81" endDayTime="86399999"/>
        <field id="12"/>
    </harvestMission>
    <plowMission uniqueId="mission5caa9f9611281a501198590816a34a28" status="CREATED" finishState="NONE">
        <info reward="0" reimbursement="0.000000" completion="0.000000"/>
        <vehicles spawned="false" group="1"/>
        <endDate endDay="81" endDayTime="86399999"/>
        <field id="77"/>
    </plowMission>
    <herbicideMission uniqueId="missiona3e796deab7cb1aaef8b0ddeb87f78c3" status="CREATED" finishState="NONE" targetWeedState="9">
        <info reward="0" reimbursement="0.000000" completion="0.000000"/>
        <vehicles spawned="false" group="1"/>
        <endDate endDay="81" endDayTime="86399999"/>
        <field id="3"/>
    </herbicideMission>
    <harvestMission uniqueId="missiondf986ffbb6245aa3e11142f35618e92f" status="CREATED" finishState="NONE">
        <harvest fruitType="BEETROOT" expectedLiters="0.000000" depositedLiters="0.000000" sellingStationPlaceableUniqueId="preplaced_cannedPackagedFactoryAS_451c6c0e5f7a2311840e500721fd1cb8" unloadingStationIndex="1"/>
        <info reward="0" reimbursement="0.000000" completion="0.000000"/>
        <vehicles spawned="false" group="12"/>
        <endDate endDay="81" endDayTime="86399999"/>
        <field id="20"/>
    </harvestMission>
    <harvestMission uniqueId="mission033f208ef5dd74efe380d767ac0fe683" status="CREATED" finishState="NONE">
        <harvest fruitType="PARSNIP" expectedLiters="0.000000" depositedLiters="0.000000" sellingStationPlaceableUniqueId="preplaced_grainElevatorHarborAS_f4bb22f91c6f39e91c18c97bf500d8ca" unloadingStationIndex="1"/>
        <info reward="0" reimbursement="0.000000" completion="0.000000"/>
        <vehicles spawned="false" group="12"/>
        <endDate endDay="81" endDayTime="86399999"/>
        <field id="34"/>
    </harvestMission>
    <harvestMission uniqueId="mission2b449de9d67ab322b5cd0eb3da187a2c" status="CREATED" finishState="NONE">
        <harvest fruitType="GREENBEAN" expectedLiters="0.000000" depositedLiters="0.000000" sellingStationPlaceableUniqueId="preplaced_grainElevatorHarborAS_f4bb22f91c6f39e91c18c97bf500d8ca" unloadingStationIndex="1"/>
        <info reward="0" reimbursement="0.000000" completion="0.000000"/>
        <vehicles spawned="false" group="17"/>
        <endDate endDay="81" endDayTime="86399999"/>
        <field id="22"/>
    </harvestMission>
    <treeTransportMission numTrees="15" uniqueId="missionf872517268cf06f183cbcb3f6deb92c1" status="CREATED" finishState="NONE" spotIndex="3" numDeliveredTrees="0" numDeletedTrees="0">
        <info reward="3825" reimbursement="0.000000" completion="0.000000"/>
        <vehicles spawned="false" group="1"/>
        <endDate endDay="83" endDayTime="50400000"/>
        <sellingStation uniqueId="preplaced_sawmillAS_e994f9d0c15566a1dc348dde725be99c" unloadingStationIndex="1"/>
    </treeTransportMission>
    <stonePickMission uniqueId="mission20b7b842fb50bdb3e2a5d7fb07194f92" status="CREATED" finishState="NONE">
        <info reward="0" reimbursement="0.000000" completion="0.000000"/>
        <vehicles spawned="false" group="3"/>
        <endDate endDay="81" endDayTime="86399999"/>
        <field id="46"/>
    </stonePickMission>
</missions>
