﻿<?xml version="1.0" encoding="utf-8" standalone="no"?>
<missions version="0">
    <meta>
        <destructibleRockMission nextDay="254"/>
    </meta>
    <deadwoodMission uniqueId="mission8517f5b9a80893f534a0823a768ac21c" status="CREATED" finishState="NONE" spotIndex="9">
        <info reward="900" reimbursement="0.000000" completion="0.000000"/>
        <vehicles spawned="false" group="1"/>
        <endDate endDay="251" endDayTime="57600000"/>
        <originalTree splitShapePart1="1" splitShapePart2="14441" splitShapePart3="0"/>
        <originalTree splitShapePart1="1" splitShapePart2="13196" splitShapePart3="0"/>
        <originalTree splitShapePart1="1" splitShapePart2="2154" splitShapePart3="0"/>
        <originalTree splitShapePart1="1" splitShapePart2="3787" splitShapePart3="0"/>
        <originalTree splitShapePart1="1" splitShapePart2="8980" splitShapePart3="0"/>
        <originalTree splitShapePart1="1" splitShapePart2="6508" splitShapePart3="0"/>
    </deadwoodMission>
    <plowMission uniqueId="mission40b56fc5c2f7d86691adc44fc9bcad09" status="CREATED" finishState="NONE">
        <info reward="0" reimbursement="0.000000" completion="0.000000"/>
        <vehicles spawned="false" group="1"/>
        <endDate endDay="251" endDayTime="86399999"/>
        <field id="40"/>
    </plowMission>
    <fertilizeMission uniqueId="missiond56ffc22138aece34edd1d01a22c794e" status="CREATED" finishState="NONE" targetSprayLevel="2">
        <info reward="0" reimbursement="0.000000" completion="0.000000"/>
        <vehicles spawned="false" group="1"/>
        <endDate endDay="251" endDayTime="86399999"/>
        <field id="42"/>
    </fertilizeMission>
    <harvestMission uniqueId="mission65790a5943fc26046259ed07bd0aee3c" status="CREATED" finishState="NONE">
        <harvest fruitType="GREENBEAN" expectedLiters="0.000000" depositedLiters="0.000000" sellingStationPlaceableUniqueId="preplaced_cannedPackagedFactoryAS_451c6c0e5f7a2311840e500721fd1cb8" unloadingStationIndex="1"/>
        <info reward="0" reimbursement="0.000000" completion="0.000000"/>
        <vehicles spawned="false" group="23"/>
        <endDate endDay="251" endDayTime="86399999"/>
        <field id="14"/>
    </harvestMission>
    <cultivateMission uniqueId="mission05f67d3858e5fb6be3224b002a6d1541" status="CREATED" finishState="NONE">
        <info reward="0" reimbursement="0.000000" completion="0.000000"/>
        <vehicles spawned="false" group="3"/>
        <endDate endDay="251" endDayTime="86399999"/>
        <field id="35"/>
    </cultivateMission>
    <hoeMission uniqueId="mission3e4916f3bf5a0c8ad6f4f1b99640d042" status="CREATED" finishState="NONE" targetWeedState="0">
        <info reward="0" reimbursement="0.000000" completion="0.000000"/>
        <vehicles spawned="false" group="1"/>
        <endDate endDay="251" endDayTime="86399999"/>
        <field id="12"/>
    </hoeMission>
    <harvestMission uniqueId="mission56f12ea1e680daead6440ac9fcd2832b" status="CREATED" finishState="NONE">
        <harvest fruitType="SPINACH" expectedLiters="0.000000" depositedLiters="0.000000" sellingStationPlaceableUniqueId="preplaced_grainElevatorHarborAS_f4bb22f91c6f39e91c18c97bf500d8ca" unloadingStationIndex="1"/>
        <info reward="0" reimbursement="0.000000" completion="0.000000"/>
        <vehicles spawned="false" group="16"/>
        <endDate endDay="251" endDayTime="86399999"/>
        <field id="11"/>
    </harvestMission>
    <plowMission uniqueId="mission6c408ec5561a1190a5cb8bf3897675e1" status="CREATED" finishState="NONE">
        <info reward="0" reimbursement="0.000000" completion="0.000000"/>
        <vehicles spawned="false" group="2"/>
        <endDate endDay="251" endDayTime="86399999"/>
        <field id="37"/>
    </plowMission>
    <harvestMission uniqueId="mission9464b31b6ebd5d650ba310f7b9c22ca5" status="CREATED" finishState="NONE">
        <harvest fruitType="PARSNIP" expectedLiters="0.000000" depositedLiters="0.000000" sellingStationPlaceableUniqueId="preplaced_cannedPackagedFactoryAS_451c6c0e5f7a2311840e500721fd1cb8" unloadingStationIndex="1"/>
        <info reward="0" reimbursement="0.000000" completion="0.000000"/>
        <vehicles spawned="false" group="17"/>
        <endDate endDay="251" endDayTime="86399999"/>
        <field id="16"/>
    </harvestMission>
    <harvestMission uniqueId="missionf4f03fbd2e25b99256c2bc2aed9ac314" status="CREATED" finishState="NONE">
        <harvest fruitType="SUNFLOWER" expectedLiters="0.000000" depositedLiters="0.000000" sellingStationPlaceableUniqueId="preplaced_grainElevatorHarborAS_f4bb22f91c6f39e91c18c97bf500d8ca" unloadingStationIndex="1"/>
        <info reward="0" reimbursement="0.000000" completion="0.000000"/>
        <vehicles spawned="false" group="6"/>
        <endDate endDay="251" endDayTime="86399999"/>
        <field id="3"/>
    </harvestMission>
    <cultivateMission uniqueId="mission91df620b918763f337740f06e17c6fa4" status="CREATED" finishState="NONE">
        <info reward="0" reimbursement="0.000000" completion="0.000000"/>
        <vehicles spawned="false" group="2"/>
        <endDate endDay="251" endDayTime="86399999"/>
        <field id="22"/>
    </cultivateMission>
    <stonePickMission uniqueId="mission58e0cd5d92179b2d42aff85572a379ef" status="CREATED" finishState="NONE">
        <info reward="0" reimbursement="0.000000" completion="0.000000"/>
        <vehicles spawned="false" group="1"/>
        <endDate endDay="251" endDayTime="86399999"/>
        <field id="45"/>
    </stonePickMission>
    <cultivateMission uniqueId="mission708ab421184e5c2e7409025ceed057ab" status="CREATED" finishState="NONE">
        <info reward="0" reimbursement="0.000000" completion="0.000000"/>
        <vehicles spawned="false" group="2"/>
        <endDate endDay="251" endDayTime="86399999"/>
        <field id="10"/>
    </cultivateMission>
    <harvestMission uniqueId="missionf30f15cd549132ca0331f1f246941c65" status="CREATED" finishState="NONE">
        <harvest fruitType="MAIZE" expectedLiters="0.000000" depositedLiters="0.000000" sellingStationPlaceableUniqueId="preplaced_grainElevatorHarborAS_f4bb22f91c6f39e91c18c97bf500d8ca" unloadingStationIndex="1"/>
        <info reward="0" reimbursement="0.000000" completion="0.000000"/>
        <vehicles spawned="false" group="5"/>
        <endDate endDay="251" endDayTime="86399999"/>
        <field id="20"/>
    </harvestMission>
    <treeTransportMission numTrees="23" uniqueId="mission0ebe335bdad54918d0f119f4663296b9" status="CREATED" finishState="NONE" spotIndex="8" numDeliveredTrees="0" numDeletedTrees="0">
        <info reward="5865" reimbursement="0.000000" completion="0.000000"/>
        <vehicles spawned="false" group="1"/>
        <endDate endDay="253" endDayTime="36000000"/>
        <sellingStation uniqueId="preplaced_sawmillAS_e994f9d0c15566a1dc348dde725be99c" unloadingStationIndex="1"/>
    </treeTransportMission>
</missions>
