﻿<?xml version="1.0" encoding="utf-8" standalone="no"?>
<missions version="0">
    <meta>
        <destructibleRockMission nextDay="271"/>
    </meta>
    <destructibleRockMission uniqueId="mission54556fc419192a14da2da0f558bb401d" status="CREATED" finishState="NONE" spotIndex="5" numRocksDestroyed="0">
        <info reward="2200" reimbursement="0.000000" completion="0.000000"/>
        <vehicles spawned="false" group="2"/>
        <endDate endDay="265" endDayTime="64800000"/>
        <destructible groupId="6" index="4"/>
        <destructible groupId="6" index="0"/>
        <destructible groupId="6" index="2"/>
        <destructible groupId="6" index="1"/>
        <destructible groupId="6" index="3" isPartOfMission="false"/>
        <destructible groupId="6" index="5" isPartOfMission="false"/>
    </destructibleRockMission>
    <treeTransportMission numTrees="13" uniqueId="missione71d247a8eeb0a13aa6dbc58ffc7afd3" status="CREATED" finishState="NONE" spotIndex="5" numDeliveredTrees="0" numDeletedTrees="0">
        <info reward="3315" reimbursement="0.000000" completion="0.000000"/>
        <vehicles spawned="false" group="1"/>
        <endDate endDay="265" endDayTime="43200000"/>
        <sellingStation uniqueId="placeabled4d27832ca8096a6155bff0c4cd72382" unloadingStationIndex="1"/>
    </treeTransportMission>
    <deadwoodMission uniqueId="missionf6955cabd1ec7e4c2882bcb74a22fe9e" status="CREATED" finishState="NONE" spotIndex="17">
        <info reward="1350" reimbursement="0.000000" completion="0.000000"/>
        <vehicles spawned="false" group="2"/>
        <endDate endDay="265" endDayTime="43200000"/>
        <originalTree splitShapePart1="1" splitShapePart2="12828" splitShapePart3="0"/>
        <originalTree splitShapePart1="1" splitShapePart2="12821" splitShapePart3="0"/>
        <originalTree splitShapePart1="1" splitShapePart2="3193" splitShapePart3="0"/>
        <originalTree splitShapePart1="1" splitShapePart2="3220" splitShapePart3="0"/>
        <originalTree splitShapePart1="1" splitShapePart2="8118" splitShapePart3="0"/>
        <originalTree splitShapePart1="1" splitShapePart2="5702" splitShapePart3="0"/>
        <originalTree splitShapePart1="1" splitShapePart2="8379" splitShapePart3="0"/>
        <originalTree splitShapePart1="1" splitShapePart2="8382" splitShapePart3="0"/>
        <originalTree splitShapePart1="1" splitShapePart2="8090" splitShapePart3="0"/>
    </deadwoodMission>
    <plowMission uniqueId="mission513260a62e35fb947e30a3c7d9a16e6c" status="CREATED" finishState="NONE">
        <info reward="0" reimbursement="0.000000" completion="0.000000"/>
        <vehicles spawned="false" group="2"/>
        <endDate endDay="265" endDayTime="86399999"/>
        <field id="45"/>
    </plowMission>
    <plowMission uniqueId="mission82e3e2f8f30343c6bfbb29343078a6f7" status="CREATED" finishState="NONE">
        <info reward="0" reimbursement="0.000000" completion="0.000000"/>
        <vehicles spawned="false" group="2"/>
        <endDate endDay="265" endDayTime="86399999"/>
        <field id="16"/>
    </plowMission>
    <cultivateMission uniqueId="mission02c062fca32d634587f9e823fa977eeb" status="CREATED" finishState="NONE">
        <info reward="0" reimbursement="0.000000" completion="0.000000"/>
        <vehicles spawned="false" group="2"/>
        <endDate endDay="265" endDayTime="86399999"/>
        <field id="21"/>
    </cultivateMission>
    <cultivateMission uniqueId="mission878834b3c99e974c0b89092a14dad80e" status="CREATED" finishState="NONE">
        <info reward="0" reimbursement="0.000000" completion="0.000000"/>
        <vehicles spawned="false" group="5"/>
        <endDate endDay="265" endDayTime="86399999"/>
        <field id="35"/>
    </cultivateMission>
</missions>
