﻿<?xml version="1.0" encoding="utf-8" standalone="no"?>
<missions version="0">
    <meta>
        <destructibleRockMission nextDay="161"/>
    </meta>
    <treeTransportMission numTrees="19" uniqueId="missionc1c168a1505eca023eda33ca3c9b816c" status="CREATED" finishState="NONE" spotIndex="7" numDeliveredTrees="0" numDeletedTrees="0">
        <info reward="4845" reimbursement="0.000000" completion="0.000000"/>
        <vehicles spawned="false" group="1"/>
        <endDate endDay="161" endDayTime="57600000"/>
        <sellingStation uniqueId="preplaced_carpenterAS_ebbdc6ce5ce59f2c7982da405df8da71" unloadingStationIndex="1"/>
    </treeTransportMission>
    <deadwoodMission uniqueId="mission8c545db2c2d0f83d0923b0cdbb0f3b9d" status="CREATED" finishState="NONE" spotIndex="11">
        <info reward="900" reimbursement="0.000000" completion="0.000000"/>
        <vehicles spawned="false" group="2"/>
        <endDate endDay="161" endDayTime="54000000"/>
        <originalTree splitShapePart1="1" splitShapePart2="3755" splitShapePart3="0"/>
        <originalTree splitShapePart1="1" splitShapePart2="8893" splitShapePart3="0"/>
        <originalTree splitShapePart1="1" splitShapePart2="2133" splitShapePart3="0"/>
        <originalTree splitShapePart1="1" splitShapePart2="6514" splitShapePart3="0"/>
        <originalTree splitShapePart1="1" splitShapePart2="2167" splitShapePart3="0"/>
        <originalTree splitShapePart1="1" splitShapePart2="12150" splitShapePart3="0"/>
    </deadwoodMission>
    <hoeMission uniqueId="missionff7a20c198f7da306aa6151094018b9d" status="CREATED" finishState="NONE" targetWeedState="0">
        <info reward="0" reimbursement="0.000000" completion="0.000000"/>
        <vehicles spawned="false" group="1"/>
        <endDate endDay="160" endDayTime="86399999"/>
        <field id="11"/>
    </hoeMission>
    <hoeMission uniqueId="missionfb74408520668c893263356ed011999f" status="CREATED" finishState="NONE" targetWeedState="0">
        <info reward="0" reimbursement="0.000000" completion="0.000000"/>
        <vehicles spawned="false" group="1"/>
        <endDate endDay="160" endDayTime="86399999"/>
        <field id="47"/>
    </hoeMission>
    <weedMission uniqueId="missiond7b3eabc8ad75282f720fd7dbe813afc" status="CREATED" finishState="NONE" targetWeedState="0">
        <info reward="0" reimbursement="0.000000" completion="0.000000"/>
        <vehicles spawned="false" group="1"/>
        <endDate endDay="160" endDayTime="86399999"/>
        <field id="33"/>
    </weedMission>
    <weedMission uniqueId="mission2aee22aacf7d079525d727629a255457" status="CREATED" finishState="NONE" targetWeedState="0">
        <info reward="0" reimbursement="0.000000" completion="0.000000"/>
        <vehicles spawned="false" group="2"/>
        <endDate endDay="160" endDayTime="86399999"/>
        <field id="14"/>
    </weedMission>
    <baleWrapMission uniqueId="mission72ebe26dd975046c2a37a6cba753601e" status="CREATED" finishState="NONE" baleTypeIndex="8" numOfBales="26">
        <info reward="0" reimbursement="0.000000" completion="0.000000"/>
        <vehicles spawned="false" group="5"/>
        <endDate endDay="160" endDayTime="86399999"/>
        <field id="38"/>
    </baleWrapMission>
    <stonePickMission uniqueId="missionb51f2ae00cdf04a366e0bc0ba151ccf5" status="CREATED" finishState="NONE">
        <info reward="0" reimbursement="0.000000" completion="0.000000"/>
        <vehicles spawned="false" group="2"/>
        <endDate endDay="160" endDayTime="86399999"/>
        <field id="19"/>
    </stonePickMission>
</missions>
