﻿<?xml version="1.0" encoding="utf-8" standalone="no"?>
<missions version="0">
    <meta>
        <destructibleRockMission nextDay="186"/>
    </meta>
    <deadwoodMission uniqueId="mission442c8d6c297d65c6d591c703740cd2c6" status="CREATED" finishState="NONE" spotIndex="4">
        <info reward="1200" reimbursement="0.000000" completion="0.000000"/>
        <vehicles spawned="false" group="2"/>
        <endDate endDay="179" endDayTime="57600000"/>
        <originalTree splitShapePart1="1" splitShapePart2="12791" splitShapePart3="0"/>
        <originalTree splitShapePart1="1" splitShapePart2="8073" splitShapePart3="0"/>
        <originalTree splitShapePart1="1" splitShapePart2="11689" splitShapePart3="0"/>
        <originalTree splitShapePart1="1" splitShapePart2="5585" splitShapePart3="0"/>
        <originalTree splitShapePart1="1" splitShapePart2="10299" splitShapePart3="0"/>
        <originalTree splitShapePart1="1" splitShapePart2="5530" splitShapePart3="0"/>
        <originalTree splitShapePart1="1" splitShapePart2="3263" splitShapePart3="0"/>
        <originalTree splitShapePart1="1" splitShapePart2="5707" splitShapePart3="0"/>
    </deadwoodMission>
    <treeTransportMission numTrees="15" uniqueId="missionc3115649c548f1c6207ede778f86311e" status="CREATED" finishState="NONE" spotIndex="4" numDeliveredTrees="0" numDeletedTrees="0">
        <info reward="3825" reimbursement="0.000000" completion="0.000000"/>
        <vehicles spawned="false" group="1"/>
        <endDate endDay="179" endDayTime="46800000"/>
        <sellingStation uniqueId="placeable53ea3b9499c079ab56ca76a8c20ca542" unloadingStationIndex="1"/>
    </treeTransportMission>
    <destructibleRockMission uniqueId="mission64c25c46ecaad323ccc286c0b537245d" status="CREATED" finishState="NONE" spotIndex="1" numRocksDestroyed="0">
        <info reward="2750" reimbursement="0.000000" completion="0.000000"/>
        <vehicles spawned="false" group="1"/>
        <endDate endDay="180" endDayTime="46800000"/>
        <destructible groupId="1" index="3"/>
        <destructible groupId="1" index="1"/>
        <destructible groupId="1" index="2"/>
        <destructible groupId="1" index="0"/>
        <destructible groupId="1" index="4"/>
    </destructibleRockMission>
    <harvestMission uniqueId="missionb4e26f71d5ee7d7c31c5e695656907da" status="CREATED" finishState="NONE">
        <harvest fruitType="CARROT" expectedLiters="0.000000" depositedLiters="0.000000" sellingStationPlaceableUniqueId="preplaced_farmersMarketAS_546b5784f56f5e1b2fb9959ff3bbf13b" unloadingStationIndex="1"/>
        <info reward="0" reimbursement="0.000000" completion="0.000000"/>
        <vehicles spawned="false" group="12"/>
        <endDate endDay="178" endDayTime="86399999"/>
        <field id="11"/>
    </harvestMission>
    <harvestMission uniqueId="missionba4807a5f6784fe04921e446d0f78f16" status="CREATED" finishState="NONE">
        <harvest fruitType="BEETROOT" expectedLiters="0.000000" depositedLiters="0.000000" sellingStationPlaceableUniqueId="preplaced_farmersMarketAS_546b5784f56f5e1b2fb9959ff3bbf13b" unloadingStationIndex="1"/>
        <info reward="0" reimbursement="0.000000" completion="0.000000"/>
        <vehicles spawned="false" group="17"/>
        <endDate endDay="178" endDayTime="86399999"/>
        <field id="35"/>
    </harvestMission>
    <harvestMission uniqueId="mission15bb12b348fe67ad6c575af1ca1cea44" status="CREATED" finishState="NONE">
        <harvest fruitType="CARROT" expectedLiters="0.000000" depositedLiters="0.000000" sellingStationPlaceableUniqueId="preplaced_farmersMarketAS_546b5784f56f5e1b2fb9959ff3bbf13b" unloadingStationIndex="1"/>
        <info reward="0" reimbursement="0.000000" completion="0.000000"/>
        <vehicles spawned="false" group="12"/>
        <endDate endDay="178" endDayTime="86399999"/>
        <field id="21"/>
    </harvestMission>
    <plowMission uniqueId="mission81b50a353fc9ebaee5cdc0591a6adb66" status="CREATED" finishState="NONE">
        <info reward="0" reimbursement="0.000000" completion="0.000000"/>
        <vehicles spawned="false" group="1"/>
        <endDate endDay="178" endDayTime="86399999"/>
        <field id="22"/>
    </plowMission>
    <stonePickMission uniqueId="mission19b5c92ca323ec6bf4067dc2e3a4af6e" status="CREATED" finishState="NONE">
        <info reward="0" reimbursement="0.000000" completion="0.000000"/>
        <vehicles spawned="false" group="3"/>
        <endDate endDay="178" endDayTime="86399999"/>
        <field id="36"/>
    </stonePickMission>
    <hoeMission uniqueId="missioncf10aa2268169a6ffbd94a364d847bfe" status="CREATED" finishState="NONE" targetWeedState="0">
        <info reward="0" reimbursement="0.000000" completion="0.000000"/>
        <vehicles spawned="false" group="1"/>
        <endDate endDay="178" endDayTime="86399999"/>
        <field id="39"/>
    </hoeMission>
    <plowMission uniqueId="mission237b6ea084cc6058ca65e04be7001f48" status="CREATED" finishState="NONE">
        <info reward="0" reimbursement="0.000000" completion="0.000000"/>
        <vehicles spawned="false" group="1"/>
        <endDate endDay="178" endDayTime="86399999"/>
        <field id="47"/>
    </plowMission>
    <cultivateMission uniqueId="mission9beda7f5be4895b7aeb03509dc9615d2" status="CREATED" finishState="NONE">
        <info reward="0" reimbursement="0.000000" completion="0.000000"/>
        <vehicles spawned="false" group="2"/>
        <endDate endDay="178" endDayTime="86399999"/>
        <field id="10"/>
    </cultivateMission>
    <harvestMission uniqueId="mission9daec1efbdc6d6e1d879b9d03c95d6a0" status="CREATED" finishState="NONE">
        <harvest fruitType="CARROT" expectedLiters="0.000000" depositedLiters="0.000000" sellingStationPlaceableUniqueId="preplaced_farmersMarketAS_546b5784f56f5e1b2fb9959ff3bbf13b" unloadingStationIndex="1"/>
        <info reward="0" reimbursement="0.000000" completion="0.000000"/>
        <vehicles spawned="false" group="17"/>
        <endDate endDay="178" endDayTime="86399999"/>
        <field id="9"/>
    </harvestMission>
    <hoeMission uniqueId="mission5bd38fe2217009ff07652724dc63fc0e" status="CREATED" finishState="NONE" targetWeedState="0">
        <info reward="0" reimbursement="0.000000" completion="0.000000"/>
        <vehicles spawned="false" group="1"/>
        <endDate endDay="178" endDayTime="86399999"/>
        <field id="46"/>
    </hoeMission>
    <herbicideMission uniqueId="mission51f235844823995e349180b3de705734" status="CREATED" finishState="NONE" targetWeedState="9">
        <info reward="0" reimbursement="0.000000" completion="0.000000"/>
        <vehicles spawned="false" group="1"/>
        <endDate endDay="178" endDayTime="86399999"/>
        <field id="45"/>
    </herbicideMission>
    <cultivateMission uniqueId="missiona2cb8cf956382f9b852982afc9327b39" status="CREATED" finishState="NONE">
        <info reward="0" reimbursement="0.000000" completion="0.000000"/>
        <vehicles spawned="false" group="3"/>
        <endDate endDay="178" endDayTime="86399999"/>
        <field id="43"/>
    </cultivateMission>
    <cultivateMission uniqueId="missione8911e2471825f35be7d77825c2e50e1" status="CREATED" finishState="NONE">
        <info reward="0" reimbursement="0.000000" completion="0.000000"/>
        <vehicles spawned="false" group="2"/>
        <endDate endDay="178" endDayTime="86399999"/>
        <field id="16"/>
    </cultivateMission>
    <harvestMission uniqueId="mission83faba44971554efe6840ce64c5d7619" status="CREATED" finishState="NONE">
        <harvest fruitType="BEETROOT" expectedLiters="0.000000" depositedLiters="0.000000" sellingStationPlaceableUniqueId="preplaced_farmersMarketAS_546b5784f56f5e1b2fb9959ff3bbf13b" unloadingStationIndex="1"/>
        <info reward="0" reimbursement="0.000000" completion="0.000000"/>
        <vehicles spawned="false" group="12"/>
        <endDate endDay="178" endDayTime="86399999"/>
        <field id="20"/>
    </harvestMission>
    <herbicideMission uniqueId="mission6866bde30103022e666292d669473a19" status="CREATED" finishState="NONE" targetWeedState="9">
        <info reward="0" reimbursement="0.000000" completion="0.000000"/>
        <vehicles spawned="false" group="1"/>
        <endDate endDay="178" endDayTime="86399999"/>
        <field id="14"/>
    </herbicideMission>
    <harvestMission uniqueId="missionf33dd91c9c9b23e726529ad280e5fb22" status="CREATED" finishState="NONE">
        <harvest fruitType="SORGHUM" expectedLiters="0.000000" depositedLiters="0.000000" sellingStationPlaceableUniqueId="preplaced_grainElevatorHarborAS_f4bb22f91c6f39e91c18c97bf500d8ca" unloadingStationIndex="1"/>
        <info reward="0" reimbursement="0.000000" completion="0.000000"/>
        <vehicles spawned="false" group="2"/>
        <endDate endDay="178" endDayTime="86399999"/>
        <field id="44"/>
    </harvestMission>
    <weedMission uniqueId="mission88c134d9b55d97a92bc38d30ac54d06e" status="CREATED" finishState="NONE" targetWeedState="0">
        <info reward="0" reimbursement="0.000000" completion="0.000000"/>
        <vehicles spawned="false" group="2"/>
        <endDate endDay="178" endDayTime="86399999"/>
        <field id="5"/>
    </weedMission>
    <mowMission uniqueId="missione8b1e30a98f6e33d55881ea9d7ef3385" status="CREATED" finishState="NONE" fruitType="GRASS">
        <info reward="0" reimbursement="0.000000" completion="0.000000"/>
        <vehicles spawned="false" group="2"/>
        <endDate endDay="178" endDayTime="86399999"/>
        <field id="38"/>
    </mowMission>
</missions>
