﻿<?xml version="1.0" encoding="utf-8" standalone="no"?>
<missions version="0">
    <meta>
        <destructibleRockMission nextDay="85"/>
    </meta>
    <treeTransportMission numTrees="33" uniqueId="mission2f4195a92a8fd4ee04026fb9dad3cc68" status="CREATED" finishState="NONE" spotIndex="9" numDeliveredTrees="0" numDeletedTrees="0">
        <info reward="8415" reimbursement="0.000000" completion="0.000000"/>
        <vehicles spawned="false" group="1"/>
        <endDate endDay="85" endDayTime="57600000"/>
        <sellingStation uniqueId="preplaced_carpenterAS_ebbdc6ce5ce59f2c7982da405df8da71" unloadingStationIndex="1"/>
    </treeTransportMission>
    <harvestMission uniqueId="mission0cafae8bd9f3c6ee50e02c4c02e50ec0" status="CREATED" finishState="NONE">
        <harvest fruitType="SUNFLOWER" expectedLiters="0.000000" depositedLiters="0.000000" sellingStationPlaceableUniqueId="preplaced_oilPlantAS_fdaf7e77d783d43c6b168e33cbdfc8f8" unloadingStationIndex="1"/>
        <info reward="0" reimbursement="0.000000" completion="0.000000"/>
        <vehicles spawned="false" group="4"/>
        <endDate endDay="84" endDayTime="86399999"/>
        <field id="17"/>
    </harvestMission>
    <stonePickMission uniqueId="mission3d2801c8a6266031cb39be9bb6aa718d" status="CREATED" finishState="NONE">
        <info reward="0" reimbursement="0.000000" completion="0.000000"/>
        <vehicles spawned="false" group="1"/>
        <endDate endDay="84" endDayTime="86399999"/>
        <field id="46"/>
    </stonePickMission>
    <harvestMission uniqueId="mission0674acf5034ebb1bab4d2bc49db45684" status="CREATED" finishState="NONE">
        <harvest fruitType="SUNFLOWER" expectedLiters="0.000000" depositedLiters="0.000000" sellingStationPlaceableUniqueId="preplaced_oilPlantAS_fdaf7e77d783d43c6b168e33cbdfc8f8" unloadingStationIndex="1"/>
        <info reward="0" reimbursement="0.000000" completion="0.000000"/>
        <vehicles spawned="false" group="8"/>
        <endDate endDay="84" endDayTime="86399999"/>
        <field id="35"/>
    </harvestMission>
</missions>
