﻿<?xml version="1.0" encoding="utf-8" standalone="no"?>
<missions version="0">
    <meta>
        <destructibleRockMission nextDay="85"/>
    </meta>
    <treeTransportMission numTrees="15" uniqueId="missionf872517268cf06f183cbcb3f6deb92c1" status="CREATED" finishState="NONE" spotIndex="3" numDeliveredTrees="0" numDeletedTrees="0">
        <info reward="3825" reimbursement="0.000000" completion="0.000000"/>
        <vehicles spawned="false" group="1"/>
        <endDate endDay="83" endDayTime="50400000"/>
        <sellingStation uniqueId="preplaced_sawmillAS_e994f9d0c15566a1dc348dde725be99c" unloadingStationIndex="1"/>
    </treeTransportMission>
    <harvestMission uniqueId="mission798547448e7e71b08cd6fb830fba4958" status="CREATED" finishState="NONE">
        <harvest fruitType="GREENBEAN" expectedLiters="0.000000" depositedLiters="0.000000" sellingStationPlaceableUniqueId="preplaced_grainElevatorHarborAS_f4bb22f91c6f39e91c18c97bf500d8ca" unloadingStationIndex="1"/>
        <info reward="0" reimbursement="0.000000" completion="0.000000"/>
        <vehicles spawned="false" group="17"/>
        <endDate endDay="82" endDayTime="86399999"/>
        <field id="22"/>
    </harvestMission>
    <harvestMission uniqueId="mission7024affea0f53443f8ca6b1359c15f62" status="CREATED" finishState="NONE">
        <harvest fruitType="BEETROOT" expectedLiters="0.000000" depositedLiters="0.000000" sellingStationPlaceableUniqueId="preplaced_grainElevatorHarborAS_f4bb22f91c6f39e91c18c97bf500d8ca" unloadingStationIndex="1"/>
        <info reward="0" reimbursement="0.000000" completion="0.000000"/>
        <vehicles spawned="false" group="12"/>
        <endDate endDay="82" endDayTime="86399999"/>
        <field id="39"/>
    </harvestMission>
    <herbicideMission uniqueId="mission9a3a981a0d6021188d7cff1dc28769df" status="CREATED" finishState="NONE" targetWeedState="9">
        <info reward="0" reimbursement="0.000000" completion="0.000000"/>
        <vehicles spawned="false" group="2"/>
        <endDate endDay="82" endDayTime="86399999"/>
        <field id="5"/>
    </herbicideMission>
    <harvestMission uniqueId="missiond1a8411c5f7700b02f251c7c4371fa89" status="RUNNING" finishState="NONE" farmId="1" activeId="1">
        <harvest fruitType="SORGHUM" expectedLiters="33371.953125" depositedLiters="0.000000" sellingStationPlaceableUniqueId="preplaced_grainElevatorHarborAS_f4bb22f91c6f39e91c18c97bf500d8ca" unloadingStationIndex="1"/>
        <info reward="0" reimbursement="0.000000" completion="0.596518"/>
        <vehicles spawned="true" group="3">
            <vehicle uniqueId="vehicledebeafd069c933086a499b3f28d1908d"/>
            <vehicle uniqueId="vehicle06988a76557c7de5d22d064bc4975998"/>
            <vehicle uniqueId="vehicle078cb681555ace4fb31b491f38a8841b"/>
            <vehicle uniqueId="vehiclea657fdd944b099aa37e3ee723a9bd777"/>
            <vehicle uniqueId="vehicledc2c87567bdcf91d7082a7bbf1013df1"/>
        </vehicles>
        <endDate endDay="82" endDayTime="86399999"/>
        <field id="45"/>
    </harvestMission>
    <harvestMission uniqueId="mission4c4adc24f7f3f00c8a9cb25959d3fdf3" status="CREATED" finishState="NONE">
        <harvest fruitType="PEA" expectedLiters="0.000000" depositedLiters="0.000000" sellingStationPlaceableUniqueId="preplaced_cannedPackagedFactoryAS_451c6c0e5f7a2311840e500721fd1cb8" unloadingStationIndex="1"/>
        <info reward="0" reimbursement="0.000000" completion="0.000000"/>
        <vehicles spawned="false" group="19"/>
        <endDate endDay="82" endDayTime="86399999"/>
        <field id="16"/>
    </harvestMission>
    <stonePickMission uniqueId="missiona9b2ba37ec8360016575f1cbc9dcac1e" status="CREATED" finishState="NONE">
        <info reward="0" reimbursement="0.000000" completion="0.000000"/>
        <vehicles spawned="false" group="1"/>
        <endDate endDay="82" endDayTime="86399999"/>
        <field id="46"/>
    </stonePickMission>
    <deadwoodMission uniqueId="mission1850fd33c47f82f148c58f75d270c0c6" status="CREATED" finishState="NONE" spotIndex="4">
        <info reward="1200" reimbursement="0.000000" completion="0.000000"/>
        <vehicles spawned="false" group="2"/>
        <endDate endDay="84" endDayTime="36000000"/>
        <originalTree splitShapePart1="1" splitShapePart2="13800" splitShapePart3="0"/>
        <originalTree splitShapePart1="1" splitShapePart2="3295" splitShapePart3="0"/>
        <originalTree splitShapePart1="1" splitShapePart2="11727" splitShapePart3="0"/>
        <originalTree splitShapePart1="1" splitShapePart2="5718" splitShapePart3="0"/>
        <originalTree splitShapePart1="1" splitShapePart2="5584" splitShapePart3="0"/>
        <originalTree splitShapePart1="1" splitShapePart2="3131" splitShapePart3="0"/>
        <originalTree splitShapePart1="1" splitShapePart2="5529" splitShapePart3="0"/>
        <originalTree splitShapePart1="1" splitShapePart2="5715" splitShapePart3="0"/>
    </deadwoodMission>
</missions>
