﻿<?xml version="1.0" encoding="utf-8" standalone="no"?>
<missions version="0">
    <meta>
        <destructibleRockMission nextDay="216"/>
    </meta>
    <treeTransportMission numTrees="13" uniqueId="mission536ebfc1e23bd3ee02497010fe75b089" status="CREATED" finishState="NONE" spotIndex="5" numDeliveredTrees="0" numDeletedTrees="0">
        <info reward="3315" reimbursement="0.000000" completion="0.000000"/>
        <vehicles spawned="false" group="1"/>
        <endDate endDay="215" endDayTime="57600000"/>
        <sellingStation uniqueId="preplaced_sawmillAS_e994f9d0c15566a1dc348dde725be99c" unloadingStationIndex="1"/>
    </treeTransportMission>
    <deadwoodMission uniqueId="mission61a4dbbf6b12b4018aeb935b2a828940" status="CREATED" finishState="NONE" spotIndex="1">
        <info reward="1200" reimbursement="0.000000" completion="0.000000"/>
        <vehicles spawned="false" group="1"/>
        <endDate endDay="215" endDayTime="57600000"/>
        <originalTree splitShapePart1="1" splitShapePart2="5500" splitShapePart3="0"/>
        <originalTree splitShapePart1="1" splitShapePart2="12744" splitShapePart3="0"/>
        <originalTree splitShapePart1="1" splitShapePart2="5469" splitShapePart3="0"/>
        <originalTree splitShapePart1="1" splitShapePart2="5276" splitShapePart3="0"/>
        <originalTree splitShapePart1="1" splitShapePart2="5459" splitShapePart3="0"/>
        <originalTree splitShapePart1="1" splitShapePart2="3065" splitShapePart3="0"/>
        <originalTree splitShapePart1="1" splitShapePart2="13790" splitShapePart3="0"/>
        <originalTree splitShapePart1="1" splitShapePart2="10246" splitShapePart3="0"/>
    </deadwoodMission>
    <harvestMission uniqueId="mission9beda3e901a5fc0f1d23a357efcce3a6" status="CREATED" finishState="NONE">
        <harvest fruitType="GREENBEAN" expectedLiters="0.000000" depositedLiters="0.000000" sellingStationPlaceableUniqueId="preplaced_grainElevatorHarborAS_f4bb22f91c6f39e91c18c97bf500d8ca" unloadingStationIndex="1"/>
        <info reward="0" reimbursement="0.000000" completion="0.000000"/>
        <vehicles spawned="false" group="22"/>
        <endDate endDay="215" endDayTime="86399999"/>
        <field id="45"/>
    </harvestMission>
    <harvestMission uniqueId="missioncc4824dae31d76a765af34f49d1eadda" status="CREATED" finishState="NONE">
        <harvest fruitType="GREENBEAN" expectedLiters="0.000000" depositedLiters="0.000000" sellingStationPlaceableUniqueId="preplaced_grainElevatorHarborAS_f4bb22f91c6f39e91c18c97bf500d8ca" unloadingStationIndex="1"/>
        <info reward="0" reimbursement="0.000000" completion="0.000000"/>
        <vehicles spawned="false" group="22"/>
        <endDate endDay="215" endDayTime="86399999"/>
        <field id="9"/>
    </harvestMission>
    <plowMission uniqueId="missionb7a3fee0bd8c1b34bcd9bbd43771e887" status="CREATED" finishState="NONE">
        <info reward="0" reimbursement="0.000000" completion="0.000000"/>
        <vehicles spawned="false" group="1"/>
        <endDate endDay="215" endDayTime="86399999"/>
        <field id="22"/>
    </plowMission>
    <plowMission uniqueId="mission941c4028dd32db44cc27b7577a9f39dc" status="CREATED" finishState="NONE">
        <info reward="0" reimbursement="0.000000" completion="0.000000"/>
        <vehicles spawned="false" group="1"/>
        <endDate endDay="215" endDayTime="86399999"/>
        <field id="10"/>
    </plowMission>
    <harvestMission uniqueId="mission2624b10a2a98dabefeae6c9736347d02" status="CREATED" finishState="NONE">
        <harvest fruitType="BEETROOT" expectedLiters="0.000000" depositedLiters="0.000000" sellingStationPlaceableUniqueId="preplaced_farmersMarketAS_546b5784f56f5e1b2fb9959ff3bbf13b" unloadingStationIndex="1"/>
        <info reward="0" reimbursement="0.000000" completion="0.000000"/>
        <vehicles spawned="false" group="12"/>
        <endDate endDay="215" endDayTime="86399999"/>
        <field id="11"/>
    </harvestMission>
    <cultivateMission uniqueId="mission00948a015b5c59ef63459d30e4086929" status="CREATED" finishState="NONE">
        <info reward="0" reimbursement="0.000000" completion="0.000000"/>
        <vehicles spawned="false" group="1"/>
        <endDate endDay="215" endDayTime="86399999"/>
        <field id="12"/>
    </cultivateMission>
    <herbicideMission uniqueId="mission73ff4e728a50b3c91130e5a5badbe179" status="CREATED" finishState="NONE" targetWeedState="9">
        <info reward="0" reimbursement="0.000000" completion="0.000000"/>
        <vehicles spawned="false" group="1"/>
        <endDate endDay="215" endDayTime="86399999"/>
        <field id="37"/>
    </herbicideMission>
    <harvestMission uniqueId="mission7f397a30619d8c7a3281cd560c9615b2" status="CREATED" finishState="NONE">
        <harvest fruitType="GREENBEAN" expectedLiters="0.000000" depositedLiters="0.000000" sellingStationPlaceableUniqueId="preplaced_grainElevatorHarborAS_f4bb22f91c6f39e91c18c97bf500d8ca" unloadingStationIndex="1"/>
        <info reward="0" reimbursement="0.000000" completion="0.000000"/>
        <vehicles spawned="false" group="17"/>
        <endDate endDay="215" endDayTime="86399999"/>
        <field id="46"/>
    </harvestMission>
    <fertilizeMission uniqueId="mission674301745e2eec6e85fb2f0c0e83f645" status="CREATED" finishState="NONE" targetSprayLevel="2">
        <info reward="0" reimbursement="0.000000" completion="0.000000"/>
        <vehicles spawned="false" group="1"/>
        <endDate endDay="215" endDayTime="86399999"/>
        <field id="35"/>
    </fertilizeMission>
    <stonePickMission uniqueId="mission7a8fcca4683f1ce25fbaf1d917dcf352" status="CREATED" finishState="NONE">
        <info reward="0" reimbursement="0.000000" completion="0.000000"/>
        <vehicles spawned="false" group="1"/>
        <endDate endDay="215" endDayTime="86399999"/>
        <field id="34"/>
    </stonePickMission>
    <harvestMission uniqueId="missiona547d6780d389fb447ced6fd05ccc712" status="CREATED" finishState="NONE">
        <harvest fruitType="MAIZE" expectedLiters="0.000000" depositedLiters="0.000000" sellingStationPlaceableUniqueId="preplaced_grainElevatorHarborAS_f4bb22f91c6f39e91c18c97bf500d8ca" unloadingStationIndex="1"/>
        <info reward="0" reimbursement="0.000000" completion="0.000000"/>
        <vehicles spawned="false" group="8"/>
        <endDate endDay="215" endDayTime="86399999"/>
        <field id="36"/>
    </harvestMission>
    <harvestMission uniqueId="mission272c5cb82feb3a4975bf4938616e9701" status="CREATED" finishState="NONE">
        <harvest fruitType="CARROT" expectedLiters="0.000000" depositedLiters="0.000000" sellingStationPlaceableUniqueId="preplaced_cannedPackagedFactoryAS_451c6c0e5f7a2311840e500721fd1cb8" unloadingStationIndex="1"/>
        <info reward="0" reimbursement="0.000000" completion="0.000000"/>
        <vehicles spawned="false" group="12"/>
        <endDate endDay="215" endDayTime="86399999"/>
        <field id="40"/>
    </harvestMission>
    <hoeMission uniqueId="missiond2770a08935e3ba077507080f04a0453" status="CREATED" finishState="NONE" targetWeedState="0">
        <info reward="0" reimbursement="0.000000" completion="0.000000"/>
        <vehicles spawned="false" group="1"/>
        <endDate endDay="215" endDayTime="86399999"/>
        <field id="19"/>
    </hoeMission>
    <harvestMission uniqueId="missiona8617908ab1eb670b7ba42f92f8c4252" status="CREATED" finishState="NONE">
        <harvest fruitType="COTTON" expectedLiters="0.000000" depositedLiters="0.000000" sellingStationPlaceableUniqueId="preplaced_spinneryAS_3865a036764a8fd09c6c29f9d1a6cdf4" unloadingStationIndex="1"/>
        <info reward="0" reimbursement="0.000000" completion="0.000000"/>
        <vehicles spawned="false" group="15"/>
        <endDate endDay="215" endDayTime="86399999"/>
        <field id="14"/>
    </harvestMission>
</missions>
