﻿<?xml version="1.0" encoding="utf-8" standalone="no"?>
<missions version="0">
    <meta>
        <destructibleRockMission nextDay="216"/>
    </meta>
    <deadwoodMission uniqueId="mission5882e38dd6f87f3d6a8e2ba6f61b24ab" status="CREATED" finishState="NONE" spotIndex="13">
        <info reward="750" reimbursement="0.000000" completion="0.000000"/>
        <vehicles spawned="false" group="1"/>
        <endDate endDay="213" endDayTime="57600000"/>
        <originalTree splitShapePart1="1" splitShapePart2="3772" splitShapePart3="0"/>
        <originalTree splitShapePart1="1" splitShapePart2="8809" splitShapePart3="0"/>
        <originalTree splitShapePart1="1" splitShapePart2="14871" splitShapePart3="0"/>
        <originalTree splitShapePart1="1" splitShapePart2="14188" splitShapePart3="0"/>
        <originalTree splitShapePart1="1" splitShapePart2="10914" splitShapePart3="0"/>
    </deadwoodMission>
    <treeTransportMission numTrees="33" uniqueId="mission73862138db364467f3430db1b42ac687" status="CREATED" finishState="NONE" spotIndex="9" numDeliveredTrees="0" numDeletedTrees="0">
        <info reward="8415" reimbursement="0.000000" completion="0.000000"/>
        <vehicles spawned="false" group="1"/>
        <endDate endDay="213" endDayTime="50400000"/>
        <sellingStation uniqueId="placeabled4d27832ca8096a6155bff0c4cd72382" unloadingStationIndex="1"/>
    </treeTransportMission>
    <harvestMission uniqueId="missionbcd98d7470d5e486aa6ef1dadd19c576" status="CREATED" finishState="NONE">
        <harvest fruitType="OAT" expectedLiters="0.000000" depositedLiters="0.000000" sellingStationPlaceableUniqueId="preplaced_riceMillPlantAS_c6996ba7344fdf7f761abeffedbb6bda" unloadingStationIndex="1"/>
        <info reward="0" reimbursement="0.000000" completion="0.000000"/>
        <vehicles spawned="false" group="1"/>
        <endDate endDay="212" endDayTime="86399999"/>
        <field id="34"/>
    </harvestMission>
    <fertilizeMission uniqueId="mission1bad016f73a98d422391e29c0c556e46" status="CREATED" finishState="NONE" targetSprayLevel="2">
        <info reward="0" reimbursement="0.000000" completion="0.000000"/>
        <vehicles spawned="false" group="1"/>
        <endDate endDay="212" endDayTime="86399999"/>
        <field id="35"/>
    </fertilizeMission>
    <baleMission uniqueId="mission4cecb6d00afd2b243ba4f3bdac3cd461" status="CREATED" finishState="NONE" fruitType="WHEAT" needRoundbaler="false" spawnedLiters="0.000000" finishedSwathSpawning="false">
        <info reward="0" reimbursement="0.000000" completion="0.000000"/>
        <vehicles spawned="false" group="7"/>
        <endDate endDay="212" endDayTime="86399999"/>
        <field id="22"/>
    </baleMission>
    <harvestMission uniqueId="missioncabc7b754d2e9618f7de7b61a62fc7a5" status="CREATED" finishState="NONE">
        <harvest fruitType="PEA" expectedLiters="0.000000" depositedLiters="0.000000" sellingStationPlaceableUniqueId="preplaced_cannedPackagedFactoryAS_451c6c0e5f7a2311840e500721fd1cb8" unloadingStationIndex="1"/>
        <info reward="0" reimbursement="0.000000" completion="0.000000"/>
        <vehicles spawned="false" group="20"/>
        <endDate endDay="212" endDayTime="86399999"/>
        <field id="4"/>
    </harvestMission>
    <baleMission uniqueId="missione1cdaf07e554ca4ec1e786cbd3bdfe58" status="CREATED" finishState="NONE" fruitType="BARLEY" needRoundbaler="true" spawnedLiters="0.000000" finishedSwathSpawning="false">
        <info reward="0" reimbursement="0.000000" completion="0.000000"/>
        <vehicles spawned="false" group="6"/>
        <endDate endDay="212" endDayTime="86399999"/>
        <field id="3"/>
    </baleMission>
    <plowMission uniqueId="mission920b9047838c02a3f28c9e4b0603e5e7" status="CREATED" finishState="NONE">
        <info reward="0" reimbursement="0.000000" completion="0.000000"/>
        <vehicles spawned="false" group="1"/>
        <endDate endDay="212" endDayTime="86399999"/>
        <field id="5"/>
    </plowMission>
    <herbicideMission uniqueId="missionbf0d5e5d103b66ef716d1906d5f6449a" status="CREATED" finishState="NONE" targetWeedState="9">
        <info reward="0" reimbursement="0.000000" completion="0.000000"/>
        <vehicles spawned="false" group="1"/>
        <endDate endDay="212" endDayTime="86399999"/>
        <field id="17"/>
    </herbicideMission>
    <harvestMission uniqueId="mission41299da961a460cdc838512eaa85e469" status="CREATED" finishState="NONE">
        <harvest fruitType="CANOLA" expectedLiters="0.000000" depositedLiters="0.000000" sellingStationPlaceableUniqueId="preplaced_oilPlantAS_fdaf7e77d783d43c6b168e33cbdfc8f8" unloadingStationIndex="1"/>
        <info reward="0" reimbursement="0.000000" completion="0.000000"/>
        <vehicles spawned="false" group="1"/>
        <endDate endDay="212" endDayTime="86399999"/>
        <field id="16"/>
    </harvestMission>
</missions>
