﻿<?xml version="1.0" encoding="utf-8" standalone="no"?>
<missions version="0">
    <meta>
        <destructibleRockMission nextDay="254"/>
    </meta>
    <treeTransportMission numTrees="13" uniqueId="missionae76e584ba6f5e0aa38eede300a2703b" status="CREATED" finishState="NONE" spotIndex="5" numDeliveredTrees="0" numDeletedTrees="0">
        <info reward="3315" reimbursement="0.000000" completion="0.000000"/>
        <vehicles spawned="false" group="1"/>
        <endDate endDay="251" endDayTime="39600000"/>
        <sellingStation uniqueId="preplaced_carpenterAS_ebbdc6ce5ce59f2c7982da405df8da71" unloadingStationIndex="1"/>
    </treeTransportMission>
    <deadwoodMission uniqueId="mission8517f5b9a80893f534a0823a768ac21c" status="CREATED" finishState="NONE" spotIndex="9">
        <info reward="900" reimbursement="0.000000" completion="0.000000"/>
        <vehicles spawned="false" group="1"/>
        <endDate endDay="251" endDayTime="57600000"/>
        <originalTree splitShapePart1="1" splitShapePart2="14441" splitShapePart3="0"/>
        <originalTree splitShapePart1="1" splitShapePart2="13196" splitShapePart3="0"/>
        <originalTree splitShapePart1="1" splitShapePart2="2154" splitShapePart3="0"/>
        <originalTree splitShapePart1="1" splitShapePart2="3787" splitShapePart3="0"/>
        <originalTree splitShapePart1="1" splitShapePart2="8980" splitShapePart3="0"/>
        <originalTree splitShapePart1="1" splitShapePart2="6508" splitShapePart3="0"/>
    </deadwoodMission>
    <harvestMission uniqueId="missionc77fd9916cbde963da0516c44ad83bf7" status="CREATED" finishState="NONE">
        <harvest fruitType="SORGHUM" expectedLiters="0.000000" depositedLiters="0.000000" sellingStationPlaceableUniqueId="preplaced_riceMillPlantAS_c6996ba7344fdf7f761abeffedbb6bda" unloadingStationIndex="1"/>
        <info reward="0" reimbursement="0.000000" completion="0.000000"/>
        <vehicles spawned="false" group="4"/>
        <endDate endDay="250" endDayTime="86399999"/>
        <field id="35"/>
    </harvestMission>
    <stonePickMission uniqueId="mission70b8d34b64f741946d780fa48d851a54" status="CREATED" finishState="NONE">
        <info reward="0" reimbursement="0.000000" completion="0.000000"/>
        <vehicles spawned="false" group="2"/>
        <endDate endDay="250" endDayTime="86399999"/>
        <field id="45"/>
    </stonePickMission>
    <harvestMission uniqueId="missionbdf3985e18f6c98cf7aa2b114e664ed8" status="CREATED" finishState="NONE">
        <harvest fruitType="GREENBEAN" expectedLiters="0.000000" depositedLiters="0.000000" sellingStationPlaceableUniqueId="preplaced_grainElevatorHarborAS_f4bb22f91c6f39e91c18c97bf500d8ca" unloadingStationIndex="1"/>
        <info reward="0" reimbursement="0.000000" completion="0.000000"/>
        <vehicles spawned="false" group="23"/>
        <endDate endDay="250" endDayTime="86399999"/>
        <field id="14"/>
    </harvestMission>
    <harvestMission uniqueId="mission4c01189fe7b950d419c73ebcabdebbc2" status="CREATED" finishState="NONE">
        <harvest fruitType="PARSNIP" expectedLiters="0.000000" depositedLiters="0.000000" sellingStationPlaceableUniqueId="preplaced_cannedPackagedFactoryAS_451c6c0e5f7a2311840e500721fd1cb8" unloadingStationIndex="1"/>
        <info reward="0" reimbursement="0.000000" completion="0.000000"/>
        <vehicles spawned="false" group="16"/>
        <endDate endDay="250" endDayTime="86399999"/>
        <field id="16"/>
    </harvestMission>
    <herbicideMission uniqueId="mission693f1a9a6a9b099a5d918a3f812e94be" status="CREATED" finishState="NONE" targetWeedState="9">
        <info reward="0" reimbursement="0.000000" completion="0.000000"/>
        <vehicles spawned="false" group="1"/>
        <endDate endDay="250" endDayTime="86399999"/>
        <field id="37"/>
    </herbicideMission>
</missions>
