﻿<?xml version="1.0" encoding="utf-8" standalone="no"?>
<missions version="0">
    <meta>
        <destructibleRockMission nextDay="161"/>
    </meta>
    <deadwoodMission uniqueId="mission924c8c1a7c53181cf57ba5d7ff41a34b" status="CREATED" finishState="NONE" spotIndex="11">
        <info reward="1050" reimbursement="0.000000" completion="0.000000"/>
        <vehicles spawned="false" group="1"/>
        <endDate endDay="159" endDayTime="43200000"/>
        <originalTree splitShapePart1="1" splitShapePart2="6511" splitShapePart3="0"/>
        <originalTree splitShapePart1="1" splitShapePart2="12148" splitShapePart3="0"/>
        <originalTree splitShapePart1="1" splitShapePart2="6436" splitShapePart3="0"/>
        <originalTree splitShapePart1="1" splitShapePart2="2233" splitShapePart3="0"/>
        <originalTree splitShapePart1="1" splitShapePart2="6519" splitShapePart3="0"/>
        <originalTree splitShapePart1="1" splitShapePart2="14549" splitShapePart3="0"/>
        <originalTree splitShapePart1="1" splitShapePart2="3894" splitShapePart3="0"/>
    </deadwoodMission>
    <treeTransportMission numTrees="19" uniqueId="missionfeab39ef0192f86116c75d696acbf12b" status="CREATED" finishState="NONE" spotIndex="7" numDeliveredTrees="0" numDeletedTrees="0">
        <info reward="4845" reimbursement="0.000000" completion="0.000000"/>
        <vehicles spawned="false" group="1"/>
        <endDate endDay="159" endDayTime="39600000"/>
        <sellingStation uniqueId="preplaced_sawmillAS_e994f9d0c15566a1dc348dde725be99c" unloadingStationIndex="1"/>
    </treeTransportMission>
    <plowMission uniqueId="mission1c56fc892b581095a3ce147418b41897" status="CREATED" finishState="NONE">
        <info reward="0" reimbursement="0.000000" completion="0.000000"/>
        <vehicles spawned="false" group="1"/>
        <endDate endDay="159" endDayTime="86399999"/>
        <field id="21"/>
    </plowMission>
</missions>
