﻿<?xml version="1.0" encoding="utf-8" standalone="no"?>
<missions version="0">
    <meta>
        <destructibleRockMission nextDay="339"/>
    </meta>
    <treeTransportMission numTrees="15" uniqueId="mission59c6671a65a0f29bdf2a4ca8fd8a9b8d" status="CREATED" finishState="NONE" spotIndex="3" numDeliveredTrees="0" numDeletedTrees="0">
        <info reward="3825" reimbursement="0.000000" completion="0.000000"/>
        <vehicles spawned="false" group="1"/>
        <endDate endDay="335" endDayTime="39600000"/>
        <sellingStation uniqueId="placeabled4d27832ca8096a6155bff0c4cd72382" unloadingStationIndex="1"/>
    </treeTransportMission>
    <deadwoodMission uniqueId="missionb2d7f6bb7203bd5c7eb88d5e4054c068" status="CREATED" finishState="NONE" spotIndex="17">
        <info reward="1350" reimbursement="0.000000" completion="0.000000"/>
        <vehicles spawned="false" group="2"/>
        <endDate endDay="335" endDayTime="61200000"/>
        <originalTree splitShapePart1="1" splitShapePart2="12821" splitShapePart3="0"/>
        <originalTree splitShapePart1="1" splitShapePart2="3235" splitShapePart3="0"/>
        <originalTree splitShapePart1="1" splitShapePart2="8092" splitShapePart3="0"/>
        <originalTree splitShapePart1="1" splitShapePart2="12820" splitShapePart3="0"/>
        <originalTree splitShapePart1="1" splitShapePart2="3193" splitShapePart3="0"/>
        <originalTree splitShapePart1="1" splitShapePart2="12822" splitShapePart3="0"/>
        <originalTree splitShapePart1="1" splitShapePart2="12828" splitShapePart3="0"/>
        <originalTree splitShapePart1="1" splitShapePart2="11711" splitShapePart3="0"/>
        <originalTree splitShapePart1="1" splitShapePart2="8093" splitShapePart3="0"/>
    </deadwoodMission>
    <destructibleRockMission uniqueId="mission253652920ef9712251c8960f56aadeb1" status="CREATED" finishState="NONE" spotIndex="1" numRocksDestroyed="0">
        <info reward="2750" reimbursement="0.000000" completion="0.000000"/>
        <vehicles spawned="false" group="1"/>
        <endDate endDay="336" endDayTime="43200000"/>
        <destructible groupId="1" index="3"/>
        <destructible groupId="1" index="1"/>
        <destructible groupId="1" index="0"/>
        <destructible groupId="1" index="2"/>
        <destructible groupId="1" index="4"/>
    </destructibleRockMission>
    <plowMission uniqueId="mission075e9c6bc3579074031f26406e4ac3b6" status="CREATED" finishState="NONE">
        <info reward="0" reimbursement="0.000000" completion="0.000000"/>
        <vehicles spawned="false" group="1"/>
        <endDate endDay="334" endDayTime="86399999"/>
        <field id="10"/>
    </plowMission>
    <harvestMission uniqueId="missionda5a6871a59f33a6e8d560664036199c" status="CREATED" finishState="NONE">
        <harvest fruitType="SPINACH" expectedLiters="0.000000" depositedLiters="0.000000" sellingStationPlaceableUniqueId="preplaced_cannedPackagedFactoryAS_451c6c0e5f7a2311840e500721fd1cb8" unloadingStationIndex="1"/>
        <info reward="0" reimbursement="0.000000" completion="0.000000"/>
        <vehicles spawned="false" group="21"/>
        <endDate endDay="334" endDayTime="86399999"/>
        <field id="37"/>
    </harvestMission>
    <harvestMission uniqueId="missionec186d32f486171f6bb0bb21241a32f7" status="CREATED" finishState="NONE">
        <harvest fruitType="SORGHUM" expectedLiters="0.000000" depositedLiters="0.000000" sellingStationPlaceableUniqueId="preplaced_grainElevatorHarborAS_f4bb22f91c6f39e91c18c97bf500d8ca" unloadingStationIndex="1"/>
        <info reward="0" reimbursement="0.000000" completion="0.000000"/>
        <vehicles spawned="false" group="5"/>
        <endDate endDay="334" endDayTime="86399999"/>
        <field id="12"/>
    </harvestMission>
    <herbicideMission uniqueId="missionb588ab55da22fbd1e94fe003429292bb" status="CREATED" finishState="NONE" targetWeedState="9">
        <info reward="0" reimbursement="0.000000" completion="0.000000"/>
        <vehicles spawned="false" group="1"/>
        <endDate endDay="334" endDayTime="86399999"/>
        <field id="19"/>
    </herbicideMission>
    <harvestMission uniqueId="missione830d49e89aa746b6b7ec8a6d398db0f" status="CREATED" finishState="NONE">
        <harvest fruitType="PARSNIP" expectedLiters="0.000000" depositedLiters="0.000000" sellingStationPlaceableUniqueId="preplaced_farmersMarketAS_546b5784f56f5e1b2fb9959ff3bbf13b" unloadingStationIndex="1"/>
        <info reward="0" reimbursement="0.000000" completion="0.000000"/>
        <vehicles spawned="false" group="12"/>
        <endDate endDay="334" endDayTime="86399999"/>
        <field id="47"/>
    </harvestMission>
    <plowMission uniqueId="mission31c19e55b567b22065ad873866013f59" status="CREATED" finishState="NONE">
        <info reward="0" reimbursement="0.000000" completion="0.000000"/>
        <vehicles spawned="false" group="1"/>
        <endDate endDay="334" endDayTime="86399999"/>
        <field id="13"/>
    </plowMission>
    <cultivateMission uniqueId="mission23aad10a9d2afc478935f022c56c8a3b" status="CREATED" finishState="NONE">
        <info reward="0" reimbursement="0.000000" completion="0.000000"/>
        <vehicles spawned="false" group="4"/>
        <endDate endDay="334" endDayTime="86399999"/>
        <field id="11"/>
    </cultivateMission>
    <cultivateMission uniqueId="missionbe35ad5c97a307ba22a8458701bb49e2" status="CREATED" finishState="NONE">
        <info reward="0" reimbursement="0.000000" completion="0.000000"/>
        <vehicles spawned="false" group="1"/>
        <endDate endDay="334" endDayTime="86399999"/>
        <field id="14"/>
    </cultivateMission>
    <herbicideMission uniqueId="mission8bda4d3f4ecc1e2f8b6c12ba1bb4b186" status="CREATED" finishState="NONE" targetWeedState="9">
        <info reward="0" reimbursement="0.000000" completion="0.000000"/>
        <vehicles spawned="false" group="2"/>
        <endDate endDay="334" endDayTime="86399999"/>
        <field id="43"/>
    </herbicideMission>
    <hoeMission uniqueId="mission9bd70f1aad0e1ea68f516fe0001f9bdb" status="CREATED" finishState="NONE" targetWeedState="0">
        <info reward="0" reimbursement="0.000000" completion="0.000000"/>
        <vehicles spawned="false" group="1"/>
        <endDate endDay="334" endDayTime="86399999"/>
        <field id="17"/>
    </hoeMission>
    <hoeMission uniqueId="mission239e403e98b82571b97066acf435953e" status="CREATED" finishState="NONE" targetWeedState="0">
        <info reward="0" reimbursement="0.000000" completion="0.000000"/>
        <vehicles spawned="false" group="1"/>
        <endDate endDay="334" endDayTime="86399999"/>
        <field id="45"/>
    </hoeMission>
    <cultivateMission uniqueId="mission33a4b75c0880af7efba8183880b77c48" status="CREATED" finishState="NONE">
        <info reward="0" reimbursement="0.000000" completion="0.000000"/>
        <vehicles spawned="false" group="5"/>
        <endDate endDay="334" endDayTime="86399999"/>
        <field id="16"/>
    </cultivateMission>
    <harvestMission uniqueId="mission6b814379ce627d115524edb2ba19c7aa" status="CREATED" finishState="NONE">
        <harvest fruitType="PEA" expectedLiters="0.000000" depositedLiters="0.000000" sellingStationPlaceableUniqueId="preplaced_cannedPackagedFactoryAS_451c6c0e5f7a2311840e500721fd1cb8" unloadingStationIndex="1"/>
        <info reward="0" reimbursement="0.000000" completion="0.000000"/>
        <vehicles spawned="false" group="13"/>
        <endDate endDay="334" endDayTime="86399999"/>
        <field id="20"/>
    </harvestMission>
    <harvestMission uniqueId="mission1b860424423c22af2f0d591b03f0672d" status="CREATED" finishState="NONE">
        <harvest fruitType="PEA" expectedLiters="0.000000" depositedLiters="0.000000" sellingStationPlaceableUniqueId="preplaced_grainElevatorHarborAS_f4bb22f91c6f39e91c18c97bf500d8ca" unloadingStationIndex="1"/>
        <info reward="0" reimbursement="0.000000" completion="0.000000"/>
        <vehicles spawned="false" group="13"/>
        <endDate endDay="334" endDayTime="86399999"/>
        <field id="21"/>
    </harvestMission>
    <mowMission uniqueId="mission9dfbc034312fbd4925656ba2593a1480" status="CREATED" finishState="NONE" fruitType="GRASS">
        <info reward="0" reimbursement="0.000000" completion="0.000000"/>
        <vehicles spawned="false" group="1"/>
        <endDate endDay="334" endDayTime="86399999"/>
        <field id="15"/>
    </mowMission>
    <weedMission uniqueId="missionea95f353451a4a91ad47d3fe8d067214" status="CREATED" finishState="NONE" targetWeedState="0">
        <info reward="0" reimbursement="0.000000" completion="0.000000"/>
        <vehicles spawned="false" group="1"/>
        <endDate endDay="334" endDayTime="86399999"/>
        <field id="46"/>
    </weedMission>
</missions>
