﻿<?xml version="1.0" encoding="utf-8" standalone="no"?>
<npcs>
    <npc name="GRANDPA" spotUniqueId="GRANDPA_FARMHOUSE">
        <player uniqueUserId="EQthAALFJlNAxvWGtts1YpIflbHDVpwbwnFQA31fXuQ=" numContacts="6">
            <conversation uniqueId="55ed571b91" numTriggered="1" lastMonotonicDay="36" lastDate="2024/11/20 18:17"/>
            <conversation uniqueId="0bc5b0ce93" numTriggered="3" lastMonotonicDay="36" lastDate="2024/11/20 18:17"/>
            <conversation uniqueId="6ac40cfb03" numTriggered="1" lastMonotonicDay="9" lastDate="2024/11/15 20:58"/>
            <conversation uniqueId="950c95ca0a" numTriggered="1" lastMonotonicDay="9" lastDate="2024/11/15 21:04"/>
        </player>
        <player uniqueUserId="6aEo6ShoCBoaQ9t8V1E55uj1rltGHG56iDolG+p0iJc=" numContacts="1">
            <conversation uniqueId="a374514294" numTriggered="1" lastMonotonicDay="7" lastDate="2024/11/14 00:21"/>
        </player>
        <player uniqueUserId="snzjVvHb4IPJxbyC7OpjNF3GGi2IuaOfrhsiCK4ZEeM=" numContacts="7">
            <conversation uniqueId="0eb8244863" numTriggered="1" lastMonotonicDay="6" lastDate="2024/11/12 20:22"/>
            <conversation uniqueId="55ed571b91" numTriggered="1" lastMonotonicDay="6" lastDate="2024/11/12 20:22"/>
            <conversation uniqueId="943dfa6ad3" numTriggered="1" lastMonotonicDay="6" lastDate="2024/11/12 20:22"/>
            <conversation uniqueId="0bc5b0ce93" numTriggered="2" lastMonotonicDay="6" lastDate="2024/11/12 20:22"/>
            <conversation uniqueId="a374514294" numTriggered="1" lastMonotonicDay="7" lastDate="2024/11/13 22:16"/>
            <conversation uniqueId="8bf1703061" numTriggered="1" lastMonotonicDay="6" lastDate="2024/11/12 20:22"/>
        </player>
        <player uniqueUserId="PLS9CBzZ7GOVb3ooh1tRxPT/yKIdGT3EdZmAVlU8khM=" numContacts="2">
            <conversation uniqueId="2b7a16ed2c" numTriggered="1" lastMonotonicDay="11" lastDate="2024/11/15 21:17"/>
            <conversation uniqueId="0bc5b0ce93" numTriggered="1" lastMonotonicDay="11" lastDate="2024/11/15 21:17"/>
        </player>
    </npc>
    <npc name="FORESTER" spotUniqueId="FORESTER_SHED">
        <player uniqueUserId="PLS9CBzZ7GOVb3ooh1tRxPT/yKIdGT3EdZmAVlU8khM=" numContacts="1">
            <conversation uniqueId="ed2564f8ae" numTriggered="1" lastMonotonicDay="8" lastDate="2024/11/14 19:51"/>
        </player>
        <player uniqueUserId="snzjVvHb4IPJxbyC7OpjNF3GGi2IuaOfrhsiCK4ZEeM=" numContacts="5">
            <conversation uniqueId="8b24b3ebc0" numTriggered="1" lastMonotonicDay="11" lastDate="2024/11/15 23:28"/>
            <conversation uniqueId="d5191c757e" numTriggered="1" lastMonotonicDay="11" lastDate="2024/11/15 23:28"/>
            <conversation uniqueId="7cb1ac3f00" numTriggered="1" lastMonotonicDay="11" lastDate="2024/11/15 23:28"/>
            <conversation uniqueId="afc7509a11" numTriggered="1" lastMonotonicDay="11" lastDate="2024/11/15 23:28"/>
            <conversation uniqueId="ed2564f8ae" numTriggered="1" lastMonotonicDay="11" lastDate="2024/11/15 23:27"/>
        </player>
    </npc>
    <npc name="FARMER" spotUniqueId="FARMER_HOUSE"/>
    <npc name="HELPER" spotUniqueId="HELPER_HOUSE">
        <player uniqueUserId="snzjVvHb4IPJxbyC7OpjNF3GGi2IuaOfrhsiCK4ZEeM=" numContacts="9">
            <conversation uniqueId="0c49b93be8" numTriggered="1" lastMonotonicDay="6" lastDate="2024/11/12 20:23"/>
            <conversation uniqueId="8d3f9a3c99" numTriggered="1" lastMonotonicDay="6" lastDate="2024/11/12 20:23"/>
            <conversation uniqueId="b8a2275e9d" numTriggered="1" lastMonotonicDay="6" lastDate="2024/11/12 20:23"/>
            <conversation uniqueId="eeb42cc99a" numTriggered="2" lastMonotonicDay="6" lastDate="2024/11/12 20:23"/>
            <conversation uniqueId="8281064444" numTriggered="1" lastMonotonicDay="6" lastDate="2024/11/12 20:22"/>
            <conversation uniqueId="c3ea0425d7" numTriggered="2" lastMonotonicDay="6" lastDate="2024/11/12 20:23"/>
            <conversation uniqueId="b7b177b9c9" numTriggered="1" lastMonotonicDay="6" lastDate="2024/11/12 20:22"/>
        </player>
        <player uniqueUserId="PLS9CBzZ7GOVb3ooh1tRxPT/yKIdGT3EdZmAVlU8khM=" numContacts="2">
            <conversation uniqueId="b214a80a97" numTriggered="1" lastMonotonicDay="8" lastDate="2024/11/14 21:50"/>
            <conversation uniqueId="c3ea0425d7" numTriggered="1" lastMonotonicDay="8" lastDate="2024/11/14 21:50"/>
        </player>
    </npc>
    <npc name="ANIMAL_DEALER" spotUniqueId="ANIMAL_DEALER_SHOP"/>
</npcs>
