﻿<?xml version="1.0" encoding="utf-8" standalone="no"?>
<players>
    <player uniqueUserId="RgY9X3c8faoVtgVMEj2VxB782FQuG22xOroUYd8ku6Y=" timeLastConnected="2025/03/23 11:25">
        <style filename="dataS/character/playerM/playerM.xml">
            <facegear color="1"/>
            <onepiece color="1" name="empty"/>
            <bottom color="1" name="jeans"/>
            <face color="1" name="head01"/>
            <top color="1" name="collaredShirt"/>
            <gloves color="1" name="empty"/>
            <headgear color="1" name="empty"/>
            <glasses color="1" name="empty"/>
            <footwear color="1" name="workBoots2"/>
            <hairStyle color="6" name="hair02"/>
            <beard color="6" name="empty"/>
        </style>
    </player>
    <player uniqueUserId="6aEo6ShoCBoaQ9t8V1E55uj1rltGHG56iDolG+p0iJc=" timeLastConnected="2024/12/23 18:08">
        <style filename="dataS/character/playerM/playerM.xml">
            <facegear color="1"/>
            <onepiece color="1" name="empty"/>
            <bottom color="5" name="jeanShorts"/>
            <face color="1" name="head02"/>
            <top color="1" name="tankTop"/>
            <gloves color="1" name="empty"/>
            <headgear color="1" name="empty"/>
            <glasses color="1" name="empty"/>
            <footwear color="1" name="sandal02"/>
            <hairStyle color="6" name="hair06"/>
            <beard color="6" name="muttonChops02_head02"/>
        </style>
        <handTools>
            <handTool uniqueId="HandTool4ec27944d8114f4becf450e31f257003"/>
        </handTools>
    </player>
    <player uniqueUserId="rC7f5t0XKKBtb1nG9+uE7APsz5tDS/Wu88cgdxMct7c=" timeLastConnected="2024/11/28 22:27">
        <style filename="dataS/character/playerM/playerM.xml">
            <facegear color="1"/>
            <onepiece color="1" name="empty"/>
            <bottom color="1" name="jeans"/>
            <face color="1" name="head01"/>
            <top color="1" name="collaredShirt"/>
            <gloves color="1" name="empty"/>
            <headgear color="5" name="cowboy"/>
            <glasses color="1" name="sports2"/>
            <footwear color="1" name="workBoots2"/>
            <hairStyle color="6" name="hair02"/>
            <beard color="6" name="empty"/>
        </style>
        <handTools>
            <handTool uniqueId="HandToolb1d731111aa28f263d822c37ca2ac97a"/>
        </handTools>
    </player>
    <player uniqueUserId="6zm+LVnJI0+AEtSl6RDWYi8ai/tXTgvHjGlMekq1vfQ=" timeLastConnected="2024/11/16 16:08">
        <style filename="dataS/character/playerM/playerM.xml">
            <facegear color="1"/>
            <onepiece color="1" name="empty"/>
            <bottom color="2" name="leather"/>
            <face color="1" name="head02"/>
            <top color="1" name="leather"/>
            <gloves color="2" name="kevlar"/>
            <headgear color="5" name="cowboy"/>
            <glasses color="1" name="aviator"/>
            <footwear color="1" name="cowboy"/>
            <hairStyle color="6" name="hair06"/>
            <beard color="6" name="trimmedBeard_head02"/>
        </style>
    </player>
    <player uniqueUserId="EQthAALFJlNAxvWGtts1YpIflbHDVpwbwnFQA31fXuQ=" timeLastConnected="2025/03/21 10:17">
        <style filename="dataS/character/playerM/playerM.xml">
            <facegear color="1"/>
            <onepiece color="5" name="jeans"/>
            <bottom color="5"/>
            <face color="1" name="head04"/>
            <top color="10"/>
            <gloves color="5" name="leather"/>
            <headgear color="12" name="empty"/>
            <glasses color="1" name="vintage"/>
            <footwear color="1" name="cowboy"/>
            <hairStyle color="2" name="hair15"/>
            <beard color="2" name="walrusXL_head04"/>
        </style>
        <handTools>
            <handTool uniqueId="HandTool33e4edce6ef3f5c5129c16b0dbe35b56"/>
        </handTools>
    </player>
    <player uniqueUserId="snzjVvHb4IPJxbyC7OpjNF3GGi2IuaOfrhsiCK4ZEeM=" timeLastConnected="2024/12/26 14:28">
        <style filename="dataS/character/playerM/playerM.xml">
            <facegear color="1"/>
            <onepiece color="1" name="VolvoSuit"/>
            <bottom color="5"/>
            <face color="1" name="head03"/>
            <top color="10"/>
            <gloves color="1" name="empty"/>
            <headgear color="1" name="cowboy"/>
            <glasses color="1" name="sports2"/>
            <footwear color="1" name="cowboy"/>
            <hairStyle color="21" name="hair02"/>
            <beard color="21" name="muttonChops01_head03"/>
        </style>
        <handTools>
            <handTool uniqueId="HandTool9325a7e27081cc6bcc3c06991b4d4eb0"/>
        </handTools>
    </player>
    <player uniqueUserId="WjgMmbi+5liTFQtfAhZgGBaFJ3TS+Kbby1Iq+z5GXEE=" timeLastConnected="2024/11/18 18:51">
        <style filename="dataS/character/playerM/playerM.xml">
            <facegear color="1"/>
            <onepiece color="1" name="empty"/>
            <bottom color="1" name="VolvoPants"/>
            <face color="1" name="head01"/>
            <top color="1" name="VolvoShirt"/>
            <gloves color="1" name="empty"/>
            <headgear color="1" name="empty"/>
            <glasses color="1" name="vintage"/>
            <footwear color="1" name="sandal02"/>
            <hairStyle color="24" name="hair15"/>
            <beard color="24" name="stubble_head01"/>
        </style>
        <handTools>
            <handTool uniqueId="HandToolf5973eb2ab2f8dedbff275b712d0b4af"/>
        </handTools>
    </player>
    <player uniqueUserId="uwjoHVuy+uPPg/JSqT/W7EuwRdnZ6S7KLQBPvP7V3js=" timeLastConnected="2024/11/17 13:23">
        <style filename="dataS/character/playerM/playerM.xml">
            <facegear color="1"/>
            <onepiece color="1" name="empty"/>
            <bottom color="1" name="jeans"/>
            <face color="1" name="head04"/>
            <top color="1" name="collaredShirt"/>
            <gloves color="1" name="empty"/>
            <headgear color="1" name="empty"/>
            <glasses color="1" name="aviator"/>
            <footwear color="1" name="workBoots2"/>
            <hairStyle color="6" name="hair11"/>
            <beard color="6" name="goatee01_head04"/>
        </style>
    </player>
    <player uniqueUserId="PLS9CBzZ7GOVb3ooh1tRxPT/yKIdGT3EdZmAVlU8khM=" timeLastConnected="2025/03/22 13:12">
        <style filename="dataS/character/playerM/playerM.xml">
            <facegear color="1"/>
            <onepiece color="5" name="empty"/>
            <bottom color="5" name="straussTrousers3rd"/>
            <face color="1" name="head01"/>
            <top color="1" name="JDHoodie"/>
            <gloves color="5" name="esTrailLight02"/>
            <headgear color="5" name="cowboy"/>
            <glasses color="1" name="sports1"/>
            <footwear color="1" name="galoshes"/>
            <hairStyle color="6" name="hair01"/>
            <beard color="6" name="horseshoe_head01"/>
        </style>
        <handTools>
            <handTool uniqueId="HandTool9e69e64b709afdf93f84f230b86ec678"/>
        </handTools>
    </player>
    <player uniqueUserId="xAzizFu4SluxMt6Zci6oUtGCR84zvteUS+AsM3mOWq0=" timeLastConnected="2024/11/22 14:50">
        <style filename="dataS/character/playerM/playerM.xml">
            <facegear color="1"/>
            <onepiece color="1" name="empty"/>
            <bottom color="5" name="jeans"/>
            <face color="1" name="head02"/>
            <top color="1" name="aviatorJacket"/>
            <gloves color="1" name="empty"/>
            <headgear color="12" name="ballcap"/>
            <glasses color="1" name="aviator"/>
            <footwear color="1" name="workBoots2"/>
            <hairStyle color="6" name="hair02"/>
            <beard color="6" name="fullBeard_head02"/>
        </style>
        <handTools>
            <handTool uniqueId="HandToolf136be42dcc9f3ef1958019e51a16769"/>
        </handTools>
    </player>
    <player uniqueUserId="vbeH2CBlyCCylEI9bkUF2vOXBipsQc8A/08bZvQuC9w=" timeLastConnected="2024/11/17 19:54">
        <style filename="dataS/character/playerM/playerM.xml">
            <facegear color="1"/>
            <onepiece color="5" name="jeans"/>
            <bottom color="5"/>
            <face color="1" name="head01"/>
            <top color="10"/>
            <gloves color="3" name="empty"/>
            <headgear color="1" name="strawHat"/>
            <glasses color="1" name="aviator"/>
            <footwear color="1" name="sandal04"/>
            <hairStyle color="6" name="hair15"/>
            <beard color="6" name="fullBeard_head01"/>
        </style>
        <handTools>
            <handTool uniqueId="HandTool417468fd45660ea8d746105ad2df3a56"/>
        </handTools>
    </player>
    <player uniqueUserId="BpCM7iRLuwGYdg1kWhwf4gvE0dBpUNP/KDHQFanjNAs=" timeLastConnected="2025/02/22 09:51">
        <style filename="dataS/character/playerM/playerM.xml">
            <facegear color="1"/>
            <onepiece color="1" name="empty"/>
            <bottom color="5" name="jeanShorts"/>
            <face color="1" name="head03"/>
            <top color="1" name="denimJacket"/>
            <gloves color="2" name="empty"/>
            <headgear color="5" name="empty"/>
            <glasses color="1" name="empty"/>
            <footwear color="1" name="sandal03"/>
            <hairStyle color="21" name="hair01"/>
            <beard color="21" name="muttonChops02_head03"/>
        </style>
        <handTools>
            <handTool uniqueId="HandTool8a2ebbaf86f0edf2df4107015e61185c"/>
        </handTools>
    </player>
</players>
