﻿<?xml version="1.0" encoding="utf-8" standalone="no"?>
<sales>
    <item timeLeft="7" isGenerated="false" xmlFilename="data/vehicles/international/transtarII/transtarIIEagle.xml" age="33" price="29790" damage="0.069979" wear="0.070341" operatingTime="5092.156250">
        <boughtConfiguration name="fillUnit" id="1"/>
        <boughtConfiguration name="wheel" id="WHEELBASE_LONG"/>
        <boughtConfiguration name="wheel" id="WHEELBASE_SHORT"/>
        <boughtConfiguration name="motor" id="1"/>
        <boughtConfiguration name="design6" id="4"/>
        <boughtConfiguration name="design7" id="1"/>
        <boughtConfiguration name="design4" id="1"/>
        <boughtConfiguration name="design4" id="2"/>
        <boughtConfiguration name="design" id="1"/>
        <boughtConfiguration name="design" id="2"/>
        <boughtConfiguration name="design2" id="1"/>
        <boughtConfiguration name="design5" id="1"/>
        <boughtConfiguration name="design5" id="2"/>
        <boughtConfiguration name="attacherJoint" id="1"/>
        <boughtConfiguration name="design3" id="1"/>
        <boughtConfiguration name="rimColor" id="1"/>
        <boughtConfiguration name="rimColor" id="4"/>
    </item>
    <item timeLeft="23" isGenerated="true" xmlFilename="data/vehicles/iseki/prj8d/prj8d.xml" age="6" price="15807" damage="0.463225" wear="0.658938" operatingTime="22929.044922"/>
</sales>
