﻿<?xml version="1.0" encoding="utf-8" standalone="no"?>
<sales>
    <item timeLeft="5" isGenerated="false" xmlFilename="data/vehicles/international/series200/series200.xml" age="0" price="23375" damage="0.000355" wear="0.000000" operatingTime="21.748852">
        <boughtConfiguration name="fillUnit" id="1"/>
        <boughtConfiguration name="tensionBelts" id="1"/>
        <boughtConfiguration name="motor" id="1"/>
        <boughtConfiguration name="folding" id="1"/>
        <boughtConfiguration name="design" id="1"/>
        <boughtConfiguration name="wheel" id="LIZARD_DEFAULT"/>
        <boughtConfiguration name="attacherJoint" id="1"/>
        <boughtConfiguration name="rimColor" id="1"/>
        <boughtConfiguration name="baseColor" id="1"/>
    </item>
    <item timeLeft="6" isGenerated="true" xmlFilename="data/vehicles/amityTechnology/hrv12R/hrv12R.xml" age="14" price="89961" damage="0.382578" wear="0.626537" operatingTime="55001.289062"/>
    <item timeLeft="13" isGenerated="true" xmlFilename="data/vehicles/challenger/mt655/mt655.xml" age="13" price="32785" damage="0.576039" wear="0.410311" operatingTime="41062.140625">
        <boughtConfiguration name="attacherJoint" id="3"/>
    </item>
    <item timeLeft="19" isGenerated="true" xmlFilename="data/vehicles/fliegl/pfw18000MaxxLinePlus/pfw18000MaxxLinePlus.xml" age="18" price="52437" damage="0.292305" wear="0.550973" operatingTime="46257.312500"/>
    <item timeLeft="33" isGenerated="true" xmlFilename="data/vehicles/fendt/vario900/vario900.xml" age="22" price="160906" damage="0.534416" wear="0.446677" operatingTime="91622.320312"/>
</sales>
