﻿<?xml version="1.0" encoding="utf-8" standalone="no"?>
<sales>
    <item timeLeft="5" isGenerated="true" xmlFilename="data/vehicles/ero/grapeliner7000/grapeliner7000.xml" age="12" price="131028" damage="0.222126" wear="0.764458" operatingTime="53631.359375"/>
    <item timeLeft="5" isGenerated="true" xmlFilename="data/vehicles/wifo/hmz3403000/hmz3403000.xml" age="23" price="4390" damage="0.591697" wear="0.514887" operatingTime="77228.070312"/>
    <item timeLeft="20" isGenerated="true" xmlFilename="data/vehicles/abi/waterTrailer1600/waterTrailer1600.xml" age="28" price="6905" damage="0.304462" wear="0.628753" operatingTime="101732.812500">
        <boughtConfiguration name="rimColor" id="4"/>
    </item>
    <item timeLeft="6" isGenerated="true" xmlFilename="data/vehicles/iseki/prj8d/prj8d.xml" age="13" price="13182" damage="0.416393" wear="0.882813" operatingTime="37743.082031"/>
    <item timeLeft="12" isGenerated="false" xmlFilename="data/vehicles/kotte/frc65/frc65.xml" age="0" price="39734" damage="0.003833" wear="0.000000" operatingTime="311.189728">
        <boughtConfiguration name="fillUnit" id="1"/>
        <boughtConfiguration name="baseColor" id="1"/>
        <boughtConfiguration name="wheel" id="DEFAULT_TRELLEBORG_T404"/>
        <boughtConfiguration name="fillVolume" id="1"/>
    </item>
    <item timeLeft="15" isGenerated="true" xmlFilename="data/vehicles/masseyFerguson/series7S/series7S.xml" age="12" price="79186" damage="0.249374" wear="0.949753" operatingTime="40914.257812"/>
</sales>
