﻿<?xml version="1.0" encoding="utf-8" standalone="no"?>
<sales>
    <item timeLeft="4" isGenerated="true" xmlFilename="data/vehicles/poettinger/servoT6000Plus/servoT6000Plus.xml" age="12" price="26681" damage="0.213544" wear="0.743930" operatingTime="52049.593750">
        <boughtConfiguration name="design" id="2"/>
    </item>
    <item timeLeft="14" isGenerated="true" xmlFilename="C:/SERVICES/ni6814188_1_local/lws25/profile/mods/FS25_sf900_Tree_Deleter/sf900.xml" age="22" price="14593" damage="0.404696" wear="0.241109" operatingTime="41460.882812"/>
    <item timeLeft="14" isGenerated="true" xmlFilename="data/vehicles/meridian/tl1239/tl1239.xml" age="37" price="4575" damage="0.487439" wear="0.815226" operatingTime="128381.664062"/>
    <item timeLeft="24" isGenerated="false" xmlFilename="data/vehicles/international/transtarII/transtarIIEagle.xml" age="33" price="29790" damage="0.069979" wear="0.070341" operatingTime="5092.156250">
        <boughtConfiguration name="fillUnit" id="1"/>
        <boughtConfiguration name="wheel" id="WHEELBASE_LONG"/>
        <boughtConfiguration name="wheel" id="WHEELBASE_SHORT"/>
        <boughtConfiguration name="motor" id="1"/>
        <boughtConfiguration name="design7" id="1"/>
        <boughtConfiguration name="attacherJoint" id="1"/>
        <boughtConfiguration name="design4" id="1"/>
        <boughtConfiguration name="design4" id="2"/>
        <boughtConfiguration name="design" id="1"/>
        <boughtConfiguration name="design" id="2"/>
        <boughtConfiguration name="design2" id="1"/>
        <boughtConfiguration name="design5" id="1"/>
        <boughtConfiguration name="design5" id="2"/>
        <boughtConfiguration name="design6" id="4"/>
        <boughtConfiguration name="design3" id="1"/>
        <boughtConfiguration name="rimColor" id="1"/>
        <boughtConfiguration name="rimColor" id="4"/>
    </item>
</sales>
