﻿<?xml version="1.0" encoding="utf-8" standalone="no"?>
<sales>
    <item timeLeft="7" isGenerated="true" xmlFilename="data/vehicles/grimme/matrix1800/matrix1800.xml" age="40" price="31040" damage="0.422395" wear="0.485072" operatingTime="103265.062500">
        <boughtConfiguration name="ridgeMarker" id="2"/>
    </item>
    <item timeLeft="15" isGenerated="true" xmlFilename="data/vehicles/volvo/l120H/l120HElectric.xml" age="6" price="163073" damage="0.282932" wear="0.763168" operatingTime="22763.417969">
        <boughtConfiguration name="design" id="2"/>
    </item>
    <item timeLeft="7" isGenerated="true" xmlFilename="data/vehicles/tmcCancela/tms2_300d/tms2_300d.xml" age="16" price="7332" damage="0.296830" wear="0.487797" operatingTime="35857.621094"/>
    <item timeLeft="25" isGenerated="true" xmlFilename="data/vehicles/agromasz/grizzlyX4/grizzlyX4.xml" age="30" price="11214" damage="0.584096" wear="0.437652" operatingTime="102550.203125"/>
</sales>
