﻿<?xml version="1.0" encoding="utf-8" standalone="no"?>
<treePlant>
    <tree treeType="RAVAGED" position="-627.0000 89.3074 -606.0000" rotation="0.0000 18.5666 0.0000" growthStateI="1" isGrowing="false" splitShapeFileId="1"/>
    <tree treeType="RAVAGED" position="-628.9380 90.3066 -614.3060" rotation="0.0000 76.5876 0.0000" growthStateI="1" isGrowing="false" splitShapeFileId="2"/>
    <tree treeType="RAVAGED" position="-630.0000 87.3074 -598.0000" rotation="180.0000 -89.1516 180.0000" growthStateI="1" isGrowing="false" splitShapeFileId="3"/>
    <tree treeType="RAVAGED" position="-623.7940 89.4378 -613.3330" rotation="0.0000 -64.2430 0.0000" growthStateI="1" isGrowing="false" splitShapeFileId="4"/>
    <tree treeType="RAVAGED" position="-639.0000 90.1362 -608.0000" rotation="0.0000 -20.9020 0.0000" growthStateI="1" isGrowing="false" splitShapeFileId="5"/>
    <tree treeType="RAVAGED" position="-617.0000 88.5953 -600.0000" rotation="0.0000 30.8895 0.0000" growthStateI="1" isGrowing="false" splitShapeFileId="6"/>
    <tree treeType="RAVAGED" position="-623.0000 86.4047 -595.0000" rotation="180.0000 -11.9260 180.0000" growthStateI="1" isGrowing="false" splitShapeFileId="7"/>
    <tree treeType="RAVAGED" position="-607.0000 87.0895 -592.0000" rotation="0.0000 64.6034 0.0000" growthStateI="1" isGrowing="false" splitShapeFileId="8"/>
    <tree treeType="RAVAGED" position="-610.0000 88.4475 -598.0000" rotation="180.0000 24.9500 -180.0000" growthStateI="1" isGrowing="false" splitShapeFileId="9"/>
    <tree treeType="RAVAGED" position="-616.0000 86.4903 -591.0000" rotation="0.0000 -84.2570 0.0000" growthStateI="1" isGrowing="false" splitShapeFileId="10"/>
    <tree treeType="RAVAGED" position="-623.0000 92.7510 -573.0000" rotation="0.0000 -29.8760 0.0000" growthStateI="1" isGrowing="false" splitShapeFileId="11"/>
    <tree treeType="RAVAGED" position="-603.0000 86.5292 -586.0000" rotation="180.0000 -21.7260 180.0000" growthStateI="1" isGrowing="false" splitShapeFileId="12"/>
    <tree treeType="RAVAGED" position="-610.0000 87.6342 -585.0000" rotation="180.0000 -41.6750 180.0000" growthStateI="1" isGrowing="false" splitShapeFileId="13"/>
    <tree treeType="RAVAGED" position="-596.0000 85.0739 -579.0000" rotation="0.0000 39.2688 0.0000" growthStateI="1" isGrowing="false" splitShapeFileId="14"/>
    <tree treeType="RAVAGED" position="-569.0000 76.7198 -577.0000" rotation="180.0000 87.7555 -180.0000" growthStateI="1" isGrowing="false" splitShapeFileId="15"/>
    <tree treeType="RAVAGED" position="-565.0000 74.8395 -566.0000" rotation="180.0000 -19.6240 180.0000" growthStateI="1" isGrowing="false" splitShapeFileId="16"/>
    <tree treeType="RAVAGED" position="-560.0000 71.7664 -560.0000" rotation="0.0000 3.0847 0.0000" growthStateI="1" isGrowing="false" splitShapeFileId="17"/>
    <tree treeType="RAVAGED" position="-545.0000 65.9300 -561.0000" rotation="0.0000 38.7340 0.0000" growthStateI="1" isGrowing="false" splitShapeFileId="18"/>
    <tree treeType="RAVAGED" position="-560.0000 71.4202 -579.0000" rotation="180.0000 -8.1930 180.0000" growthStateI="1" isGrowing="false" splitShapeFileId="19"/>
    <tree treeType="RAVAGED" position="-559.0000 70.5136 -571.0000" rotation="0.0000 -42.8910 0.0000" growthStateI="1" isGrowing="false" splitShapeFileId="20"/>
    <tree treeType="RAVAGED" position="-558.0000 71.4061 -565.0000" rotation="180.0000 61.8850 -180.0000" growthStateI="1" isGrowing="false" splitShapeFileId="21"/>
    <tree treeType="RAVAGED" position="-554.0000 68.5253 -564.0000" rotation="0.0000 -80.5979 0.0000" growthStateI="1" isGrowing="false" splitShapeFileId="22"/>
    <tree treeType="RAVAGED" position="-550.0000 66.7510 -570.0000" rotation="0.0000 88.6035 0.0000" growthStateI="1" isGrowing="false" splitShapeFileId="23"/>
    <tree treeType="RAVAGED" position="-549.0000 67.8949 -554.0000" rotation="180.0000 -34.0130 180.0000" growthStateI="1" isGrowing="false" splitShapeFileId="24"/>
    <tree treeType="RAVAGED" position="-538.0000 65.8366 -551.0000" rotation="0.0000 50.0829 0.0000" growthStateI="1" isGrowing="false" splitShapeFileId="25"/>
    <tree treeType="RAVAGED" position="-537.0000 63.4358 -563.0000" rotation="180.0000 66.9960 -180.0000" growthStateI="1" isGrowing="false" splitShapeFileId="26"/>
    <tree treeType="RAVAGED" position="-543.0000 68.6226 -535.0000" rotation="0.0000 79.5113 0.0000" growthStateI="1" isGrowing="false" splitShapeFileId="27"/>
    <tree treeType="RAVAGED" position="-531.0000 64.7782 -548.0000" rotation="0.0000 6.2451 0.0000" growthStateI="1" isGrowing="false" splitShapeFileId="28"/>
    <tree treeType="RAVAGED" position="-528.0000 63.5525 -551.0000" rotation="180.0000 87.8921 -180.0000" growthStateI="1" isGrowing="false" splitShapeFileId="29"/>
    <tree treeType="RAVAGED" position="-519.0000 63.3930 -529.0000" rotation="0.0000 -19.1880 0.0000" growthStateI="1" isGrowing="false" splitShapeFileId="30"/>
    <tree treeType="RAVAGED" position="-518.0000 61.3735 -551.0000" rotation="180.0000 -51.0920 180.0000" growthStateI="1" isGrowing="false" splitShapeFileId="31"/>
    <tree treeType="RAVAGED" position="-523.0000 63.3696 -545.0000" rotation="0.0000 -83.7350 0.0000" growthStateI="1" isGrowing="false" splitShapeFileId="32"/>
    <tree treeType="RAVAGED" position="-520.0000 63.3580 -538.0000" rotation="0.0000 -39.2690 0.0000" growthStateI="1" isGrowing="false" splitShapeFileId="33"/>
    <tree treeType="RAVAGED" position="-507.0000 60.1751 -546.0000" rotation="0.0000 -44.7410 0.0000" growthStateI="1" isGrowing="false" splitShapeFileId="34"/>
    <tree treeType="RAVAGED" position="-514.0000 62.2646 -535.0000" rotation="180.0000 17.8730 -180.0000" growthStateI="1" isGrowing="false" splitShapeFileId="35"/>
    <tree treeType="RAVAGED" position="-490.0000 57.5253 -543.0000" rotation="180.0000 -45.5500 180.0000" growthStateI="1" isGrowing="false" splitShapeFileId="36"/>
    <tree treeType="RAVAGED" position="-506.0000 60.4825 -518.0000" rotation="0.0000 74.2609 0.0000" growthStateI="1" isGrowing="false" splitShapeFileId="37"/>
    <tree treeType="RAVAGED" position="-506.0000 60.7276 -537.0000" rotation="0.0000 63.9236 0.0000" growthStateI="1" isGrowing="false" splitShapeFileId="38"/>
    <tree treeType="RAVAGED" position="-490.0000 57.9805 -532.0000" rotation="0.0000 15.4786 0.0000" growthStateI="1" isGrowing="false" splitShapeFileId="39"/>
    <tree treeType="RAVAGED" position="-491.0000 57.7977 -521.0000" rotation="180.0000 -6.8360 180.0000" growthStateI="1" isGrowing="false" splitShapeFileId="40"/>
    <tree treeType="RAVAGED" position="-500.0000 59.5759 -541.0000" rotation="180.0000 79.7020 -180.0000" growthStateI="1" isGrowing="false" splitShapeFileId="41"/>
    <tree treeType="RAVAGED" position="-501.0000 59.9105 -532.0000" rotation="180.0000 39.9050 -180.0000" growthStateI="1" isGrowing="false" splitShapeFileId="42"/>
    <tree treeType="RAVAGED" position="-485.0000 56.2218 -515.0000" rotation="180.0000 75.3640 -180.0000" growthStateI="1" isGrowing="false" splitShapeFileId="43"/>
    <tree treeType="RAVAGED" position="-478.0000 55.6342 -526.0000" rotation="0.0000 -26.0610 0.0000" growthStateI="1" isGrowing="false" splitShapeFileId="44"/>
    <tree treeType="RAVAGED" position="-495.0000 58.7626 -526.0000" rotation="180.0000 -25.8750 180.0000" growthStateI="1" isGrowing="false" splitShapeFileId="45"/>
    <tree treeType="RAVAGED" position="-492.0000 57.2724 -512.0000" rotation="0.0000 51.5068 0.0000" growthStateI="1" isGrowing="false" splitShapeFileId="46"/>
    <tree treeType="RAVAGED" position="-478.0000 55.6770 -536.0000" rotation="0.0000 13.1313 0.0000" growthStateI="1" isGrowing="false" splitShapeFileId="47"/>
    <tree treeType="RAVAGED" position="-485.0000 56.9105 -526.0000" rotation="180.0000 -52.1500 180.0000" growthStateI="1" isGrowing="false" splitShapeFileId="48"/>
    <tree treeType="RAVAGED" position="-478.0000 53.9339 -505.0000" rotation="0.0000 -79.4540 0.0000" growthStateI="1" isGrowing="false" splitShapeFileId="49"/>
    <tree treeType="RAVAGED" position="-464.0000 52.4202 -512.0000" rotation="0.0000 58.9989 0.0000" growthStateI="1" isGrowing="false" splitShapeFileId="50"/>
    <tree treeType="RAVAGED" position="-460.0000 52.5331 -518.0000" rotation="0.0000 -52.5980 0.0000" growthStateI="1" isGrowing="false" splitShapeFileId="51"/>
    <tree treeType="RAVAGED" position="-457.0000 51.3891 -506.0000" rotation="0.0000 48.8930 0.0000" growthStateI="1" isGrowing="false" splitShapeFileId="52"/>
    <tree treeType="RAVAGED" position="-450.0000 51.2101 -501.0000" rotation="180.0000 -78.1630 180.0000" growthStateI="1" isGrowing="false" splitShapeFileId="53"/>
    <tree treeType="RAVAGED" position="-447.0000 51.4942 -504.0000" rotation="0.0000 81.1725 0.0000" growthStateI="1" isGrowing="false" splitShapeFileId="54"/>
    <tree treeType="RAVAGED" position="-444.0000 51.8016 -511.0000" rotation="0.0000 16.5838 0.0000" growthStateI="1" isGrowing="false" splitShapeFileId="55"/>
    <tree treeType="RAVAGED" position="-440.0000 51.0311 -501.0000" rotation="180.0000 18.1210 -180.0000" growthStateI="1" isGrowing="false" splitShapeFileId="56"/>
    <tree treeType="RAVAGED" position="-426.0000 47.7121 -491.0000" rotation="-0.0000 90.0000 0.0000" growthStateI="1" isGrowing="false" splitShapeFileId="57"/>
    <tree treeType="RAVAGED" position="-431.0000 49.9689 -505.0000" rotation="0.0000 -26.4080 0.0000" growthStateI="1" isGrowing="false" splitShapeFileId="58"/>
    <tree treeType="RAVAGED" position="-419.0000 47.4553 -497.0000" rotation="180.0000 -0.0670 180.0000" growthStateI="1" isGrowing="false" splitShapeFileId="59"/>
    <tree treeType="RAVAGED" position="-436.0000 49.4669 -493.0000" rotation="180.0000 45.5970 -180.0000" growthStateI="1" isGrowing="false" splitShapeFileId="60"/>
    <tree treeType="RAVAGED" position="-410.0000 45.6848 -495.0000" rotation="0.0000 -68.1490 0.0000" growthStateI="1" isGrowing="false" splitShapeFileId="61"/>
    <tree treeType="RAVAGED" position="-416.0000 45.6070 -485.0000" rotation="180.0000 78.0350 -180.0000" growthStateI="1" isGrowing="false" splitShapeFileId="62"/>
    <tree treeType="RAVAGED" position="-397.0000 42.2335 -489.0000" rotation="180.0000 -8.6270 180.0000" growthStateI="1" isGrowing="false" splitShapeFileId="63"/>
    <tree treeType="RAVAGED" position="-396.0000 43.5370 -510.0000" rotation="0.0000 -25.4280 0.0000" growthStateI="1" isGrowing="false" splitShapeFileId="64"/>
    <tree treeType="RAVAGED" position="-404.0000 42.8521 -482.0000" rotation="180.0000 -72.5430 180.0000" growthStateI="1" isGrowing="false" splitShapeFileId="65"/>
    <tree treeType="RAVAGED" position="-386.0000 41.5875 -479.0000" rotation="0.0000 -88.2289 0.0000" growthStateI="1" isGrowing="false" splitShapeFileId="66"/>
    <tree treeType="RAVAGED" position="-397.0000 41.7860 -475.0000" rotation="180.0000 -69.2620 180.0000" growthStateI="1" isGrowing="false" splitShapeFileId="67"/>
    <tree treeType="RAVAGED" position="-394.0000 41.8833 -481.0000" rotation="180.0000 -58.0560 180.0000" growthStateI="1" isGrowing="false" splitShapeFileId="68"/>
    <tree treeType="RAVAGED" position="-368.0000 40.1556 -475.0000" rotation="180.0000 -41.3850 180.0000" growthStateI="1" isGrowing="false" splitShapeFileId="69"/>
    <tree treeType="RAVAGED" position="-374.0000 37.8872 -451.0000" rotation="0.0000 -60.8000 0.0000" growthStateI="1" isGrowing="false" splitShapeFileId="70"/>
    <tree treeType="RAVAGED" position="-383.0000 40.6926 -468.0000" rotation="180.0000 77.5350 -180.0000" growthStateI="1" isGrowing="false" splitShapeFileId="71"/>
    <tree treeType="RAVAGED" position="-388.0000 40.9416 -468.0000" rotation="180.0000 48.9550 -180.0000" growthStateI="1" isGrowing="false" splitShapeFileId="72"/>
    <tree treeType="RAVAGED" position="-377.0000 40.9689 -476.0000" rotation="180.0000 -5.1090 180.0000" growthStateI="1" isGrowing="false" splitShapeFileId="73"/>
    <tree treeType="RAVAGED" position="-375.0000 40.1634 -469.0000" rotation="0.0000 -54.8230 0.0000" growthStateI="1" isGrowing="false" splitShapeFileId="74"/>
    <tree treeType="RAVAGED" position="-382.0000 38.6654 -452.0000" rotation="0.0000 37.2792 0.0000" growthStateI="1" isGrowing="false" splitShapeFileId="75"/>
    <tree treeType="RAVAGED" position="-364.0000 38.6342 -463.0000" rotation="0.0000 16.9874 0.0000" growthStateI="1" isGrowing="false" splitShapeFileId="76"/>
    <tree treeType="RAVAGED" position="-361.0000 34.6965 -438.0000" rotation="0.0000 -38.0580 0.0000" growthStateI="1" isGrowing="false" splitShapeFileId="77"/>
    <tree treeType="RAVAGED" position="-355.0000 37.5992 -462.0000" rotation="180.0000 85.6690 -180.0000" growthStateI="1" isGrowing="false" splitShapeFileId="78"/>
    <tree treeType="RAVAGED" position="-346.0000 35.8482 -456.0000" rotation="0.0000 -13.8630 0.0000" growthStateI="1" isGrowing="false" splitShapeFileId="79"/>
    <tree treeType="RAVAGED" position="-351.0000 33.2802 -435.0000" rotation="0.0000 -53.3380 0.0000" growthStateI="1" isGrowing="false" splitShapeFileId="80"/>
    <tree treeType="RAVAGED" position="-344.0000 34.9339 -450.0000" rotation="180.0000 -42.8860 180.0000" growthStateI="1" isGrowing="false" splitShapeFileId="81"/>
    <tree treeType="RAVAGED" position="-340.0000 34.5992 -451.0000" rotation="180.0000 -8.5390 180.0000" growthStateI="1" isGrowing="false" splitShapeFileId="82"/>
    <tree treeType="RAVAGED" position="-330.0000 33.2101 -451.0000" rotation="180.0000 36.5410 -180.0000" growthStateI="1" isGrowing="false" splitShapeFileId="83"/>
    <tree treeType="RAVAGED" position="-308.0000 30.3502 -440.0000" rotation="0.0000 10.2909 0.0000" growthStateI="1" isGrowing="false" splitShapeFileId="84"/>
    <tree treeType="RAVAGED" position="-322.0000 32.3813 -451.0000" rotation="0.0000 -48.1350 0.0000" growthStateI="1" isGrowing="false" splitShapeFileId="85"/>
    <tree treeType="RAVAGED" position="-326.0000 31.9027 -445.0000" rotation="0.0000 -55.0200 0.0000" growthStateI="1" isGrowing="false" splitShapeFileId="86"/>
    <tree treeType="RAVAGED" position="-316.0000 29.6226 -434.0000" rotation="0.0000 -3.0500 0.0000" growthStateI="1" isGrowing="false" splitShapeFileId="87"/>
    <tree treeType="RAVAGED" position="-316.0000 30.7393 -442.0000" rotation="180.0000 64.9540 -180.0000" growthStateI="1" isGrowing="false" splitShapeFileId="88"/>
    <tree treeType="RAVAGED" position="-307.0000 31.7938 -449.0000" rotation="0.0000 57.0946 0.0000" growthStateI="1" isGrowing="false" splitShapeFileId="89"/>
    <tree treeType="RAVAGED" position="-303.0000 28.8949 -433.0000" rotation="0.0000 -83.8469 0.0000" growthStateI="1" isGrowing="false" splitShapeFileId="90"/>
    <tree treeType="RAVAGED" position="-310.0000 28.8521 -430.0000" rotation="0.0000 -36.3890 0.0000" growthStateI="1" isGrowing="false" splitShapeFileId="91"/>
    <tree treeType="RAVAGED" position="-301.0000 30.0817 -440.0000" rotation="180.0000 -62.2140 180.0000" growthStateI="1" isGrowing="false" splitShapeFileId="92"/>
    <tree treeType="RAVAGED" position="-280.0000 28.9377 -439.0000" rotation="180.0000 -60.8130 180.0000" growthStateI="1" isGrowing="false" splitShapeFileId="93"/>
    <tree treeType="RAVAGED" position="-282.0000 27.3891 -428.0000" rotation="180.0000 -6.6270 180.0000" growthStateI="1" isGrowing="false" splitShapeFileId="94"/>
    <tree treeType="RAVAGED" position="-287.0000 27.2996 -426.0000" rotation="0.0000 -54.1980 0.0000" growthStateI="1" isGrowing="false" splitShapeFileId="95"/>
    <tree treeType="RAVAGED" position="-295.0000 27.7782 -428.0000" rotation="180.0000 -89.3636 180.0000" growthStateI="1" isGrowing="false" splitShapeFileId="96"/>
    <tree treeType="RAVAGED" position="-287.0000 28.2062 -434.0000" rotation="180.0000 22.8510 -180.0000" growthStateI="1" isGrowing="false" splitShapeFileId="97"/>
    <tree treeType="RAVAGED" position="-273.0000 26.9533 -421.0000" rotation="0.0000 9.9052 0.0000" growthStateI="1" isGrowing="false" splitShapeFileId="98"/>
    <tree treeType="RAVAGED" position="-265.0000 27.2218 -427.0000" rotation="180.0000 80.3988 -180.0000" growthStateI="1" isGrowing="false" splitShapeFileId="99"/>
    <tree treeType="RAVAGED" position="-275.0000 27.7510 -432.0000" rotation="0.0000 74.8048 0.0000" growthStateI="1" isGrowing="false" splitShapeFileId="100"/>
    <tree treeType="RAVAGED" position="-258.0000 25.7821 -402.0000" rotation="0.0000 68.7263 0.0000" growthStateI="1" isGrowing="false" splitShapeFileId="101"/>
    <tree treeType="RAVAGED" position="-260.0000 26.7004 -416.0000" rotation="0.0000 -59.8770 0.0000" growthStateI="1" isGrowing="false" splitShapeFileId="102"/>
    <tree treeType="RAVAGED" position="-255.0000 27.3619 -430.0000" rotation="180.0000 48.0680 -180.0000" growthStateI="1" isGrowing="false" splitShapeFileId="103"/>
    <tree treeType="RAVAGED" position="-251.0000 26.4591 -412.0000" rotation="180.0000 -16.3590 180.0000" growthStateI="1" isGrowing="false" splitShapeFileId="104"/>
    <tree treeType="RAVAGED" position="-253.0000 26.9494 -421.0000" rotation="180.0000 75.7570 -180.0000" growthStateI="1" isGrowing="false" splitShapeFileId="105"/>
    <tree treeType="RAVAGED" position="-244.0000 24.6965 -389.0000" rotation="180.0000 7.4580 -180.0000" growthStateI="1" isGrowing="false" splitShapeFileId="106"/>
    <tree treeType="RAVAGED" position="-241.0000 25.9416 -406.0000" rotation="180.0000 22.9870 -180.0000" growthStateI="1" isGrowing="false" splitShapeFileId="107"/>
    <tree treeType="RAVAGED" position="-250.0000 25.7276 -402.0000" rotation="0.0000 66.3596 0.0000" growthStateI="1" isGrowing="false" splitShapeFileId="108"/>
    <tree treeType="RAVAGED" position="-243.0000 25.2257 -396.0000" rotation="180.0000 7.2170 -180.0000" growthStateI="1" isGrowing="false" splitShapeFileId="109"/>
    <tree treeType="RAVAGED" position="-233.0000 26.6342 -414.0000" rotation="180.0000 -87.4899 180.0000" growthStateI="1" isGrowing="false" splitShapeFileId="110"/>
    <tree treeType="RAVAGED" position="-221.0000 26.1556 -402.0000" rotation="180.0000 -86.5530 180.0000" growthStateI="1" isGrowing="false" splitShapeFileId="111"/>
    <tree treeType="RAVAGED" position="-234.0000 25.8833 -404.0000" rotation="180.0000 -15.3160 180.0000" growthStateI="1" isGrowing="false" splitShapeFileId="112"/>
    <tree treeType="RAVAGED" position="-232.0000 25.4591 -397.0000" rotation="180.0000 -2.9920 180.0000" growthStateI="1" isGrowing="false" splitShapeFileId="113"/>
    <tree treeType="RAVAGED" position="-225.0000 25.3696 -393.0000" rotation="180.0000 13.4850 -180.0000" growthStateI="1" isGrowing="false" splitShapeFileId="114"/>
    <tree treeType="RAVAGED" position="-218.0000 25.7743 -395.0000" rotation="180.0000 -14.1920 180.0000" growthStateI="1" isGrowing="false" splitShapeFileId="115"/>
    <tree treeType="RAVAGED" position="-209.0000 25.0895 -381.0000" rotation="180.0000 -0.6920 180.0000" growthStateI="1" isGrowing="false" splitShapeFileId="116"/>
    <tree treeType="RAVAGED" position="-197.0000 26.5875 -393.0000" rotation="0.0000 18.3867 0.0000" growthStateI="1" isGrowing="false" splitShapeFileId="117"/>
    <tree treeType="RAVAGED" position="-200.0000 26.7665 -397.0000" rotation="180.0000 64.5820 -180.0000" growthStateI="1" isGrowing="false" splitShapeFileId="118"/>
    <tree treeType="RAVAGED" position="-199.0000 25.9222 -384.0000" rotation="180.0000 18.1140 -180.0000" growthStateI="1" isGrowing="false" splitShapeFileId="119"/>
</treePlant>
