﻿<?xml version="1.0" encoding="utf-8" standalone="no"?>
<treePlant>
    <tree treeType="LODGEPOLEPINE" position="-822.8897 38.6549 612.7947" rotation="0.0000 356.4089 0.0000" growthStateI="1" nextGrowthTargetHour="4263.372070" isGrowing="true" splitShapeFileId="1"/>
    <tree treeType="LODGEPOLEPINE" position="-822.1050 40.1174 602.8959" rotation="0.0000 356.1832 0.0000" growthStateI="1" nextGrowthTargetHour="4263.372559" isGrowing="true" splitShapeFileId="2"/>
    <tree treeType="LODGEPOLEPINE" position="-821.2975 41.5191 593.0176" rotation="0.0000 184.0947 0.0000" growthStateI="1" nextGrowthTargetHour="4263.373535" isGrowing="true" splitShapeFileId="3"/>
    <tree treeType="LODGEPOLEPINE" position="-820.4678 42.8017 583.0834" rotation="0.0000 14.5660 0.0000" growthStateI="1" nextGrowthTargetHour="4263.374023" isGrowing="true" splitShapeFileId="4"/>
    <tree treeType="LODGEPOLEPINE" position="-819.5203 43.6159 573.1518" rotation="0.0000 321.1704 0.0000" growthStateI="1" nextGrowthTargetHour="4263.374512" isGrowing="true" splitShapeFileId="5"/>
    <tree treeType="LODGEPOLEPINE" position="-818.4751 44.1987 563.1736" rotation="0.0000 99.8251 0.0000" growthStateI="1" nextGrowthTargetHour="4263.375488" isGrowing="true" splitShapeFileId="6"/>
    <tree treeType="LODGEPOLEPINE" position="-817.4656 44.8183 553.2090" rotation="0.0000 33.1419 0.0000" growthStateI="1" nextGrowthTargetHour="4263.375977" isGrowing="true" splitShapeFileId="7"/>
    <tree treeType="LODGEPOLEPINE" position="-816.5332 45.7563 543.2325" rotation="0.0000 267.7488 0.0000" growthStateI="1" nextGrowthTargetHour="4263.376465" isGrowing="true" splitShapeFileId="8"/>
    <tree treeType="LODGEPOLEPINE" position="-815.5838 46.7004 533.3062" rotation="0.0000 79.5957 0.0000" growthStateI="1" nextGrowthTargetHour="4263.376953" isGrowing="true" splitShapeFileId="9"/>
    <tree treeType="LODGEPOLEPINE" position="-814.6255 47.6112 523.3668" rotation="0.0000 323.7108 0.0000" growthStateI="1" nextGrowthTargetHour="4263.377930" isGrowing="true" splitShapeFileId="10"/>
    <tree treeType="LODGEPOLEPINE" position="-813.6406 48.6807 513.4362" rotation="0.0000 283.0342 0.0000" growthStateI="1" nextGrowthTargetHour="4263.378418" isGrowing="true" splitShapeFileId="11"/>
    <tree treeType="LODGEPOLEPINE" position="-821.5911 46.6176 519.1616" rotation="0.0000 248.4465 0.0000" growthStateI="1" nextGrowthTargetHour="4263.381836" isGrowing="true" splitShapeFileId="12"/>
    <tree treeType="LODGEPOLEPINE" position="-822.6934 45.7824 529.0902" rotation="0.0000 164.9846 0.0000" growthStateI="1" nextGrowthTargetHour="4263.382324" isGrowing="true" splitShapeFileId="13"/>
    <tree treeType="LODGEPOLEPINE" position="-823.6697 44.6842 539.0383" rotation="0.0000 302.7355 0.0000" growthStateI="1" nextGrowthTargetHour="4263.382812" isGrowing="true" splitShapeFileId="14"/>
    <tree treeType="LODGEPOLEPINE" position="-824.7659 43.4672 548.9153" rotation="0.0000 100.7581 0.0000" growthStateI="1" nextGrowthTargetHour="4263.383789" isGrowing="true" splitShapeFileId="15"/>
    <tree treeType="LODGEPOLEPINE" position="-825.9214 42.4894 558.8762" rotation="0.0000 339.2386 0.0000" growthStateI="1" nextGrowthTargetHour="4263.384277" isGrowing="true" splitShapeFileId="16"/>
    <tree treeType="LODGEPOLEPINE" position="-826.9999 41.7397 568.8058" rotation="0.0000 231.2521 0.0000" growthStateI="1" nextGrowthTargetHour="4263.384766" isGrowing="true" splitShapeFileId="17"/>
    <tree treeType="LODGEPOLEPINE" position="-827.9445 40.9021 578.7651" rotation="0.0000 154.5572 0.0000" growthStateI="1" nextGrowthTargetHour="4263.385742" isGrowing="true" splitShapeFileId="18"/>
    <tree treeType="LODGEPOLEPINE" position="-828.8165 39.6352 588.6786" rotation="0.0000 46.4314 0.0000" growthStateI="1" nextGrowthTargetHour="4263.386230" isGrowing="true" splitShapeFileId="19"/>
    <tree treeType="LODGEPOLEPINE" position="-829.5958 38.1726 598.5829" rotation="0.0000 91.0509 0.0000" growthStateI="1" nextGrowthTargetHour="4263.386719" isGrowing="true" splitShapeFileId="20"/>
    <tree treeType="LODGEPOLEPINE" position="-830.2614 36.6812 608.4488" rotation="0.0000 350.7060 0.0000" growthStateI="1" nextGrowthTargetHour="4263.387207" isGrowing="true" splitShapeFileId="21"/>
    <tree treeType="LODGEPOLEPINE" position="-830.8716 35.2864 618.3370" rotation="0.0000 0.6252 0.0000" growthStateI="1" nextGrowthTargetHour="4263.388184" isGrowing="true" splitShapeFileId="22"/>
    <tree treeType="LODGEPOLEPINE" position="-836.6577 34.6727 610.1992" rotation="0.0000 158.5345 0.0000" growthStateI="1" nextGrowthTargetHour="4263.391113" isGrowing="true" splitShapeFileId="23"/>
    <tree treeType="LODGEPOLEPINE" position="-836.1865 36.1857 600.2504" rotation="0.0000 187.6542 0.0000" growthStateI="1" nextGrowthTargetHour="4263.391602" isGrowing="true" splitShapeFileId="24"/>
    <tree treeType="LODGEPOLEPINE" position="-835.8138 37.6234 590.3395" rotation="0.0000 106.5205 0.0000" growthStateI="1" nextGrowthTargetHour="4263.392578" isGrowing="true" splitShapeFileId="25"/>
    <tree treeType="LODGEPOLEPINE" position="-835.3826 38.9164 580.4199" rotation="0.0000 282.7265 0.0000" growthStateI="1" nextGrowthTargetHour="4263.393066" isGrowing="true" splitShapeFileId="26"/>
    <tree treeType="LODGEPOLEPINE" position="-834.8713 39.9183 570.4554" rotation="0.0000 350.3624 0.0000" growthStateI="1" nextGrowthTargetHour="4263.393555" isGrowing="true" splitShapeFileId="27"/>
    <tree treeType="LODGEPOLEPINE" position="-834.3316 40.7720 560.4896" rotation="0.0000 184.3486 0.0000" growthStateI="1" nextGrowthTargetHour="4263.394531" isGrowing="true" splitShapeFileId="28"/>
    <tree treeType="LODGEPOLEPINE" position="-833.7794 41.6792 550.5197" rotation="0.0000 127.7058 0.0000" growthStateI="1" nextGrowthTargetHour="4263.395020" isGrowing="true" splitShapeFileId="29"/>
    <tree treeType="LODGEPOLEPINE" position="-832.9660 42.7714 540.5385" rotation="0.0000 345.3991 0.0000" growthStateI="1" nextGrowthTargetHour="4263.395508" isGrowing="true" splitShapeFileId="30"/>
    <tree treeType="LODGEPOLEPINE" position="-832.0781 43.8688 530.6050" rotation="0.0000 219.5126 0.0000" growthStateI="1" nextGrowthTargetHour="4263.395996" isGrowing="true" splitShapeFileId="31"/>
    <tree treeType="LODGEPOLEPINE" position="-831.0917 44.6486 520.6161" rotation="0.0000 279.1231 0.0000" growthStateI="1" nextGrowthTargetHour="4263.396973" isGrowing="true" splitShapeFileId="32"/>
    <tree treeType="LODGEPOLEPINE" position="-830.1112 45.5013 510.6322" rotation="0.0000 52.6468 0.0000" growthStateI="1" nextGrowthTargetHour="4263.397461" isGrowing="true" splitShapeFileId="33"/>
    <tree treeType="LODGEPOLEPINE" position="-838.0670 43.2869 516.2979" rotation="0.0000 224.6818 0.0000" growthStateI="1" nextGrowthTargetHour="4263.400391" isGrowing="true" splitShapeFileId="34"/>
    <tree treeType="LODGEPOLEPINE" position="-838.2678 42.8961 526.3511" rotation="0.0000 96.0333 0.0000" growthStateI="1" nextGrowthTargetHour="4263.400879" isGrowing="true" splitShapeFileId="35"/>
    <tree treeType="LODGEPOLEPINE" position="-839.1531 41.9841 536.3348" rotation="0.0000 247.0042 0.0000" growthStateI="1" nextGrowthTargetHour="4263.401367" isGrowing="true" splitShapeFileId="36"/>
    <tree treeType="LODGEPOLEPINE" position="-840.2065 40.9768 546.2481" rotation="0.0000 3.3441 0.0000" growthStateI="1" nextGrowthTargetHour="4263.401855" isGrowing="true" splitShapeFileId="37"/>
    <tree treeType="LODGEPOLEPINE" position="-841.1452 39.9928 556.1979" rotation="0.0000 271.2414 0.0000" growthStateI="1" nextGrowthTargetHour="4263.402832" isGrowing="true" splitShapeFileId="38"/>
    <tree treeType="LODGEPOLEPINE" position="-841.8358 38.9663 566.1227" rotation="0.0000 10.9429 0.0000" growthStateI="1" nextGrowthTargetHour="4263.403320" isGrowing="true" splitShapeFileId="39"/>
    <tree treeType="LODGEPOLEPINE" position="-842.3372 37.8773 576.0609" rotation="0.0000 99.6046 0.0000" growthStateI="1" nextGrowthTargetHour="4263.403809" isGrowing="true" splitShapeFileId="40"/>
    <tree treeType="LODGEPOLEPINE" position="-842.6612 36.5960 585.9799" rotation="0.0000 228.7708 0.0000" growthStateI="1" nextGrowthTargetHour="4263.404297" isGrowing="true" splitShapeFileId="41"/>
    <tree treeType="LODGEPOLEPINE" position="-842.8821 35.1246 595.9341" rotation="0.0000 184.2862 0.0000" growthStateI="1" nextGrowthTargetHour="4263.405273" isGrowing="true" splitShapeFileId="42"/>
    <tree treeType="LODGEPOLEPINE" position="-843.1127 33.6095 605.8781" rotation="0.0000 129.7767 0.0000" growthStateI="1" nextGrowthTargetHour="4263.405762" isGrowing="true" splitShapeFileId="43"/>
    <tree treeType="LODGEPOLEPINE" position="-843.3660 32.0342 615.7707" rotation="0.0000 11.9651 0.0000" growthStateI="1" nextGrowthTargetHour="4263.406250" isGrowing="true" splitShapeFileId="44"/>
    <tree treeType="LODGEPOLEPINE" position="-816.2820 40.9602 619.5121" rotation="0.0000 200.0872 0.0000" growthStateI="1" nextGrowthTargetHour="4263.408203" isGrowing="true" splitShapeFileId="45"/>
    <tree treeType="LODGEPOLEPINE" position="-815.6152 42.1143 609.5240" rotation="0.0000 239.7114 0.0000" growthStateI="1" nextGrowthTargetHour="4263.409180" isGrowing="true" splitShapeFileId="46"/>
    <tree treeType="LODGEPOLEPINE" position="-815.1241 43.3150 599.5481" rotation="0.0000 82.4666 0.0000" growthStateI="1" nextGrowthTargetHour="4263.409668" isGrowing="true" splitShapeFileId="47"/>
    <tree treeType="LODGEPOLEPINE" position="-814.5582 44.4240 589.5577" rotation="0.0000 47.9383 0.0000" growthStateI="1" nextGrowthTargetHour="4263.410156" isGrowing="true" splitShapeFileId="48"/>
    <tree treeType="LODGEPOLEPINE" position="-813.7417 45.3202 579.5950" rotation="0.0000 238.1941 0.0000" growthStateI="1" nextGrowthTargetHour="4263.410645" isGrowing="true" splitShapeFileId="49"/>
    <tree treeType="LODGEPOLEPINE" position="-812.4311 45.9184 569.6731" rotation="0.0000 241.3278 0.0000" growthStateI="1" nextGrowthTargetHour="4263.411621" isGrowing="true" splitShapeFileId="50"/>
    <tree treeType="LODGEPOLEPINE" position="-811.0253 46.3338 559.7786" rotation="0.0000 240.0833 0.0000" growthStateI="1" nextGrowthTargetHour="4263.412109" isGrowing="true" splitShapeFileId="51"/>
    <tree treeType="LODGEPOLEPINE" position="-809.6836 46.8994 549.8487" rotation="0.0000 294.0894 0.0000" growthStateI="1" nextGrowthTargetHour="4263.412598" isGrowing="true" splitShapeFileId="52"/>
    <tree treeType="LODGEPOLEPINE" position="-808.5197 47.6598 539.9209" rotation="0.0000 179.2196 0.0000" growthStateI="1" nextGrowthTargetHour="4263.413574" isGrowing="true" splitShapeFileId="53"/>
    <tree treeType="LODGEPOLEPINE" position="-807.3657 48.4184 529.9518" rotation="0.0000 304.4503 0.0000" growthStateI="1" nextGrowthTargetHour="4263.414062" isGrowing="true" splitShapeFileId="54"/>
    <tree treeType="LODGEPOLEPINE" position="-806.3760 49.9519 520.0593" rotation="0.0000 86.1296 0.0000" growthStateI="1" nextGrowthTargetHour="4263.414551" isGrowing="true" splitShapeFileId="55"/>
    <tree treeType="LODGEPOLEPINE" position="-798.7227 50.4630 526.4996" rotation="0.0000 34.2841 0.0000" growthStateI="1" nextGrowthTargetHour="4263.416992" isGrowing="true" splitShapeFileId="56"/>
    <tree treeType="LODGEPOLEPINE" position="-799.6860 49.6919 536.4232" rotation="0.0000 11.2869 0.0000" growthStateI="1" nextGrowthTargetHour="4263.417969" isGrowing="true" splitShapeFileId="57"/>
    <tree treeType="LODGEPOLEPINE" position="-800.5821 49.2054 546.4144" rotation="0.0000 218.6356 0.0000" growthStateI="1" nextGrowthTargetHour="4263.418457" isGrowing="true" splitShapeFileId="58"/>
    <tree treeType="LODGEPOLEPINE" position="-801.4958 48.9487 556.4078" rotation="0.0000 139.0670 0.0000" growthStateI="1" nextGrowthTargetHour="4263.418945" isGrowing="true" splitShapeFileId="59"/>
    <tree treeType="LODGEPOLEPINE" position="-802.7432 48.9431 566.3464" rotation="0.0000 277.1268 0.0000" growthStateI="1" nextGrowthTargetHour="4263.419922" isGrowing="true" splitShapeFileId="60"/>
    <tree treeType="LODGEPOLEPINE" position="-803.8075 48.8658 576.3594" rotation="0.0000 121.2018 0.0000" growthStateI="1" nextGrowthTargetHour="4263.420410" isGrowing="true" splitShapeFileId="61"/>
    <tree treeType="LODGEPOLEPINE" position="-804.6935 48.4587 586.3333" rotation="0.0000 222.7117 0.0000" growthStateI="1" nextGrowthTargetHour="4263.420898" isGrowing="true" splitShapeFileId="62"/>
    <tree treeType="LODGEPOLEPINE" position="-805.6654 47.5686 596.2572" rotation="0.0000 348.5697 0.0000" growthStateI="1" nextGrowthTargetHour="4263.421387" isGrowing="true" splitShapeFileId="63"/>
    <tree treeType="LODGEPOLEPINE" position="-806.4943 46.1040 606.1767" rotation="0.0000 334.3333 0.0000" growthStateI="1" nextGrowthTargetHour="4263.422363" isGrowing="true" splitShapeFileId="64"/>
    <tree treeType="LODGEPOLEPINE" position="-798.2753 48.9022 601.1664" rotation="0.0000 214.8746 0.0000" growthStateI="1" nextGrowthTargetHour="4263.424316" isGrowing="true" splitShapeFileId="65"/>
    <tree treeType="LODGEPOLEPINE" position="-796.7586 51.4072 591.5403" rotation="0.0000 281.9096 0.0000" growthStateI="1" nextGrowthTargetHour="4263.425293" isGrowing="true" splitShapeFileId="66"/>
    <tree treeType="LODGEPOLEPINE" position="-795.3571 52.1228 581.5958" rotation="0.0000 18.2147 0.0000" growthStateI="1" nextGrowthTargetHour="4263.425781" isGrowing="true" splitShapeFileId="67"/>
    <tree treeType="LODGEPOLEPINE" position="-794.1910 52.0786 571.5883" rotation="0.0000 44.4754 0.0000" growthStateI="1" nextGrowthTargetHour="4263.426270" isGrowing="true" splitShapeFileId="68"/>
    <tree treeType="LODGEPOLEPINE" position="-792.9402 51.7995 561.6362" rotation="0.0000 10.8844 0.0000" growthStateI="1" nextGrowthTargetHour="4263.427246" isGrowing="true" splitShapeFileId="69"/>
    <tree treeType="LODGEPOLEPINE" position="-791.8485 51.6258 551.6297" rotation="0.0000 7.6821 0.0000" growthStateI="1" nextGrowthTargetHour="4263.427734" isGrowing="true" splitShapeFileId="70"/>
    <tree treeType="LODGEPOLEPINE" position="-791.0667 51.7828 541.6464" rotation="0.0000 103.8797 0.0000" growthStateI="1" nextGrowthTargetHour="4263.428223" isGrowing="true" splitShapeFileId="71"/>
    <tree treeType="LODGEPOLEPINE" position="-790.3450 52.0245 531.6452" rotation="0.0000 134.2711 0.0000" growthStateI="1" nextGrowthTargetHour="4263.429199" isGrowing="true" splitShapeFileId="72"/>
    <tree treeType="LODGEPOLEPINE" position="-789.8163 52.9638 521.6323" rotation="0.0000 297.2213 0.0000" growthStateI="1" nextGrowthTargetHour="4263.429688" isGrowing="true" splitShapeFileId="73"/>
    <tree treeType="LODGEPOLEPINE" position="-789.4274 54.3842 511.6725" rotation="0.0000 211.8881 0.0000" growthStateI="1" nextGrowthTargetHour="4263.430176" isGrowing="true" splitShapeFileId="74"/>
    <tree treeType="LODGEPOLEPINE" position="-843.3105 45.5533 489.1138" rotation="0.0000 94.8099 0.0000" growthStateI="1" nextGrowthTargetHour="4263.432617" isGrowing="true" splitShapeFileId="75"/>
    <tree treeType="LODGEPOLEPINE" position="-843.4114 43.7294 498.9938" rotation="0.0000 187.2658 0.0000" growthStateI="1" nextGrowthTargetHour="4263.433105" isGrowing="true" splitShapeFileId="76"/>
    <tree treeType="LODGEPOLEPINE" position="-843.5288 42.2913 508.9232" rotation="0.0000 124.4070 0.0000" growthStateI="1" nextGrowthTargetHour="4263.434082" isGrowing="true" splitShapeFileId="77"/>
    <tree treeType="LODGEPOLEPINE" position="-843.7809 41.9559 518.9327" rotation="0.0000 128.1021 0.0000" growthStateI="1" nextGrowthTargetHour="4263.434570" isGrowing="true" splitShapeFileId="78"/>
    <tree treeType="LODGEPOLEPINE" position="-844.0312 41.5917 528.9753" rotation="0.0000 259.7619 0.0000" growthStateI="1" nextGrowthTargetHour="4263.435059" isGrowing="true" splitShapeFileId="79"/>
    <tree treeType="LODGEPOLEPINE" position="-844.7143 40.8000 538.9753" rotation="0.0000 295.1122 0.0000" growthStateI="1" nextGrowthTargetHour="4263.435547" isGrowing="true" splitShapeFileId="80"/>
    <tree treeType="LODGEPOLEPINE" position="-845.5411 39.9239 548.9555" rotation="0.0000 244.4063 0.0000" growthStateI="1" nextGrowthTargetHour="4263.436523" isGrowing="true" splitShapeFileId="81"/>
    <tree treeType="LODGEPOLEPINE" position="-846.3743 38.9024 558.8890" rotation="0.0000 249.9333 0.0000" growthStateI="1" nextGrowthTargetHour="4263.437012" isGrowing="true" splitShapeFileId="82"/>
    <tree treeType="LODGEPOLEPINE" position="-847.2093 37.7209 568.7963" rotation="0.0000 51.3868 0.0000" growthStateI="1" nextGrowthTargetHour="4263.437500" isGrowing="true" splitShapeFileId="83"/>
    <tree treeType="LODGEPOLEPINE" position="-847.8928 36.4371 578.7700" rotation="0.0000 253.9728 0.0000" growthStateI="1" nextGrowthTargetHour="4263.438477" isGrowing="true" splitShapeFileId="84"/>
    <tree treeType="LODGEPOLEPINE" position="-848.2790 34.9553 588.6956" rotation="0.0000 255.8530 0.0000" growthStateI="1" nextGrowthTargetHour="4263.438965" isGrowing="true" splitShapeFileId="85"/>
    <tree treeType="LODGEPOLEPINE" position="-848.6550 33.3596 598.5919" rotation="0.0000 152.4928 0.0000" growthStateI="1" nextGrowthTargetHour="4263.439453" isGrowing="true" splitShapeFileId="86"/>
    <tree treeType="LODGEPOLEPINE" position="-848.9954 31.7450 608.5334" rotation="0.0000 317.0590 0.0000" growthStateI="1" nextGrowthTargetHour="4263.439941" isGrowing="true" splitShapeFileId="87"/>
    <tree treeType="LODGEPOLEPINE" position="-849.2886 30.0569 618.4179" rotation="0.0000 257.2243 0.0000" growthStateI="1" nextGrowthTargetHour="4263.440918" isGrowing="true" splitShapeFileId="88"/>
    <tree treeType="LODGEPOLEPINE" position="-855.9882 29.7717 610.9792" rotation="0.0000 13.2244 0.0000" growthStateI="1" nextGrowthTargetHour="4263.442871" isGrowing="true" splitShapeFileId="89"/>
    <tree treeType="LODGEPOLEPINE" position="-856.1283 31.5179 601.1069" rotation="0.0000 68.5911 0.0000" growthStateI="1" nextGrowthTargetHour="4263.443848" isGrowing="true" splitShapeFileId="90"/>
    <tree treeType="LODGEPOLEPINE" position="-855.2299 33.2231 591.2405" rotation="0.0000 303.6779 0.0000" growthStateI="1" nextGrowthTargetHour="4263.444824" isGrowing="true" splitShapeFileId="91"/>
    <tree treeType="LODGEPOLEPINE" position="-855.1054 34.7641 581.3325" rotation="0.0000 195.6581 0.0000" growthStateI="1" nextGrowthTargetHour="4263.445801" isGrowing="true" splitShapeFileId="92"/>
    <tree treeType="LODGEPOLEPINE" position="-855.0036 36.1016 571.4225" rotation="0.0000 34.5897 0.0000" growthStateI="1" nextGrowthTargetHour="4263.446289" isGrowing="true" splitShapeFileId="93"/>
    <tree treeType="LODGEPOLEPINE" position="-854.8358 37.3718 561.4498" rotation="0.0000 334.3625 0.0000" growthStateI="1" nextGrowthTargetHour="4263.446777" isGrowing="true" splitShapeFileId="94"/>
    <tree treeType="LODGEPOLEPINE" position="-852.8392 39.2971 545.9563" rotation="0.0000 334.4344 0.0000" growthStateI="1" nextGrowthTargetHour="4263.449219" isGrowing="true" splitShapeFileId="95"/>
    <tree treeType="LODGEPOLEPINE" position="-851.6428 39.8330 536.0074" rotation="0.0000 306.7855 0.0000" growthStateI="1" nextGrowthTargetHour="4263.449707" isGrowing="true" splitShapeFileId="96"/>
    <tree treeType="LODGEPOLEPINE" position="-850.2570 40.5281 526.0579" rotation="0.0000 27.4475 0.0000" growthStateI="1" nextGrowthTargetHour="4263.450195" isGrowing="true" splitShapeFileId="97"/>
    <tree treeType="LODGEPOLEPINE" position="-849.1357 40.8641 516.0701" rotation="0.0000 199.9778 0.0000" growthStateI="1" nextGrowthTargetHour="4263.451172" isGrowing="true" splitShapeFileId="98"/>
    <tree treeType="LODGEPOLEPINE" position="-848.2362 41.4152 506.1126" rotation="0.0000 222.1448 0.0000" growthStateI="1" nextGrowthTargetHour="4263.451660" isGrowing="true" splitShapeFileId="99"/>
    <tree treeType="LODGEPOLEPINE" position="-847.7791 42.9377 496.1768" rotation="0.0000 52.8465 0.0000" growthStateI="1" nextGrowthTargetHour="4263.452148" isGrowing="true" splitShapeFileId="100"/>
    <tree treeType="LODGEPOLEPINE" position="-847.5927 44.9997 486.3276" rotation="0.0000 234.2222 0.0000" growthStateI="1" nextGrowthTargetHour="4263.453125" isGrowing="true" splitShapeFileId="101"/>
    <tree treeType="LODGEPOLEPINE" position="-853.5439 41.3970 493.5973" rotation="0.0000 18.0514 0.0000" growthStateI="1" nextGrowthTargetHour="4263.455566" isGrowing="true" splitShapeFileId="102"/>
    <tree treeType="LODGEPOLEPINE" position="-853.9355 40.2398 503.5378" rotation="0.0000 197.4553 0.0000" growthStateI="1" nextGrowthTargetHour="4263.456055" isGrowing="true" splitShapeFileId="103"/>
    <tree treeType="LODGEPOLEPINE" position="-854.5864 39.7324 513.5569" rotation="0.0000 119.8078 0.0000" growthStateI="1" nextGrowthTargetHour="4263.456543" isGrowing="true" splitShapeFileId="104"/>
    <tree treeType="LODGEPOLEPINE" position="-855.5692 39.6380 523.5599" rotation="0.0000 122.0816 0.0000" growthStateI="1" nextGrowthTargetHour="4263.457520" isGrowing="true" splitShapeFileId="105"/>
    <tree treeType="LODGEPOLEPINE" position="-856.6805 39.1627 533.5610" rotation="0.0000 60.2842 0.0000" growthStateI="1" nextGrowthTargetHour="4263.458008" isGrowing="true" splitShapeFileId="106"/>
    <tree treeType="LODGEPOLEPINE" position="-858.0754 38.5343 543.4550" rotation="0.0000 187.8809 0.0000" growthStateI="1" nextGrowthTargetHour="4263.458496" isGrowing="true" splitShapeFileId="107"/>
    <tree treeType="LODGEPOLEPINE" position="-859.3322 37.7142 553.4179" rotation="0.0000 145.2235 0.0000" growthStateI="1" nextGrowthTargetHour="4263.459473" isGrowing="true" splitShapeFileId="108"/>
    <tree treeType="LODGEPOLEPINE" position="-860.2112 36.4592 563.3173" rotation="0.0000 155.2035 0.0000" growthStateI="1" nextGrowthTargetHour="4263.459961" isGrowing="true" splitShapeFileId="109"/>
    <tree treeType="LODGEPOLEPINE" position="-860.7923 35.0510 573.2656" rotation="0.0000 298.6708 0.0000" growthStateI="1" nextGrowthTargetHour="4263.460449" isGrowing="true" splitShapeFileId="110"/>
    <tree treeType="LODGEPOLEPINE" position="-861.5050 33.5190 583.1429" rotation="0.0000 249.8429 0.0000" growthStateI="1" nextGrowthTargetHour="4263.460938" isGrowing="true" splitShapeFileId="111"/>
    <tree treeType="LODGEPOLEPINE" position="-861.9024 31.8874 593.0054" rotation="0.0000 117.4477 0.0000" growthStateI="1" nextGrowthTargetHour="4263.461914" isGrowing="true" splitShapeFileId="112"/>
    <tree treeType="LODGEPOLEPINE" position="-869.5080 31.8866 586.5020" rotation="0.0000 180.4764 0.0000" growthStateI="1" nextGrowthTargetHour="4263.465820" isGrowing="true" splitShapeFileId="113"/>
    <tree treeType="LODGEPOLEPINE" position="-869.2310 33.5074 576.5869" rotation="0.0000 35.6244 0.0000" growthStateI="1" nextGrowthTargetHour="4263.466309" isGrowing="true" splitShapeFileId="114"/>
    <tree treeType="LODGEPOLEPINE" position="-868.5665 35.0686 566.6853" rotation="0.0000 197.6383 0.0000" growthStateI="1" nextGrowthTargetHour="4263.466797" isGrowing="true" splitShapeFileId="115"/>
    <tree treeType="LODGEPOLEPINE" position="-867.8000 36.4199 556.7955" rotation="0.0000 33.1915 0.0000" growthStateI="1" nextGrowthTargetHour="4263.467773" isGrowing="true" splitShapeFileId="116"/>
    <tree treeType="LODGEPOLEPINE" position="-866.5878 37.3157 546.8365" rotation="0.0000 127.7231 0.0000" growthStateI="1" nextGrowthTargetHour="4263.468262" isGrowing="true" splitShapeFileId="117"/>
    <tree treeType="LODGEPOLEPINE" position="-865.2682 37.8405 536.9298" rotation="0.0000 61.2877 0.0000" growthStateI="1" nextGrowthTargetHour="4263.468750" isGrowing="true" splitShapeFileId="118"/>
    <tree treeType="LODGEPOLEPINE" position="-863.7470 38.2712 527.0457" rotation="0.0000 0.2607 0.0000" growthStateI="1" nextGrowthTargetHour="4263.469727" isGrowing="true" splitShapeFileId="119"/>
    <tree treeType="LODGEPOLEPINE" position="-862.1708 38.4017 517.1163" rotation="0.0000 229.6376 0.0000" growthStateI="1" nextGrowthTargetHour="4263.470215" isGrowing="true" splitShapeFileId="120"/>
    <tree treeType="LODGEPOLEPINE" position="-860.6385 38.4213 507.1754" rotation="0.0000 146.3805 0.0000" growthStateI="1" nextGrowthTargetHour="4263.470703" isGrowing="true" splitShapeFileId="121"/>
    <tree treeType="LODGEPOLEPINE" position="-859.1706 39.3128 497.3152" rotation="0.0000 197.7365 0.0000" growthStateI="1" nextGrowthTargetHour="4263.471191" isGrowing="true" splitShapeFileId="122"/>
    <tree treeType="LODGEPOLEPINE" position="-858.1757 41.2642 487.5235" rotation="0.0000 164.9539 0.0000" growthStateI="1" nextGrowthTargetHour="4263.472168" isGrowing="true" splitShapeFileId="123"/>
    <tree treeType="LODGEPOLEPINE" position="-857.6010 42.8353 477.5968" rotation="0.0000 132.6870 0.0000" growthStateI="1" nextGrowthTargetHour="4263.472656" isGrowing="true" splitShapeFileId="124"/>
    <tree treeType="LODGEPOLEPINE" position="-864.0900 39.9077 484.6544" rotation="0.0000 8.6480 0.0000" growthStateI="1" nextGrowthTargetHour="4263.475586" isGrowing="true" splitShapeFileId="125"/>
    <tree treeType="LODGEPOLEPINE" position="-864.5534 38.1986 494.5415" rotation="0.0000 286.9665 0.0000" growthStateI="1" nextGrowthTargetHour="4263.476074" isGrowing="true" splitShapeFileId="126"/>
    <tree treeType="LODGEPOLEPINE" position="-865.7463 37.3295 504.4789" rotation="0.0000 31.4925 0.0000" growthStateI="1" nextGrowthTargetHour="4263.476562" isGrowing="true" splitShapeFileId="127"/>
    <tree treeType="LODGEPOLEPINE" position="-867.2773 37.3894 514.3953" rotation="0.0000 235.3263 0.0000" growthStateI="1" nextGrowthTargetHour="4263.477539" isGrowing="true" splitShapeFileId="128"/>
    <tree treeType="LODGEPOLEPINE" position="-868.9886 37.3923 524.3071" rotation="0.0000 226.1034 0.0000" growthStateI="1" nextGrowthTargetHour="4263.478027" isGrowing="true" splitShapeFileId="129"/>
    <tree treeType="LODGEPOLEPINE" position="-870.5832 37.1567 534.1810" rotation="0.0000 24.5701 0.0000" growthStateI="1" nextGrowthTargetHour="4263.478516" isGrowing="true" splitShapeFileId="130"/>
    <tree treeType="LODGEPOLEPINE" position="-871.8143 36.7988 544.1419" rotation="0.0000 37.7454 0.0000" growthStateI="1" nextGrowthTargetHour="4263.479004" isGrowing="true" splitShapeFileId="131"/>
    <tree treeType="LODGEPOLEPINE" position="-872.8619 36.1611 554.0776" rotation="0.0000 239.6678 0.0000" growthStateI="1" nextGrowthTargetHour="4263.479980" isGrowing="true" splitShapeFileId="132"/>
    <tree treeType="LODGEPOLEPINE" position="-873.5424 34.9394 564.0464" rotation="0.0000 293.1228 0.0000" growthStateI="1" nextGrowthTargetHour="4263.480469" isGrowing="true" splitShapeFileId="133"/>
    <tree treeType="LODGEPOLEPINE" position="-874.0836 33.3157 573.9308" rotation="0.0000 235.2195 0.0000" growthStateI="1" nextGrowthTargetHour="4263.480957" isGrowing="true" splitShapeFileId="134"/>
    <tree treeType="LODGEPOLEPINE" position="-874.5930 31.5996 583.8313" rotation="0.0000 306.2590 0.0000" growthStateI="1" nextGrowthTargetHour="4263.481934" isGrowing="true" splitShapeFileId="135"/>
    <tree treeType="LODGEPOLEPINE" position="-881.3749 34.0443 567.7593" rotation="0.0000 354.8272 0.0000" growthStateI="1" nextGrowthTargetHour="4263.484375" isGrowing="true" splitShapeFileId="136"/>
    <tree treeType="LODGEPOLEPINE" position="-880.5736 35.2805 557.8134" rotation="0.0000 271.6931 0.0000" growthStateI="1" nextGrowthTargetHour="4263.485352" isGrowing="true" splitShapeFileId="137"/>
    <tree treeType="LODGEPOLEPINE" position="-879.3828 36.0590 547.9094" rotation="0.0000 269.0241 0.0000" growthStateI="1" nextGrowthTargetHour="4263.485840" isGrowing="true" splitShapeFileId="138"/>
    <tree treeType="LODGEPOLEPINE" position="-877.9497 36.3459 537.9846" rotation="0.0000 332.1067 0.0000" growthStateI="1" nextGrowthTargetHour="4263.486328" isGrowing="true" splitShapeFileId="139"/>
    <tree treeType="LODGEPOLEPINE" position="-876.2903 36.4509 528.0959" rotation="0.0000 174.1296 0.0000" growthStateI="1" nextGrowthTargetHour="4263.487305" isGrowing="true" splitShapeFileId="140"/>
    <tree treeType="LODGEPOLEPINE" position="-874.4181 36.3368 518.1987" rotation="0.0000 298.0684 0.0000" growthStateI="1" nextGrowthTargetHour="4263.487793" isGrowing="true" splitShapeFileId="141"/>
    <tree treeType="LODGEPOLEPINE" position="-872.5148 36.1570 508.3267" rotation="0.0000 311.9051 0.0000" growthStateI="1" nextGrowthTargetHour="4263.488281" isGrowing="true" splitShapeFileId="142"/>
    <tree treeType="LODGEPOLEPINE" position="-870.7843 36.2686 498.4640" rotation="0.0000 270.0116 0.0000" growthStateI="1" nextGrowthTargetHour="4263.488770" isGrowing="true" splitShapeFileId="143"/>
    <tree treeType="LODGEPOLEPINE" position="-869.3893 37.6288 488.6289" rotation="0.0000 320.8820 0.0000" growthStateI="1" nextGrowthTargetHour="4263.489746" isGrowing="true" splitShapeFileId="144"/>
    <tree treeType="LODGEPOLEPINE" position="-868.5304 39.1061 478.7094" rotation="0.0000 65.6169 0.0000" growthStateI="1" nextGrowthTargetHour="4263.490234" isGrowing="true" splitShapeFileId="145"/>
    <tree treeType="LODGEPOLEPINE" position="-873.6310 38.6600 468.9032" rotation="0.0000 30.6014 0.0000" growthStateI="1" nextGrowthTargetHour="4263.492676" isGrowing="true" splitShapeFileId="146"/>
    <tree treeType="LODGEPOLEPINE" position="-874.7623 37.1046 478.7232" rotation="0.0000 77.4462 0.0000" growthStateI="1" nextGrowthTargetHour="4263.493164" isGrowing="true" splitShapeFileId="147"/>
    <tree treeType="LODGEPOLEPINE" position="-875.9604 35.7890 488.6163" rotation="0.0000 66.2670 0.0000" growthStateI="1" nextGrowthTargetHour="4263.494141" isGrowing="true" splitShapeFileId="148"/>
    <tree treeType="LODGEPOLEPINE" position="-877.2462 35.1063 498.5117" rotation="0.0000 286.9100 0.0000" growthStateI="1" nextGrowthTargetHour="4263.494629" isGrowing="true" splitShapeFileId="149"/>
    <tree treeType="LODGEPOLEPINE" position="-878.6628 35.3293 508.4625" rotation="0.0000 269.2977 0.0000" growthStateI="1" nextGrowthTargetHour="4263.495117" isGrowing="true" splitShapeFileId="150"/>
    <tree treeType="LODGEPOLEPINE" position="-879.9783 35.8190 518.3816" rotation="0.0000 181.9508 0.0000" growthStateI="1" nextGrowthTargetHour="4263.495605" isGrowing="true" splitShapeFileId="151"/>
    <tree treeType="LODGEPOLEPINE" position="-881.3054 36.1650 528.3553" rotation="0.0000 274.4171 0.0000" growthStateI="1" nextGrowthTargetHour="4263.496582" isGrowing="true" splitShapeFileId="152"/>
    <tree treeType="LODGEPOLEPINE" position="-882.7985 36.2902 538.2684" rotation="0.0000 149.2843 0.0000" growthStateI="1" nextGrowthTargetHour="4263.497070" isGrowing="true" splitShapeFileId="153"/>
    <tree treeType="LODGEPOLEPINE" position="-884.2698 36.1306 548.2318" rotation="0.0000 7.0810 0.0000" growthStateI="1" nextGrowthTargetHour="4263.497559" isGrowing="true" splitShapeFileId="154"/>
    <tree treeType="LODGEPOLEPINE" position="-894.0884 36.7186 561.8192" rotation="0.0000 259.8193 0.0000" growthStateI="1" nextGrowthTargetHour="4263.500488" isGrowing="true" splitShapeFileId="155"/>
    <tree treeType="LODGEPOLEPINE" position="-891.6233 36.7996 552.0673" rotation="0.0000 138.5907 0.0000" growthStateI="1" nextGrowthTargetHour="4263.500977" isGrowing="true" splitShapeFileId="156"/>
    <tree treeType="LODGEPOLEPINE" position="-890.1947 36.9245 542.1422" rotation="0.0000 106.6021 0.0000" growthStateI="1" nextGrowthTargetHour="4263.501465" isGrowing="true" splitShapeFileId="157"/>
    <tree treeType="LODGEPOLEPINE" position="-888.7667 36.6968 532.1765" rotation="0.0000 191.7659 0.0000" growthStateI="1" nextGrowthTargetHour="4263.502441" isGrowing="true" splitShapeFileId="158"/>
    <tree treeType="LODGEPOLEPINE" position="-887.3513 36.1971 522.2552" rotation="0.0000 209.0223 0.0000" growthStateI="1" nextGrowthTargetHour="4263.502930" isGrowing="true" splitShapeFileId="159"/>
    <tree treeType="LODGEPOLEPINE" position="-886.1721 35.5465 512.3440" rotation="0.0000 214.1633 0.0000" growthStateI="1" nextGrowthTargetHour="4263.503418" isGrowing="true" splitShapeFileId="160"/>
    <tree treeType="LODGEPOLEPINE" position="-885.0042 35.0311 502.3516" rotation="0.0000 76.2781 0.0000" growthStateI="1" nextGrowthTargetHour="4263.503906" isGrowing="true" splitShapeFileId="161"/>
    <tree treeType="LODGEPOLEPINE" position="-883.9225 35.0807 492.3485" rotation="0.0000 279.0294 0.0000" growthStateI="1" nextGrowthTargetHour="4263.504883" isGrowing="true" splitShapeFileId="162"/>
    <tree treeType="LODGEPOLEPINE" position="-882.8651 35.7072 482.4053" rotation="0.0000 290.9051 0.0000" growthStateI="1" nextGrowthTargetHour="4263.505371" isGrowing="true" splitShapeFileId="163"/>
    <tree treeType="LODGEPOLEPINE" position="-881.8783 36.6262 472.4574" rotation="0.0000 281.5666 0.0000" growthStateI="1" nextGrowthTargetHour="4263.505859" isGrowing="true" splitShapeFileId="164"/>
    <tree treeType="LODGEPOLEPINE" position="-782.9343 54.2782 534.3345" rotation="0.0000 76.1723 0.0000" growthStateI="1" nextGrowthTargetHour="4263.509766" isGrowing="true" splitShapeFileId="165"/>
    <tree treeType="LODGEPOLEPINE" position="-782.9296 54.1849 544.3611" rotation="0.0000 153.1902 0.0000" growthStateI="1" nextGrowthTargetHour="4263.510742" isGrowing="true" splitShapeFileId="166"/>
    <tree treeType="LODGEPOLEPINE" position="-783.5981 54.3418 554.3997" rotation="0.0000 286.9847 0.0000" growthStateI="1" nextGrowthTargetHour="4263.511230" isGrowing="true" splitShapeFileId="167"/>
    <tree treeType="LODGEPOLEPINE" position="-784.5192 54.8272 564.3636" rotation="0.0000 192.2117 0.0000" growthStateI="1" nextGrowthTargetHour="4263.511719" isGrowing="true" splitShapeFileId="168"/>
    <tree treeType="LODGEPOLEPINE" position="-785.4284 55.3394 574.3867" rotation="0.0000 52.0728 0.0000" growthStateI="1" nextGrowthTargetHour="4263.512695" isGrowing="true" splitShapeFileId="169"/>
    <tree treeType="LODGEPOLEPINE" position="-786.1808 55.5125 584.3647" rotation="0.0000 168.5674 0.0000" growthStateI="1" nextGrowthTargetHour="4263.513184" isGrowing="true" splitShapeFileId="170"/>
    <tree treeType="LODGEPOLEPINE" position="-823.6557 37.4333 623.2476" rotation="0.0000 104.0636 0.0000" growthStateI="1" nextGrowthTargetHour="4263.514648" isGrowing="true" splitShapeFileId="171"/>
    <tree treeType="LODGEPOLEPINE" position="-824.2751 35.9145 633.1560" rotation="0.0000 15.0276 0.0000" growthStateI="1" nextGrowthTargetHour="4263.515137" isGrowing="true" splitShapeFileId="172"/>
    <tree treeType="LODGEPOLEPINE" position="-824.8708 34.8028 643.0963" rotation="0.0000 152.2075 0.0000" growthStateI="1" nextGrowthTargetHour="4263.515625" isGrowing="true" splitShapeFileId="173"/>
    <tree treeType="LODGEPOLEPINE" position="-825.5466 33.8903 653.1067" rotation="0.0000 127.9866 0.0000" growthStateI="1" nextGrowthTargetHour="4263.516602" isGrowing="true" splitShapeFileId="174"/>
    <tree treeType="LODGEPOLEPINE" position="-826.2643 33.1039 663.0873" rotation="0.0000 276.2639 0.0000" growthStateI="1" nextGrowthTargetHour="4263.517090" isGrowing="true" splitShapeFileId="175"/>
    <tree treeType="LODGEPOLEPINE" position="-827.0660 32.5753 673.0502" rotation="0.0000 255.5723 0.0000" growthStateI="1" nextGrowthTargetHour="4263.517578" isGrowing="true" splitShapeFileId="176"/>
    <tree treeType="LODGEPOLEPINE" position="-827.9156 32.1861 683.0651" rotation="0.0000 24.9469 0.0000" growthStateI="1" nextGrowthTargetHour="4263.518555" isGrowing="true" splitShapeFileId="177"/>
    <tree treeType="LODGEPOLEPINE" position="-834.3828 30.2232 675.6558" rotation="0.0000 191.7673 0.0000" growthStateI="1" nextGrowthTargetHour="4263.520508" isGrowing="true" splitShapeFileId="178"/>
    <tree treeType="LODGEPOLEPINE" position="-833.3977 30.6478 665.6539" rotation="0.0000 231.1837 0.0000" growthStateI="1" nextGrowthTargetHour="4263.521484" isGrowing="true" splitShapeFileId="179"/>
    <tree treeType="LODGEPOLEPINE" position="-832.6210 31.2889 655.6775" rotation="0.0000 238.0434 0.0000" growthStateI="1" nextGrowthTargetHour="4263.521973" isGrowing="true" splitShapeFileId="180"/>
    <tree treeType="LODGEPOLEPINE" position="-831.9078 32.1247 645.7133" rotation="0.0000 3.3525 0.0000" growthStateI="1" nextGrowthTargetHour="4263.522461" isGrowing="true" splitShapeFileId="181"/>
    <tree treeType="LODGEPOLEPINE" position="-831.2608 33.1635 635.7407" rotation="0.0000 260.4205 0.0000" growthStateI="1" nextGrowthTargetHour="4263.522949" isGrowing="true" splitShapeFileId="182"/>
    <tree treeType="LODGEPOLEPINE" position="-830.6886 34.4569 625.8111" rotation="0.0000 277.2297 0.0000" growthStateI="1" nextGrowthTargetHour="4263.523926" isGrowing="true" splitShapeFileId="183"/>
    <tree treeType="LODGEPOLEPINE" position="-837.1080 31.5568 632.9267" rotation="0.0000 241.1221 0.0000" growthStateI="1" nextGrowthTargetHour="4263.526855" isGrowing="true" splitShapeFileId="184"/>
    <tree treeType="LODGEPOLEPINE" position="-837.3452 30.4646 642.8906" rotation="0.0000 285.6854 0.0000" growthStateI="1" nextGrowthTargetHour="4263.527344" isGrowing="true" splitShapeFileId="185"/>
    <tree treeType="LODGEPOLEPINE" position="-837.4866 29.7844 652.8975" rotation="0.0000 174.9025 0.0000" growthStateI="1" nextGrowthTargetHour="4263.527832" isGrowing="true" splitShapeFileId="186"/>
    <tree treeType="LODGEPOLEPINE" position="-837.6373 29.4063 662.9244" rotation="0.0000 324.8988 0.0000" growthStateI="1" nextGrowthTargetHour="4263.528809" isGrowing="true" splitShapeFileId="187"/>
    <tree treeType="LODGEPOLEPINE" position="-837.8389 29.1893 672.9598" rotation="0.0000 107.8060 0.0000" growthStateI="1" nextGrowthTargetHour="4263.529297" isGrowing="true" splitShapeFileId="188"/>
    <tree treeType="LODGEPOLEPINE" position="-838.0477 29.0017 682.9792" rotation="0.0000 44.7639 0.0000" growthStateI="1" nextGrowthTargetHour="4263.529785" isGrowing="true" splitShapeFileId="189"/>
    <tree treeType="LODGEPOLEPINE" position="-845.7510 26.8007 676.9686" rotation="0.0000 191.0612 0.0000" growthStateI="1" nextGrowthTargetHour="4263.531738" isGrowing="true" splitShapeFileId="190"/>
    <tree treeType="LODGEPOLEPINE" position="-844.7491 27.1921 667.0159" rotation="0.0000 5.7665 0.0000" growthStateI="1" nextGrowthTargetHour="4263.532227" isGrowing="true" splitShapeFileId="191"/>
    <tree treeType="LODGEPOLEPINE" position="-843.7807 27.6811 657.0724" rotation="0.0000 351.0962 0.0000" growthStateI="1" nextGrowthTargetHour="4263.533203" isGrowing="true" splitShapeFileId="192"/>
    <tree treeType="LODGEPOLEPINE" position="-843.0186 28.2945 647.0731" rotation="0.0000 314.5704 0.0000" growthStateI="1" nextGrowthTargetHour="4263.533691" isGrowing="true" splitShapeFileId="193"/>
    <tree treeType="LODGEPOLEPINE" position="-842.5806 29.2595 637.1153" rotation="0.0000 283.2376 0.0000" growthStateI="1" nextGrowthTargetHour="4263.534668" isGrowing="true" splitShapeFileId="194"/>
    <tree treeType="LODGEPOLEPINE" position="-842.4731 30.6434 627.1389" rotation="0.0000 211.4202 0.0000" growthStateI="1" nextGrowthTargetHour="4263.535156" isGrowing="true" splitShapeFileId="195"/>
    <tree treeType="LODGEPOLEPINE" position="-842.5150 32.0842 617.1861" rotation="0.0000 292.7939 0.0000" growthStateI="1" nextGrowthTargetHour="4263.535645" isGrowing="true" splitShapeFileId="196"/>
    <tree treeType="LODGEPOLEPINE" position="-815.7646 41.0641 620.6536" rotation="0.0000 194.6926 0.0000" growthStateI="1" nextGrowthTargetHour="4263.537598" isGrowing="true" splitShapeFileId="197"/>
    <tree treeType="LODGEPOLEPINE" position="-815.9308 39.6412 630.6109" rotation="0.0000 189.9745 0.0000" growthStateI="1" nextGrowthTargetHour="4263.538086" isGrowing="true" splitShapeFileId="198"/>
    <tree treeType="LODGEPOLEPINE" position="-816.1535 38.5130 640.5508" rotation="0.0000 324.7056 0.0000" growthStateI="1" nextGrowthTargetHour="4263.538574" isGrowing="true" splitShapeFileId="199"/>
    <tree treeType="LODGEPOLEPINE" position="-816.4348 37.5270 650.5237" rotation="0.0000 9.8257 0.0000" growthStateI="1" nextGrowthTargetHour="4263.539551" isGrowing="true" splitShapeFileId="200"/>
    <tree treeType="LODGEPOLEPINE" position="-816.7254 36.5801 660.4786" rotation="0.0000 94.1155 0.0000" growthStateI="1" nextGrowthTargetHour="4263.540039" isGrowing="true" splitShapeFileId="201"/>
    <tree treeType="LODGEPOLEPINE" position="-817.1098 35.8755 670.4927" rotation="0.0000 203.8146 0.0000" growthStateI="1" nextGrowthTargetHour="4263.540527" isGrowing="true" splitShapeFileId="202"/>
    <tree treeType="LODGEPOLEPINE" position="-817.5928 35.4646 680.5480" rotation="0.0000 84.3753 0.0000" growthStateI="1" nextGrowthTargetHour="4263.541504" isGrowing="true" splitShapeFileId="203"/>
    <tree treeType="LODGEPOLEPINE" position="-811.8448 37.6090 672.6498" rotation="0.0000 146.6196 0.0000" growthStateI="1" nextGrowthTargetHour="4263.543457" isGrowing="true" splitShapeFileId="204"/>
    <tree treeType="LODGEPOLEPINE" position="-811.3950 38.6369 662.6373" rotation="0.0000 13.7980 0.0000" growthStateI="1" nextGrowthTargetHour="4263.543945" isGrowing="true" splitShapeFileId="205"/>
    <tree treeType="LODGEPOLEPINE" position="-810.6639 40.1762 652.7813" rotation="0.0000 303.8193 0.0000" growthStateI="1" nextGrowthTargetHour="4263.544434" isGrowing="true" splitShapeFileId="206"/>
    <tree treeType="LODGEPOLEPINE" position="-809.7126 41.3061 642.8638" rotation="0.0000 82.4311 0.0000" growthStateI="1" nextGrowthTargetHour="4263.545410" isGrowing="true" splitShapeFileId="207"/>
    <tree treeType="LODGEPOLEPINE" position="-809.0021 42.7063 632.9802" rotation="0.0000 14.9443 0.0000" growthStateI="1" nextGrowthTargetHour="4263.545898" isGrowing="true" splitShapeFileId="208"/>
    <tree treeType="LODGEPOLEPINE" position="-808.1121 44.0220 623.0992" rotation="0.0000 58.5858 0.0000" growthStateI="1" nextGrowthTargetHour="4263.546387" isGrowing="true" splitShapeFileId="209"/>
    <tree treeType="LODGEPOLEPINE" position="-779.4337 58.1816 589.5176" rotation="0.0000 272.1915 0.0000" growthStateI="1" nextGrowthTargetHour="4263.548340" isGrowing="true" splitShapeFileId="210"/>
    <tree treeType="LODGEPOLEPINE" position="-769.9592 61.3811 589.1737" rotation="0.0000 139.8239 0.0000" growthStateI="1" nextGrowthTargetHour="4263.548828" isGrowing="true" splitShapeFileId="211"/>
    <tree treeType="LODGEPOLEPINE" position="-760.4604 64.5774 588.8476" rotation="0.0000 16.6698 0.0000" growthStateI="1" nextGrowthTargetHour="4263.549805" isGrowing="true" splitShapeFileId="212"/>
    <tree treeType="LODGEPOLEPINE" position="-750.7982 67.1563 588.3904" rotation="0.0000 286.8161 0.0000" growthStateI="1" nextGrowthTargetHour="4263.550293" isGrowing="true" splitShapeFileId="213"/>
    <tree treeType="LODGEPOLEPINE" position="-741.1322 69.7297 587.8010" rotation="0.0000 157.3376 0.0000" growthStateI="1" nextGrowthTargetHour="4263.550781" isGrowing="true" splitShapeFileId="214"/>
    <tree treeType="LODGEPOLEPINE" position="-731.2899 71.7542 586.9211" rotation="0.0000 10.3170 0.0000" growthStateI="1" nextGrowthTargetHour="4263.551758" isGrowing="true" splitShapeFileId="215"/>
    <tree treeType="LODGEPOLEPINE" position="-721.4552 73.6257 585.9672" rotation="0.0000 181.7539 0.0000" growthStateI="1" nextGrowthTargetHour="4263.552246" isGrowing="true" splitShapeFileId="216"/>
    <tree treeType="LODGEPOLEPINE" position="-712.9287 76.7032 576.1052" rotation="0.0000 90.9507 0.0000" growthStateI="1" nextGrowthTargetHour="4263.554199" isGrowing="true" splitShapeFileId="217"/>
    <tree treeType="LODGEPOLEPINE" position="-722.7642 74.9366 575.1445" rotation="0.0000 180.7399 0.0000" growthStateI="1" nextGrowthTargetHour="4263.554688" isGrowing="true" splitShapeFileId="218"/>
    <tree treeType="LODGEPOLEPINE" position="-732.6266 73.1430 574.7493" rotation="0.0000 325.1243 0.0000" growthStateI="1" nextGrowthTargetHour="4263.555176" isGrowing="true" splitShapeFileId="219"/>
    <tree treeType="LODGEPOLEPINE" position="-742.3923 70.9993 574.3572" rotation="0.0000 251.4403 0.0000" growthStateI="1" nextGrowthTargetHour="4263.556152" isGrowing="true" splitShapeFileId="220"/>
    <tree treeType="LODGEPOLEPINE" position="-751.9993 68.0202 574.1255" rotation="0.0000 129.6944 0.0000" growthStateI="1" nextGrowthTargetHour="4263.556641" isGrowing="true" splitShapeFileId="221"/>
    <tree treeType="LODGEPOLEPINE" position="-761.3912 64.5079 574.5020" rotation="0.0000 69.9927 0.0000" growthStateI="1" nextGrowthTargetHour="4263.557129" isGrowing="true" splitShapeFileId="222"/>
    <tree treeType="LODGEPOLEPINE" position="-770.6966 60.7954 574.8018" rotation="0.0000 67.3469 0.0000" growthStateI="1" nextGrowthTargetHour="4263.557617" isGrowing="true" splitShapeFileId="223"/>
    <tree treeType="LODGEPOLEPINE" position="-780.0480 57.2507 574.3646" rotation="0.0000 253.2296 0.0000" growthStateI="1" nextGrowthTargetHour="4263.558594" isGrowing="true" splitShapeFileId="224"/>
    <tree treeType="LODGEPOLEPINE" position="-777.1443 57.5826 564.4487" rotation="0.0000 321.3373 0.0000" growthStateI="1" nextGrowthTargetHour="4263.559570" isGrowing="true" splitShapeFileId="225"/>
    <tree treeType="LODGEPOLEPINE" position="-767.8187 60.8605 566.3275" rotation="0.0000 82.8623 0.0000" growthStateI="1" nextGrowthTargetHour="4263.560059" isGrowing="true" splitShapeFileId="226"/>
    <tree treeType="LODGEPOLEPINE" position="-758.6633 64.8786 567.1143" rotation="0.0000 240.8430 0.0000" growthStateI="1" nextGrowthTargetHour="4263.561035" isGrowing="true" splitShapeFileId="227"/>
    <tree treeType="LODGEPOLEPINE" position="-749.4691 68.9053 567.2032" rotation="0.0000 296.7466 0.0000" growthStateI="1" nextGrowthTargetHour="4263.561523" isGrowing="true" splitShapeFileId="228"/>
    <tree treeType="LODGEPOLEPINE" position="-739.8986 72.0478 567.1936" rotation="0.0000 324.1626 0.0000" growthStateI="1" nextGrowthTargetHour="4263.562012" isGrowing="true" splitShapeFileId="229"/>
    <tree treeType="LODGEPOLEPINE" position="-730.0516 74.1311 567.2799" rotation="0.0000 49.7090 0.0000" growthStateI="1" nextGrowthTargetHour="4263.562988" isGrowing="true" splitShapeFileId="230"/>
    <tree treeType="LODGEPOLEPINE" position="-720.1966 75.9517 567.7824" rotation="0.0000 175.3689 0.0000" growthStateI="1" nextGrowthTargetHour="4263.563477" isGrowing="true" splitShapeFileId="231"/>
    <tree treeType="LODGEPOLEPINE" position="-719.3190 75.1959 555.5222" rotation="0.0000 297.0125 0.0000" growthStateI="1" nextGrowthTargetHour="4263.564453" isGrowing="true" splitShapeFileId="232"/>
    <tree treeType="LODGEPOLEPINE" position="-728.9973 73.4513 557.3901" rotation="0.0000 221.2931 0.0000" growthStateI="1" nextGrowthTargetHour="4263.564941" isGrowing="true" splitShapeFileId="233"/>
    <tree treeType="LODGEPOLEPINE" position="-738.8021 71.6309 558.6584" rotation="0.0000 209.0518 0.0000" growthStateI="1" nextGrowthTargetHour="4263.565430" isGrowing="true" splitShapeFileId="234"/>
    <tree treeType="LODGEPOLEPINE" position="-748.2630 68.5007 559.8098" rotation="0.0000 294.9483 0.0000" growthStateI="1" nextGrowthTargetHour="4263.566406" isGrowing="true" splitShapeFileId="235"/>
    <tree treeType="LODGEPOLEPINE" position="-757.4467 64.6317 560.8358" rotation="0.0000 6.4633 0.0000" growthStateI="1" nextGrowthTargetHour="4263.566895" isGrowing="true" splitShapeFileId="236"/>
    <tree treeType="LODGEPOLEPINE" position="-766.6708 60.7875 561.4946" rotation="0.0000 119.3097 0.0000" growthStateI="1" nextGrowthTargetHour="4263.567383" isGrowing="true" splitShapeFileId="237"/>
    <tree treeType="LODGEPOLEPINE" position="-776.0893 57.4896 562.2926" rotation="0.0000 260.1391 0.0000" growthStateI="1" nextGrowthTargetHour="4263.567871" isGrowing="true" splitShapeFileId="238"/>
    <tree treeType="LODGEPOLEPINE" position="-777.3372 56.2487 549.3832" rotation="0.0000 139.4021 0.0000" growthStateI="1" nextGrowthTargetHour="4263.568848" isGrowing="true" splitShapeFileId="239"/>
    <tree treeType="LODGEPOLEPINE" position="-767.7458 59.2734 549.5936" rotation="0.0000 299.6705 0.0000" growthStateI="1" nextGrowthTargetHour="4263.569336" isGrowing="true" splitShapeFileId="240"/>
    <tree treeType="RAVAGED" position="-627.0000 89.3074 -606.0000" rotation="0.0000 18.5666 0.0000" growthStateI="1" isGrowing="false" splitShapeFileId="241"/>
    <tree treeType="RAVAGED" position="-628.9380 90.3066 -614.3060" rotation="0.0000 76.5876 0.0000" growthStateI="1" isGrowing="false" splitShapeFileId="242"/>
    <tree treeType="RAVAGED" position="-630.0000 87.3074 -598.0000" rotation="180.0000 -89.1516 180.0000" growthStateI="1" isGrowing="false" splitShapeFileId="243"/>
    <tree treeType="RAVAGED" position="-623.7940 89.4378 -613.3330" rotation="0.0000 -64.2430 0.0000" growthStateI="1" isGrowing="false" splitShapeFileId="244"/>
    <tree treeType="RAVAGED" position="-639.0000 90.1362 -608.0000" rotation="0.0000 -20.9020 0.0000" growthStateI="1" isGrowing="false" splitShapeFileId="245"/>
    <tree treeType="RAVAGED" position="-617.0000 88.5953 -600.0000" rotation="0.0000 30.8895 0.0000" growthStateI="1" isGrowing="false" splitShapeFileId="246"/>
    <tree treeType="RAVAGED" position="-623.0000 86.4047 -595.0000" rotation="180.0000 -11.9260 180.0000" growthStateI="1" isGrowing="false" splitShapeFileId="247"/>
    <tree treeType="RAVAGED" position="-607.0000 87.0895 -592.0000" rotation="0.0000 64.6034 0.0000" growthStateI="1" isGrowing="false" splitShapeFileId="248"/>
    <tree treeType="RAVAGED" position="-610.0000 88.4475 -598.0000" rotation="180.0000 24.9500 -180.0000" growthStateI="1" isGrowing="false" splitShapeFileId="249"/>
    <tree treeType="RAVAGED" position="-616.0000 86.4903 -591.0000" rotation="0.0000 -84.2570 0.0000" growthStateI="1" isGrowing="false" splitShapeFileId="250"/>
    <tree treeType="RAVAGED" position="-623.0000 92.7510 -573.0000" rotation="0.0000 -29.8760 0.0000" growthStateI="1" isGrowing="false" splitShapeFileId="251"/>
    <tree treeType="RAVAGED" position="-603.0000 86.5292 -586.0000" rotation="180.0000 -21.7260 180.0000" growthStateI="1" isGrowing="false" splitShapeFileId="252"/>
    <tree treeType="RAVAGED" position="-610.0000 87.6342 -585.0000" rotation="180.0000 -41.6750 180.0000" growthStateI="1" isGrowing="false" splitShapeFileId="253"/>
    <tree treeType="RAVAGED" position="-596.0000 85.0739 -579.0000" rotation="0.0000 39.2688 0.0000" growthStateI="1" isGrowing="false" splitShapeFileId="254"/>
    <tree treeType="RAVAGED" position="-569.0000 76.7198 -577.0000" rotation="180.0000 87.7555 -180.0000" growthStateI="1" isGrowing="false" splitShapeFileId="255"/>
    <tree treeType="RAVAGED" position="-565.0000 74.8395 -566.0000" rotation="180.0000 -19.6240 180.0000" growthStateI="1" isGrowing="false" splitShapeFileId="256"/>
    <tree treeType="RAVAGED" position="-560.0000 71.7664 -560.0000" rotation="0.0000 3.0847 0.0000" growthStateI="1" isGrowing="false" splitShapeFileId="257"/>
    <tree treeType="RAVAGED" position="-545.0000 65.9300 -561.0000" rotation="0.0000 38.7340 0.0000" growthStateI="1" isGrowing="false" splitShapeFileId="258"/>
    <tree treeType="RAVAGED" position="-560.0000 71.4202 -579.0000" rotation="180.0000 -8.1930 180.0000" growthStateI="1" isGrowing="false" splitShapeFileId="259"/>
    <tree treeType="RAVAGED" position="-559.0000 70.5136 -571.0000" rotation="0.0000 -42.8910 0.0000" growthStateI="1" isGrowing="false" splitShapeFileId="260"/>
    <tree treeType="RAVAGED" position="-558.0000 71.4061 -565.0000" rotation="180.0000 61.8850 -180.0000" growthStateI="1" isGrowing="false" splitShapeFileId="261"/>
    <tree treeType="RAVAGED" position="-554.0000 68.5253 -564.0000" rotation="0.0000 -80.5979 0.0000" growthStateI="1" isGrowing="false" splitShapeFileId="262"/>
    <tree treeType="RAVAGED" position="-550.0000 66.7510 -570.0000" rotation="0.0000 88.6035 0.0000" growthStateI="1" isGrowing="false" splitShapeFileId="263"/>
    <tree treeType="RAVAGED" position="-549.0000 67.8949 -554.0000" rotation="180.0000 -34.0130 180.0000" growthStateI="1" isGrowing="false" splitShapeFileId="264"/>
    <tree treeType="RAVAGED" position="-538.0000 65.8366 -551.0000" rotation="0.0000 50.0829 0.0000" growthStateI="1" isGrowing="false" splitShapeFileId="265"/>
    <tree treeType="RAVAGED" position="-537.0000 63.4358 -563.0000" rotation="180.0000 66.9960 -180.0000" growthStateI="1" isGrowing="false" splitShapeFileId="266"/>
    <tree treeType="RAVAGED" position="-543.0000 68.6226 -535.0000" rotation="0.0000 79.5113 0.0000" growthStateI="1" isGrowing="false" splitShapeFileId="267"/>
    <tree treeType="RAVAGED" position="-531.0000 64.7782 -548.0000" rotation="0.0000 6.2451 0.0000" growthStateI="1" isGrowing="false" splitShapeFileId="268"/>
    <tree treeType="RAVAGED" position="-528.0000 63.5525 -551.0000" rotation="180.0000 87.8921 -180.0000" growthStateI="1" isGrowing="false" splitShapeFileId="269"/>
    <tree treeType="RAVAGED" position="-519.0000 63.3930 -529.0000" rotation="0.0000 -19.1880 0.0000" growthStateI="1" isGrowing="false" splitShapeFileId="270"/>
    <tree treeType="RAVAGED" position="-518.0000 61.3735 -551.0000" rotation="180.0000 -51.0920 180.0000" growthStateI="1" isGrowing="false" splitShapeFileId="271"/>
    <tree treeType="RAVAGED" position="-523.0000 63.3696 -545.0000" rotation="0.0000 -83.7350 0.0000" growthStateI="1" isGrowing="false" splitShapeFileId="272"/>
    <tree treeType="RAVAGED" position="-520.0000 63.3580 -538.0000" rotation="0.0000 -39.2690 0.0000" growthStateI="1" isGrowing="false" splitShapeFileId="273"/>
    <tree treeType="RAVAGED" position="-507.0000 60.1751 -546.0000" rotation="0.0000 -44.7410 0.0000" growthStateI="1" isGrowing="false" splitShapeFileId="274"/>
    <tree treeType="RAVAGED" position="-514.0000 62.2646 -535.0000" rotation="180.0000 17.8730 -180.0000" growthStateI="1" isGrowing="false" splitShapeFileId="275"/>
    <tree treeType="RAVAGED" position="-490.0000 57.5253 -543.0000" rotation="180.0000 -45.5500 180.0000" growthStateI="1" isGrowing="false" splitShapeFileId="276"/>
    <tree treeType="RAVAGED" position="-506.0000 60.4825 -518.0000" rotation="0.0000 74.2609 0.0000" growthStateI="1" isGrowing="false" splitShapeFileId="277"/>
    <tree treeType="RAVAGED" position="-506.0000 60.7276 -537.0000" rotation="0.0000 63.9236 0.0000" growthStateI="1" isGrowing="false" splitShapeFileId="278"/>
    <tree treeType="RAVAGED" position="-490.0000 57.9805 -532.0000" rotation="0.0000 15.4786 0.0000" growthStateI="1" isGrowing="false" splitShapeFileId="279"/>
    <tree treeType="RAVAGED" position="-491.0000 57.7977 -521.0000" rotation="180.0000 -6.8360 180.0000" growthStateI="1" isGrowing="false" splitShapeFileId="280"/>
    <tree treeType="RAVAGED" position="-500.0000 59.5759 -541.0000" rotation="180.0000 79.7020 -180.0000" growthStateI="1" isGrowing="false" splitShapeFileId="281"/>
    <tree treeType="RAVAGED" position="-501.0000 59.9105 -532.0000" rotation="180.0000 39.9050 -180.0000" growthStateI="1" isGrowing="false" splitShapeFileId="282"/>
    <tree treeType="RAVAGED" position="-485.0000 56.2218 -515.0000" rotation="180.0000 75.3640 -180.0000" growthStateI="1" isGrowing="false" splitShapeFileId="283"/>
    <tree treeType="RAVAGED" position="-478.0000 55.6342 -526.0000" rotation="0.0000 -26.0610 0.0000" growthStateI="1" isGrowing="false" splitShapeFileId="284"/>
    <tree treeType="RAVAGED" position="-495.0000 58.7626 -526.0000" rotation="180.0000 -25.8750 180.0000" growthStateI="1" isGrowing="false" splitShapeFileId="285"/>
    <tree treeType="RAVAGED" position="-492.0000 57.2724 -512.0000" rotation="0.0000 51.5068 0.0000" growthStateI="1" isGrowing="false" splitShapeFileId="286"/>
    <tree treeType="RAVAGED" position="-478.0000 55.6770 -536.0000" rotation="0.0000 13.1313 0.0000" growthStateI="1" isGrowing="false" splitShapeFileId="287"/>
    <tree treeType="RAVAGED" position="-485.0000 56.9105 -526.0000" rotation="180.0000 -52.1500 180.0000" growthStateI="1" isGrowing="false" splitShapeFileId="288"/>
    <tree treeType="RAVAGED" position="-478.0000 53.9339 -505.0000" rotation="0.0000 -79.4540 0.0000" growthStateI="1" isGrowing="false" splitShapeFileId="289"/>
    <tree treeType="RAVAGED" position="-464.0000 52.4202 -512.0000" rotation="0.0000 58.9989 0.0000" growthStateI="1" isGrowing="false" splitShapeFileId="290"/>
    <tree treeType="RAVAGED" position="-460.0000 52.5331 -518.0000" rotation="0.0000 -52.5980 0.0000" growthStateI="1" isGrowing="false" splitShapeFileId="291"/>
    <tree treeType="RAVAGED" position="-457.0000 51.3891 -506.0000" rotation="0.0000 48.8930 0.0000" growthStateI="1" isGrowing="false" splitShapeFileId="292"/>
    <tree treeType="RAVAGED" position="-450.0000 51.2101 -501.0000" rotation="180.0000 -78.1630 180.0000" growthStateI="1" isGrowing="false" splitShapeFileId="293"/>
    <tree treeType="RAVAGED" position="-447.0000 51.4942 -504.0000" rotation="0.0000 81.1725 0.0000" growthStateI="1" isGrowing="false" splitShapeFileId="294"/>
    <tree treeType="RAVAGED" position="-444.0000 51.8016 -511.0000" rotation="0.0000 16.5838 0.0000" growthStateI="1" isGrowing="false" splitShapeFileId="295"/>
    <tree treeType="RAVAGED" position="-440.0000 51.0311 -501.0000" rotation="180.0000 18.1210 -180.0000" growthStateI="1" isGrowing="false" splitShapeFileId="296"/>
    <tree treeType="RAVAGED" position="-426.0000 47.7121 -491.0000" rotation="-0.0000 90.0000 0.0000" growthStateI="1" isGrowing="false" splitShapeFileId="297"/>
    <tree treeType="RAVAGED" position="-431.0000 49.9689 -505.0000" rotation="0.0000 -26.4080 0.0000" growthStateI="1" isGrowing="false" splitShapeFileId="298"/>
    <tree treeType="RAVAGED" position="-419.0000 47.4553 -497.0000" rotation="180.0000 -0.0670 180.0000" growthStateI="1" isGrowing="false" splitShapeFileId="299"/>
    <tree treeType="RAVAGED" position="-436.0000 49.4669 -493.0000" rotation="180.0000 45.5970 -180.0000" growthStateI="1" isGrowing="false" splitShapeFileId="300"/>
    <tree treeType="RAVAGED" position="-410.0000 45.6848 -495.0000" rotation="0.0000 -68.1490 0.0000" growthStateI="1" isGrowing="false" splitShapeFileId="301"/>
    <tree treeType="RAVAGED" position="-416.0000 45.6070 -485.0000" rotation="180.0000 78.0350 -180.0000" growthStateI="1" isGrowing="false" splitShapeFileId="302"/>
    <tree treeType="RAVAGED" position="-397.0000 42.2335 -489.0000" rotation="180.0000 -8.6270 180.0000" growthStateI="1" isGrowing="false" splitShapeFileId="303"/>
    <tree treeType="RAVAGED" position="-396.0000 43.5370 -510.0000" rotation="0.0000 -25.4280 0.0000" growthStateI="1" isGrowing="false" splitShapeFileId="304"/>
    <tree treeType="RAVAGED" position="-404.0000 42.8521 -482.0000" rotation="180.0000 -72.5430 180.0000" growthStateI="1" isGrowing="false" splitShapeFileId="305"/>
    <tree treeType="RAVAGED" position="-386.0000 41.5875 -479.0000" rotation="0.0000 -88.2289 0.0000" growthStateI="1" isGrowing="false" splitShapeFileId="306"/>
    <tree treeType="RAVAGED" position="-397.0000 41.7860 -475.0000" rotation="180.0000 -69.2620 180.0000" growthStateI="1" isGrowing="false" splitShapeFileId="307"/>
    <tree treeType="RAVAGED" position="-394.0000 41.8833 -481.0000" rotation="180.0000 -58.0560 180.0000" growthStateI="1" isGrowing="false" splitShapeFileId="308"/>
    <tree treeType="RAVAGED" position="-368.0000 40.1556 -475.0000" rotation="180.0000 -41.3850 180.0000" growthStateI="1" isGrowing="false" splitShapeFileId="309"/>
    <tree treeType="RAVAGED" position="-374.0000 37.8872 -451.0000" rotation="0.0000 -60.8000 0.0000" growthStateI="1" isGrowing="false" splitShapeFileId="310"/>
    <tree treeType="RAVAGED" position="-383.0000 40.6926 -468.0000" rotation="180.0000 77.5350 -180.0000" growthStateI="1" isGrowing="false" splitShapeFileId="311"/>
    <tree treeType="RAVAGED" position="-388.0000 40.9416 -468.0000" rotation="180.0000 48.9550 -180.0000" growthStateI="1" isGrowing="false" splitShapeFileId="312"/>
    <tree treeType="RAVAGED" position="-377.0000 40.9689 -476.0000" rotation="180.0000 -5.1090 180.0000" growthStateI="1" isGrowing="false" splitShapeFileId="313"/>
    <tree treeType="RAVAGED" position="-375.0000 40.1634 -469.0000" rotation="0.0000 -54.8230 0.0000" growthStateI="1" isGrowing="false" splitShapeFileId="314"/>
    <tree treeType="RAVAGED" position="-382.0000 38.6654 -452.0000" rotation="0.0000 37.2792 0.0000" growthStateI="1" isGrowing="false" splitShapeFileId="315"/>
    <tree treeType="RAVAGED" position="-364.0000 38.6342 -463.0000" rotation="0.0000 16.9874 0.0000" growthStateI="1" isGrowing="false" splitShapeFileId="316"/>
    <tree treeType="RAVAGED" position="-361.0000 34.6965 -438.0000" rotation="0.0000 -38.0580 0.0000" growthStateI="1" isGrowing="false" splitShapeFileId="317"/>
    <tree treeType="RAVAGED" position="-355.0000 37.5992 -462.0000" rotation="180.0000 85.6690 -180.0000" growthStateI="1" isGrowing="false" splitShapeFileId="318"/>
    <tree treeType="RAVAGED" position="-346.0000 35.8482 -456.0000" rotation="0.0000 -13.8630 0.0000" growthStateI="1" isGrowing="false" splitShapeFileId="319"/>
    <tree treeType="RAVAGED" position="-351.0000 33.2802 -435.0000" rotation="0.0000 -53.3380 0.0000" growthStateI="1" isGrowing="false" splitShapeFileId="320"/>
    <tree treeType="RAVAGED" position="-344.0000 34.9339 -450.0000" rotation="180.0000 -42.8860 180.0000" growthStateI="1" isGrowing="false" splitShapeFileId="321"/>
    <tree treeType="RAVAGED" position="-340.0000 34.5992 -451.0000" rotation="180.0000 -8.5390 180.0000" growthStateI="1" isGrowing="false" splitShapeFileId="322"/>
    <tree treeType="RAVAGED" position="-330.0000 33.2101 -451.0000" rotation="180.0000 36.5410 -180.0000" growthStateI="1" isGrowing="false" splitShapeFileId="323"/>
    <tree treeType="RAVAGED" position="-308.0000 30.3502 -440.0000" rotation="0.0000 10.2909 0.0000" growthStateI="1" isGrowing="false" splitShapeFileId="324"/>
    <tree treeType="RAVAGED" position="-322.0000 32.3813 -451.0000" rotation="0.0000 -48.1350 0.0000" growthStateI="1" isGrowing="false" splitShapeFileId="325"/>
    <tree treeType="RAVAGED" position="-326.0000 31.9027 -445.0000" rotation="0.0000 -55.0200 0.0000" growthStateI="1" isGrowing="false" splitShapeFileId="326"/>
    <tree treeType="RAVAGED" position="-316.0000 29.6226 -434.0000" rotation="0.0000 -3.0500 0.0000" growthStateI="1" isGrowing="false" splitShapeFileId="327"/>
    <tree treeType="RAVAGED" position="-316.0000 30.7393 -442.0000" rotation="180.0000 64.9540 -180.0000" growthStateI="1" isGrowing="false" splitShapeFileId="328"/>
    <tree treeType="RAVAGED" position="-307.0000 31.7938 -449.0000" rotation="0.0000 57.0946 0.0000" growthStateI="1" isGrowing="false" splitShapeFileId="329"/>
    <tree treeType="RAVAGED" position="-303.0000 28.8949 -433.0000" rotation="0.0000 -83.8469 0.0000" growthStateI="1" isGrowing="false" splitShapeFileId="330"/>
    <tree treeType="RAVAGED" position="-310.0000 28.8521 -430.0000" rotation="0.0000 -36.3890 0.0000" growthStateI="1" isGrowing="false" splitShapeFileId="331"/>
    <tree treeType="RAVAGED" position="-301.0000 30.0817 -440.0000" rotation="180.0000 -62.2140 180.0000" growthStateI="1" isGrowing="false" splitShapeFileId="332"/>
    <tree treeType="RAVAGED" position="-280.0000 28.9377 -439.0000" rotation="180.0000 -60.8130 180.0000" growthStateI="1" isGrowing="false" splitShapeFileId="333"/>
    <tree treeType="RAVAGED" position="-282.0000 27.3891 -428.0000" rotation="180.0000 -6.6270 180.0000" growthStateI="1" isGrowing="false" splitShapeFileId="334"/>
    <tree treeType="RAVAGED" position="-287.0000 27.2996 -426.0000" rotation="0.0000 -54.1980 0.0000" growthStateI="1" isGrowing="false" splitShapeFileId="335"/>
    <tree treeType="RAVAGED" position="-295.0000 27.7782 -428.0000" rotation="180.0000 -89.3636 180.0000" growthStateI="1" isGrowing="false" splitShapeFileId="336"/>
    <tree treeType="RAVAGED" position="-287.0000 28.2062 -434.0000" rotation="180.0000 22.8510 -180.0000" growthStateI="1" isGrowing="false" splitShapeFileId="337"/>
    <tree treeType="RAVAGED" position="-273.0000 26.9533 -421.0000" rotation="0.0000 9.9052 0.0000" growthStateI="1" isGrowing="false" splitShapeFileId="338"/>
    <tree treeType="RAVAGED" position="-265.0000 27.2218 -427.0000" rotation="180.0000 80.3988 -180.0000" growthStateI="1" isGrowing="false" splitShapeFileId="339"/>
    <tree treeType="RAVAGED" position="-275.0000 27.7510 -432.0000" rotation="0.0000 74.8048 0.0000" growthStateI="1" isGrowing="false" splitShapeFileId="340"/>
    <tree treeType="RAVAGED" position="-258.0000 25.7821 -402.0000" rotation="0.0000 68.7263 0.0000" growthStateI="1" isGrowing="false" splitShapeFileId="341"/>
    <tree treeType="RAVAGED" position="-260.0000 26.7004 -416.0000" rotation="0.0000 -59.8770 0.0000" growthStateI="1" isGrowing="false" splitShapeFileId="342"/>
    <tree treeType="RAVAGED" position="-255.0000 27.3619 -430.0000" rotation="180.0000 48.0680 -180.0000" growthStateI="1" isGrowing="false" splitShapeFileId="343"/>
    <tree treeType="RAVAGED" position="-251.0000 26.4591 -412.0000" rotation="180.0000 -16.3590 180.0000" growthStateI="1" isGrowing="false" splitShapeFileId="344"/>
    <tree treeType="RAVAGED" position="-253.0000 26.9494 -421.0000" rotation="180.0000 75.7570 -180.0000" growthStateI="1" isGrowing="false" splitShapeFileId="345"/>
    <tree treeType="RAVAGED" position="-244.0000 24.6965 -389.0000" rotation="180.0000 7.4580 -180.0000" growthStateI="1" isGrowing="false" splitShapeFileId="346"/>
    <tree treeType="RAVAGED" position="-241.0000 25.9416 -406.0000" rotation="180.0000 22.9870 -180.0000" growthStateI="1" isGrowing="false" splitShapeFileId="347"/>
    <tree treeType="RAVAGED" position="-250.0000 25.7276 -402.0000" rotation="0.0000 66.3596 0.0000" growthStateI="1" isGrowing="false" splitShapeFileId="348"/>
    <tree treeType="RAVAGED" position="-243.0000 25.2257 -396.0000" rotation="180.0000 7.2170 -180.0000" growthStateI="1" isGrowing="false" splitShapeFileId="349"/>
    <tree treeType="RAVAGED" position="-233.0000 26.6342 -414.0000" rotation="180.0000 -87.4899 180.0000" growthStateI="1" isGrowing="false" splitShapeFileId="350"/>
    <tree treeType="RAVAGED" position="-221.0000 26.1556 -402.0000" rotation="180.0000 -86.5530 180.0000" growthStateI="1" isGrowing="false" splitShapeFileId="351"/>
    <tree treeType="RAVAGED" position="-234.0000 25.8833 -404.0000" rotation="180.0000 -15.3160 180.0000" growthStateI="1" isGrowing="false" splitShapeFileId="352"/>
    <tree treeType="RAVAGED" position="-232.0000 25.4591 -397.0000" rotation="180.0000 -2.9920 180.0000" growthStateI="1" isGrowing="false" splitShapeFileId="353"/>
    <tree treeType="RAVAGED" position="-225.0000 25.3696 -393.0000" rotation="180.0000 13.4850 -180.0000" growthStateI="1" isGrowing="false" splitShapeFileId="354"/>
    <tree treeType="RAVAGED" position="-218.0000 25.7743 -395.0000" rotation="180.0000 -14.1920 180.0000" growthStateI="1" isGrowing="false" splitShapeFileId="355"/>
    <tree treeType="RAVAGED" position="-209.0000 25.0895 -381.0000" rotation="180.0000 -0.6920 180.0000" growthStateI="1" isGrowing="false" splitShapeFileId="356"/>
    <tree treeType="RAVAGED" position="-197.0000 26.5875 -393.0000" rotation="0.0000 18.3867 0.0000" growthStateI="1" isGrowing="false" splitShapeFileId="357"/>
    <tree treeType="RAVAGED" position="-200.0000 26.7665 -397.0000" rotation="180.0000 64.5820 -180.0000" growthStateI="1" isGrowing="false" splitShapeFileId="358"/>
    <tree treeType="RAVAGED" position="-199.0000 25.9222 -384.0000" rotation="180.0000 18.1140 -180.0000" growthStateI="1" isGrowing="false" splitShapeFileId="359"/>
</treePlant>
