<?xml version="1.0" encoding="utf-8" standalone="no" ?>
<modDesc descVersion="92">
    <title>
        <en>MultipleMissions</en>
		<de>MultipleMissions</de>
    </title>
    <description>
        <de><![CDATA[MultipleMissions]]></de>
		<en><![CDATA[MultipleMissions]]></en>
    </description>
    <author>HappyLooser</author>
	<version>0.2 Beta</version>
	<iconFilename>icon_mod.dds</iconFilename>
	<multiplayer supported="true"/>
	<extraSourceFiles>
        <sourceFile filename="MultipleMissions.lua" />
    </extraSourceFiles>
	<inputBindings>		
    </inputBindings>
	<l10n>		
    </l10n>	
</modDesc>
